93c993c993c993c993c993c993c993c993c993c993c993c993c993c993c993c9;[[-48, 0, 0], [-48, 1, 0]]
9bd99bd99bd99bd99bd99bd99bd99bd99bd99bd99bd99bd99bd99bd99bd99bd9;[[-48, 2, 0], [-48, 3, 0], [-48, 4, 0], [-48, 5, 0]]
dbdbdbdbdbdbdbdbdbdbdbdbdbdbdbdbdbdbdbdbdbdbdbdbdbdbdbdbdbdbdbdb;[[-48, 6, 0], [-48, 7, 0], [-48, 8, 0], [-48, 9, 0]]
4992499249924992499249924992499249924992499249924992499249924992;[[-48, 10, 0], [-48, 11, 0], [-48, 12, 0], [-48, 13, 0], [-48, 14, 0], [-48, 80, 0], [-48, 81, 0], [-48, 82, 0], [-48, 83, 0], [-48, 84, 0], [-48, 85, 0], [-48, 86, 0], [-48, 87, 0], [-48, 88, 0], [-48, 89, 0]]
6996699669966996699669966996699669966996699669966996699669966996;[[-48, 15, 0], [-48, 16, 0], [-48, 17, 0], [-48, 68, 0], [-48, 69, 0], [-48, 70, 0], [-48, 71, 0], [-48, 72, 0], [-48, 73, 0], [-48, 74, 0], [-48, 75, 0], [-48, 76, 0], [-48, 77, 0], [-48, 78, 0], [-48, 79, 0]]
2994299429942994299429942994299429942994299429942994299429942994;[[-48, 18, 0], [-48, 19, 0], [-48, 63, 0], [-48, 64, 0], [-48, 65, 0], [-48, 66, 0], [-48, 67, 0]]
adb5adb5adb5adb5adb5adb5adb5adb5adb5adb5adb5adb5adb5adb5adb5adb5;[[-48, 20, 0], [-48, 21, 0], [-48, 22, 0], [-48, 23, 0], [-48, 24, 0], [-48, 54, 0], [-48, 55, 0], [-48, 56, 0], [-48, 57, 0], [-48, 58, 0], [-48, 59, 0], [-48, 60, 0], [-48, 61, 0], [-48, 62, 0]]
a5a5a5a5a5a5a5a5a5a5a5a5a5a5a5a5a5a5a5a5a5a5a5a5a5a5a5a5a5a5a5a5;[[-48, 25, 0], [-48, 26, 0], [-48, 27, 0], [-48, 50, 0], [-48, 51, 0], [-48, 52, 0], [-48, 53, 0]]
b5adb5adb5adb5adb5adb5adb5adb5adb5adb5adb5adb5adb5adb5adb5adb5ad;[[-48, 28, 0], [-48, 29, 0], [-48, 48, 0], [-48, 49, 0]]
95a995a995a995a995a995a995a995a995a995a995a995a995a995a995a995a9;[[-48, 30, 0], [-48, 46, 0], [-48, 47, 0]]
d5abd5abd5abd5abd5abd5abd5abd5abd5abd5abd5abd5abd5abd5abd5abd5ab;[[-48, 31, 0], [-48, 45, 0]]
55aa55aa55aa55aa55aa55aa55aa55aa55aa55aa55aa55aa55aa55aa55aa55aa;[[-48, 32, 0], [-48, 33, 0], [-48, 34, 0], [-48, 35, 0], [-48, 36, 0], [-48, 37, 0], [-48, 38, 0], [-48, 39, 0], [-48, 40, 0], [-48, 41, 0], [-48, 42, 0], [-48, 43, 0], [-48, 44, 0]]
99cc99cc99cc99cc99cc99cc99cc99cc99cc99cc99cc99cc99cc99cc99cc99cc;[[-48, 0, 52], [-48, 1, 52]]
d9cdd9cdd9cdd9cdd9cdd9cdd9cdd9cdd9cdd9cdd9cdd9cdd9cdd9cdd9cdd9cd;[[-48, 2, 52], [-48, 3, 52]]
d9c9d9c9d9c9d9c9d9c9d9c9d9c9d9c9d9c9d9c9d9c9d9c9d9c9d9c9d9c9d9c9;[[-48, 4, 52]]
c9c9c9c9c9c9c9c9c9c9c9c9c9c9c9c9c9c9c9c9c9c9c9c9c9c9c9c9c9c9c9c9;[[-48, 5, 52], [-48, 6, 52]]
49c949c949c949c949c949c949c949c949c949c949c949c949c949c949c949c9;[[-48, 7, 52], [-48, 8, 52]]
49db49db49db49db49db49db49db49db49db49db49db49db49db49db49db49db;[[-48, 9, 52]]
69db69db69db69db69db69db69db69db69db69db69db69db69db69db69db69db;[[-48, 10, 52]]
6ddb6ddb6ddb6ddb6ddb6ddb6ddb6ddb6ddb6ddb6ddb6ddb6ddb6ddb6ddb6ddb;[[-48, 11, 52], [-48, 12, 52]]
6dda6dda6dda6dda6dda6dda6dda6dda6dda6dda6dda6dda6dda6dda6dda6dda;[[-48, 13, 52]]
2dda2dda2dda2dda2dda2dda2dda2dda2dda2dda2dda2dda2dda2dda2dda2dda;[[-48, 14, 52]]
2dd22dd22dd22dd22dd22dd22dd22dd22dd22dd22dd22dd22dd22dd22dd22dd2;[[-48, 15, 52], [-48, 16, 52]]
add2add2add2add2add2add2add2add2add2add2add2add2add2add2add2add2;[[-48, 17, 52]]
a5d2a5d2a5d2a5d2a5d2a5d2a5d2a5d2a5d2a5d2a5d2a5d2a5d2a5d2a5d2a5d2;[[-48, 18, 52]]
a5d6a5d6a5d6a5d6a5d6a5d6a5d6a5d6a5d6a5d6a5d6a5d6a5d6a5d6a5d6a5d6;[[-48, 19, 52], [-48, 20, 52], [-48, 21, 52]]
b5d4b5d4b5d4b5d4b5d4b5d4b5d4b5d4b5d4b5d4b5d4b5d4b5d4b5d4b5d4b5d4;[[-48, 22, 52], [-48, 23, 52]]
b5d5b5d5b5d5b5d5b5d5b5d5b5d5b5d5b5d5b5d5b5d5b5d5b5d5b5d5b5d5b5d5;[[-48, 24, 52]]
9595959595959595959595959595959595959595959595959595959595959595;[[-48, 25, 52], [-48, 26, 52]]
d595d595d595d595d595d595d595d595d595d595d595d595d595d595d595d595;[[-48, 27, 52], [-48, 28, 52]]
5595559555955595559555955595559555955595559555955595559555955595;[[-48, 29, 52]]
55b555b555b555b555b555b555b555b555b555b555b555b555b555b555b555b5;[[-48, 30, 52], [-48, 31, 52], [-48, 32, 52]]
55a555a555a555a555a555a555a555a555a555a555a555a555a555a555a555a5;[[-48, 33, 52]]
55ad55ad55ad55ad55ad55ad55ad55ad55ad55ad55ad55ad55ad55ad55ad55ad;[[-48, 34, 52]]
55ab55ab55ab55ab55ab55ab55ab55ab55ab55ab55ab55ab55ab55ab55ab55ab;[[-48, 35, 52]]
55aa55aa55aa55aa55aa55aa55aa55aa55aa55aa55aa55aa55aa55aa55aa55aa;[[-48, 36, 52], [-48, 37, 52], [-48, 38, 52], [-48, 39, 52], [-48, 40, 52]]
d5aad5aad5aad5aad5aad5aad5aad5aad5aad5aad5aad5aad5aad5aad5aad5aa;[[-48, 41, 52]]
b5aab5aab5aab5aab5aab5aab5aab5aab5aab5aab5aab5aab5aab5aab5aab5aa;[[-48, 42, 52]]
a5aaa5aaa5aaa5aaa5aaa5aaa5aaa5aaa5aaa5aaa5aaa5aaa5aaa5aaa5aaa5aa;[[-48, 43, 52]]
adaaadaaadaaadaaadaaadaaadaaadaaadaaadaaadaaadaaadaaadaaadaaadaa;[[-48, 44, 52], [-48, 45, 52], [-48, 46, 52]]
a9aaa9aaa9aaa9aaa9aaa9aaa9aaa9aaa9aaa9aaa9aaa9aaa9aaa9aaa9aaa9aa;[[-48, 47, 52], [-48, 48, 52], [-48, 49, 52]]
a9aba9aba9aba9aba9aba9aba9aba9aba9aba9aba9aba9aba9aba9aba9aba9ab;[[-48, 50, 52]]
a9a9a9a9a9a9a9a9a9a9a9a9a9a9a9a9a9a9a9a9a9a9a9a9a9a9a9a9a9a9a9a9;[[-48, 51, 52], [-48, 52, 52], [-48, 53, 52]]
abadabadabadabadabadabadabadabadabadabadabadabadabadabadabadabad;[[-48, 54, 52], [-48, 55, 52], [-48, 56, 52]]
2bad2bad2bad2bad2bad2bad2bad2bad2bad2bad2bad2bad2bad2bad2bad2bad;[[-48, 57, 52], [-48, 58, 52]]
2ba52ba52ba52ba52ba52ba52ba52ba52ba52ba52ba52ba52ba52ba52ba52ba5;[[-48, 59, 52]]
6ba56ba56ba56ba56ba56ba56ba56ba56ba56ba56ba56ba56ba56ba56ba56ba5;[[-48, 60, 52], [-48, 61, 52], [-48, 62, 52], [-48, 63, 52], [-48, 64, 52], [-48, 65, 52]]
4ba54ba54ba54ba54ba54ba54ba54ba54ba54ba54ba54ba54ba54ba54ba54ba5;[[-48, 66, 52]]
4bb54bb54bb54bb54bb54bb54bb54bb54bb54bb54bb54bb54bb54bb54bb54bb5;[[-48, 67, 52], [-48, 68, 52], [-48, 69, 52]]
4bb44bb44bb44bb44bb44bb44bb44bb44bb44bb44bb44bb44bb44bb44bb44bb4;[[-48, 70, 52], [-48, 71, 52], [-48, 72, 52], [-48, 73, 52], [-48, 74, 52], [-48, 75, 52], [-48, 76, 52], [-48, 77, 52]]
5bb45bb45bb45bb45bb45bb45bb45bb45bb45bb45bb45bb45bb45bb45bb45bb4;[[-48, 78, 52], [-48, 79, 52], [-48, 80, 52]]
5bb65bb65bb65bb65bb65bb65bb65bb65bb65bb65bb65bb65bb65bb65bb65bb6;[[-48, 81, 52], [-48, 82, 52], [-48, 83, 52], [-48, 84, 52], [-48, 85, 52], [-48, 86, 52], [-48, 87, 52], [-48, 88, 52], [-48, 89, 52]]
c9e6c9e6c9e6c9e6c9e6c9e6c9e6c9e6c9e6c9e6c9e6c9e6c9e6c9e6c9e6c9e6;[[-48, 0, 104]]
c9e4c9e4c9e4c9e4c9e4c9e4c9e4c9e4c9e4c9e4c9e4c9e4c9e4c9e4c9e4c9e4;[[-48, 1, 104]]
cdeccdeccdeccdeccdeccdeccdeccdeccdeccdeccdeccdeccdeccdeccdeccdec;[[-48, 2, 104], [-48, 3, 104]]
4dec4dec4dec4dec4dec4dec4dec4dec4dec4dec4dec4dec4dec4dec4dec4dec;[[-48, 4, 104]]
4ded4ded4ded4ded4ded4ded4ded4ded4ded4ded4ded4ded4ded4ded4ded4ded;[[-48, 5, 104]]
6ded6ded6ded6ded6ded6ded6ded6ded6ded6ded6ded6ded6ded6ded6ded6ded;[[-48, 6, 104]]
6dcd6dcd6dcd6dcd6dcd6dcd6dcd6dcd6dcd6dcd6dcd6dcd6dcd6dcd6dcd6dcd;[[-48, 7, 104]]
6dc96dc96dc96dc96dc96dc96dc96dc96dc96dc96dc96dc96dc96dc96dc96dc9;[[-48, 8, 104], [-48, 9, 104], [-48, 10, 104]]
2dc92dc92dc92dc92dc92dc92dc92dc92dc92dc92dc92dc92dc92dc92dc92dc9;[[-48, 11, 104]]
25c925c925c925c925c925c925c925c925c925c925c925c925c925c925c925c9;[[-48, 12, 104]]
25cb25cb25cb25cb25cb25cb25cb25cb25cb25cb25cb25cb25cb25cb25cb25cb;[[-48, 13, 104]]
a5cba5cba5cba5cba5cba5cba5cba5cba5cba5cba5cba5cba5cba5cba5cba5cb;[[-48, 14, 104]]
a5dba5dba5dba5dba5dba5dba5dba5dba5dba5dba5dba5dba5dba5dba5dba5db;[[-48, 15, 104]]
a5daa5daa5daa5daa5daa5daa5daa5daa5daa5daa5daa5daa5daa5daa5daa5da;[[-48, 16, 104]]
b5dab5dab5dab5dab5dab5dab5dab5dab5dab5dab5dab5dab5dab5dab5dab5da;[[-48, 17, 104], [-48, 18, 104], [-48, 19, 104]]
b5d2b5d2b5d2b5d2b5d2b5d2b5d2b5d2b5d2b5d2b5d2b5d2b5d2b5d2b5d2b5d2;[[-48, 20, 104]]
95d295d295d295d295d295d295d295d295d295d295d295d295d295d295d295d2;[[-48, 21, 104], [-48, 22, 104]]
d5d6d5d6d5d6d5d6d5d6d5d6d5d6d5d6d5d6d5d6d5d6d5d6d5d6d5d6d5d6d5d6;[[-48, 23, 104]]
d4d6d4d6d4d6d4d6d4d6d4d6d4d6d4d6d4d6d4d6d4d6d4d6d4d6d4d6d4d6d4d6;[[-48, 24, 104]]
54d454d454d454d454d454d454d454d454d454d454d454d454d454d454d454d4;[[-48, 25, 104], [-48, 26, 104]]
54d554d554d554d554d554d554d554d554d554d554d554d554d554d554d554d5;[[-48, 27, 104], [-48, 28, 104], [-48, 29, 104], [-48, 30, 104], [-48, 31, 104], [-48, 32, 104]]
56d556d556d556d556d556d556d556d556d556d556d556d556d556d556d556d5;[[-48, 33, 104], [-48, 34, 104]]
52d552d552d552d552d552d552d552d552d552d552d552d552d552d552d552d5;[[-48, 35, 104]]
5ad55ad55ad55ad55ad55ad55ad55ad55ad55ad55ad55ad55ad55ad55ad55ad5;[[-48, 36, 104]]
aad5aad5aad5aad5aad5aad5aad5aad5aad5aad5aad5aad5aad5aad5aad5aad5;[[-48, 37, 104], [-48, 38, 104]]
aad6aad6aad6aad6aad6aad6aad6aad6aad6aad6aad6aad6aad6aad6aad6aad6;[[-48, 39, 104]]
aacaaacaaacaaacaaacaaacaaacaaacaaacaaacaaacaaacaaacaaacaaacaaaca;[[-48, 40, 104]]
aaeaaaeaaaeaaaeaaaeaaaeaaaeaaaeaaaeaaaeaaaeaaaeaaaeaaaeaaaeaaaea;[[-48, 41, 104], [-48, 42, 104], [-48, 43, 104]]
aaaaaaaaaaaaaaaaaaaaaaaaaaaaaaaaaaaaaaaaaaaaaaaaaaaaaaaaaaaaaaaa;[[-48, 44, 104], [-48, 45, 104], [-48, 46, 104], [-48, 47, 104], [-48, 48, 104], [-48, 49, 104], [-48, 50, 104], [-48, 51, 104]]
2aaa2aaa2aaa2aaa2aaa2aaa2aaa2aaa2aaa2aaa2aaa2aaa2aaa2aaa2aaa2aaa;[[-48, 52, 104], [-48, 53, 104]]
6aab6aab6aab6aab6aab6aab6aab6aab6aab6aab6aab6aab6aab6aab6aab6aab;[[-48, 54, 104], [-48, 55, 104], [-48, 56, 104]]
6aa96aa96aa96aa96aa96aa96aa96aa96aa96aa96aa96aa96aa96aa96aa96aa9;[[-48, 57, 104]]
4aa94aa94aa94aa94aa94aa94aa94aa94aa94aa94aa94aa94aa94aa94aa94aa9;[[-48, 58, 104], [-48, 59, 104], [-48, 60, 104], [-48, 61, 104]]
4aad4aad4aad4aad4aad4aad4aad4aad4aad4aad4aad4aad4aad4aad4aad4aad;[[-48, 62, 104]]
5aad5aad5aad5aad5aad5aad5aad5aad5aad5aad5aad5aad5aad5aad5aad5aad;[[-48, 63, 104], [-48, 64, 104], [-48, 65, 104], [-48, 66, 104], [-48, 67, 104], [-48, 68, 104], [-48, 69, 104]]
5aa55aa55aa55aa55aa55aa55aa55aa55aa55aa55aa55aa55aa55aa55aa55aa5;[[-48, 70, 104], [-48, 71, 104], [-48, 72, 104], [-48, 73, 104]]
daa5daa5daa5daa5daa5daa5daa5daa5daa5daa5daa5daa5daa5daa5daa5daa5;[[-48, 74, 104], [-48, 75, 104]]
d2a5d2a5d2a5d2a5d2a5d2a5d2a5d2a5d2a5d2a5d2a5d2a5d2a5d2a5d2a5d2a5;[[-48, 76, 104], [-48, 77, 104], [-48, 78, 104], [-48, 79, 104], [-48, 80, 104]]
d2a4d2a4d2a4d2a4d2a4d2a4d2a4d2a4d2a4d2a4d2a4d2a4d2a4d2a4d2a4d2a4;[[-48, 81, 104], [-48, 82, 104], [-48, 83, 104], [-48, 84, 104], [-48, 85, 104], [-48, 86, 104], [-48, 87, 104], [-48, 88, 104], [-48, 89, 104]]
cce6cce6cce6cce6cce6cce6cce6cce6cce6cce6cce6cce6cce6cce6cce6cce6;[[-48, 0, 156]]
4ce64ce64ce64ce64ce64ce64ce64ce64ce64ce64ce64ce64ce64ce64ce64ce6;[[-48, 1, 156]]
6ce66ce66ce66ce66ce66ce66ce66ce66ce66ce66ce66ce66ce66ce66ce66ce6;[[-48, 2, 156], [-48, 3, 156]]
6ce46ce46ce46ce46ce46ce46ce46ce46ce46ce46ce46ce46ce46ce46ce46ce4;[[-48, 4, 156]]
64e464e464e464e464e464e464e464e464e464e464e464e464e464e464e464e4;[[-48, 5, 156], [-48, 6, 156]]
24ec24ec24ec24ec24ec24ec24ec24ec24ec24ec24ec24ec24ec24ec24ec24ec;[[-48, 7, 156]]
24ed24ed24ed24ed24ed24ed24ed24ed24ed24ed24ed24ed24ed24ed24ed24ed;[[-48, 8, 156], [-48, 9, 156], [-48, 10, 156]]
a4eda4eda4eda4eda4eda4eda4eda4eda4eda4eda4eda4eda4eda4eda4eda4ed;[[-48, 11, 156]]
b4edb4edb4edb4edb4edb4edb4edb4edb4edb4edb4edb4edb4edb4edb4edb4ed;[[-48, 12, 156]]
b4e9b4e9b4e9b4e9b4e9b4e9b4e9b4e9b4e9b4e9b4e9b4e9b4e9b4e9b4e9b4e9;[[-48, 13, 156], [-48, 14, 156], [-48, 15, 156]]
94cb94cb94cb94cb94cb94cb94cb94cb94cb94cb94cb94cb94cb94cb94cb94cb;[[-48, 16, 156]]
96cb96cb96cb96cb96cb96cb96cb96cb96cb96cb96cb96cb96cb96cb96cb96cb;[[-48, 17, 156], [-48, 18, 156]]
96ca96ca96ca96ca96ca96ca96ca96ca96ca96ca96ca96ca96ca96ca96ca96ca;[[-48, 19, 156]]
d6cad6cad6cad6cad6cad6cad6cad6cad6cad6cad6cad6cad6cad6cad6cad6ca;[[-48, 20, 156], [-48, 21, 156]]
56da56da56da56da56da56da56da56da56da56da56da56da56da56da56da56da;[[-48, 22, 156], [-48, 23, 156], [-48, 24, 156]]
52d252d252d252d252d252d252d252d252d252d252d252d252d252d252d252d2;[[-48, 25, 156], [-48, 26, 156], [-48, 27, 156]]
52d652d652d652d652d652d652d652d652d652d652d652d652d652d652d652d6;[[-48, 28, 156]]
5ad45ad45ad45ad45ad45ad45ad45ad45ad45ad45ad45ad45ad45ad45ad45ad4;[[-48, 29, 156]]
5ad55ad55ad55ad55ad55ad55ad55ad55ad55ad55ad55ad55ad55ad55ad55ad5;[[-48, 30, 156]]
4ad54ad54ad54ad54ad54ad54ad54ad54ad54ad54ad54ad54ad54ad54ad54ad5;[[-48, 31, 156]]
6ad56ad56ad56ad56ad56ad56ad56ad56ad56ad56ad56ad56ad56ad56ad56ad5;[[-48, 32, 156]]
2ad52ad52ad52ad52ad52ad52ad52ad52ad52ad52ad52ad52ad52ad52ad52ad5;[[-48, 33, 156]]
aad5aad5aad5aad5aad5aad5aad5aad5aad5aad5aad5aad5aad5aad5aad5aad5;[[-48, 34, 156], [-48, 35, 156], [-48, 36, 156], [-48, 37, 156], [-48, 38, 156], [-48, 39, 156], [-48, 40, 156], [-48, 41, 156], [-48, 42, 156]]
aad4aad4aad4aad4aad4aad4aad4aad4aad4aad4aad4aad4aad4aad4aad4aad4;[[-48, 43, 156]]
aad6aad6aad6aad6aad6aad6aad6aad6aad6aad6aad6aad6aad6aad6aad6aad6;[[-48, 44, 156]]
aad2aad2aad2aad2aad2aad2aad2aad2aad2aad2aad2aad2aad2aad2aad2aad2;[[-48, 45, 156], [-48, 46, 156]]
2ada2ada2ada2ada2ada2ada2ada2ada2ada2ada2ada2ada2ada2ada2ada2ada;[[-48, 47, 156], [-48, 48, 156]]
6aca6aca6aca6aca6aca6aca6aca6aca6aca6aca6aca6aca6aca6aca6aca6aca;[[-48, 49, 156], [-48, 50, 156]]
4aca4aca4aca4aca4aca4aca4aca4aca4aca4aca4aca4aca4aca4aca4aca4aca;[[-48, 51, 156], [-48, 52, 156], [-48, 53, 156]]
5aca5aca5aca5aca5aca5aca5aca5aca5aca5aca5aca5aca5aca5aca5aca5aca;[[-48, 54, 156]]
5aea5aea5aea5aea5aea5aea5aea5aea5aea5aea5aea5aea5aea5aea5aea5aea;[[-48, 55, 156], [-48, 56, 156], [-48, 57, 156], [-48, 58, 156], [-48, 59, 156]]
52eb52eb52eb52eb52eb52eb52eb52eb52eb52eb52eb52eb52eb52eb52eb52eb;[[-48, 60, 156], [-48, 61, 156], [-48, 62, 156], [-48, 63, 156]]
52e952e952e952e952e952e952e952e952e952e952e952e952e952e952e952e9;[[-48, 64, 156], [-48, 65, 156]]
d2e9d2e9d2e9d2e9d2e9d2e9d2e9d2e9d2e9d2e9d2e9d2e9d2e9d2e9d2e9d2e9;[[-48, 66, 156], [-48, 67, 156], [-48, 68, 156], [-48, 69, 156], [-48, 70, 156]]
d2a9d2a9d2a9d2a9d2a9d2a9d2a9d2a9d2a9d2a9d2a9d2a9d2a9d2a9d2a9d2a9;[[-48, 71, 156]]
d2add2add2add2add2add2add2add2add2add2add2add2add2add2add2add2ad;[[-48, 72, 156]]
96ad96ad96ad96ad96ad96ad96ad96ad96ad96ad96ad96ad96ad96ad96ad96ad;[[-48, 73, 156], [-48, 74, 156], [-48, 75, 156], [-48, 76, 156], [-48, 77, 156], [-48, 78, 156], [-48, 79, 156], [-48, 80, 156], [-48, 81, 156], [-48, 82, 156], [-48, 83, 156], [-48, 84, 156], [-48, 85, 156], [-48, 86, 156], [-48, 87, 156], [-48, 88, 156], [-48, 89, 156]]
64f364f364f364f364f364f364f364f364f364f364f364f364f364f364f364f3;[[-48, 0, 208]]
64f264f264f264f264f264f264f264f264f264f264f264f264f264f264f264f2;[[-48, 1, 208]]
66f666f666f666f666f666f666f666f666f666f666f666f666f666f666f666f6;[[-48, 2, 208], [-48, 3, 208]]
26f626f626f626f626f626f626f626f626f626f626f626f626f626f626f626f6;[[-48, 4, 208], [-48, 5, 208]]
26e626e626e626e626e626e626e626e626e626e626e626e626e626e626e626e6;[[-48, 6, 208]]
36e636e636e636e636e636e636e636e636e636e636e636e636e636e636e636e6;[[-48, 7, 208]]
b6e4b6e4b6e4b6e4b6e4b6e4b6e4b6e4b6e4b6e4b6e4b6e4b6e4b6e4b6e4b6e4;[[-48, 8, 208], [-48, 9, 208], [-48, 10, 208]]
b6e5b6e5b6e5b6e5b6e5b6e5b6e5b6e5b6e5b6e5b6e5b6e5b6e5b6e5b6e5b6e5;[[-48, 11, 208]]
96ed96ed96ed96ed96ed96ed96ed96ed96ed96ed96ed96ed96ed96ed96ed96ed;[[-48, 12, 208], [-48, 13, 208], [-48, 14, 208]]
92ed92ed92ed92ed92ed92ed92ed92ed92ed92ed92ed92ed92ed92ed92ed92ed;[[-48, 15, 208]]
d2edd2edd2edd2edd2edd2edd2edd2edd2edd2edd2edd2edd2edd2edd2edd2ed;[[-48, 16, 208]]
d2e9d2e9d2e9d2e9d2e9d2e9d2e9d2e9d2e9d2e9d2e9d2e9d2e9d2e9d2e9d2e9;[[-48, 17, 208], [-48, 18, 208]]
52e952e952e952e952e952e952e952e952e952e952e952e952e952e952e952e9;[[-48, 19, 208]]
52eb52eb52eb52eb52eb52eb52eb52eb52eb52eb52eb52eb52eb52eb52eb52eb;[[-48, 20, 208]]
5aeb5aeb5aeb5aeb5aeb5aeb5aeb5aeb5aeb5aeb5aeb5aeb5aeb5aeb5aeb5aeb;[[-48, 21, 208]]
5aea5aea5aea5aea5aea5aea5aea5aea5aea5aea5aea5aea5aea5aea5aea5aea;[[-48, 22, 208], [-48, 23, 208], [-48, 24, 208]]
4aea4aea4aea4aea4aea4aea4aea4aea4aea4aea4aea4aea4aea4aea4aea4aea;[[-48, 25, 208]]
4aca4aca4aca4aca4aca4aca4aca4aca4aca4aca4aca4aca4aca4aca4aca4aca;[[-48, 26, 208]]
6aca6aca6aca6aca6aca6aca6aca6aca6aca6aca6aca6aca6aca6aca6aca6aca;[[-48, 27, 208], [-48, 28, 208]]
2ada2ada2ada2ada2ada2ada2ada2ada2ada2ada2ada2ada2ada2ada2ada2ada;[[-48, 29, 208]]
aadaaadaaadaaadaaadaaadaaadaaadaaadaaadaaadaaadaaadaaadaaadaaada;[[-48, 30, 208]]
aad2aad2aad2aad2aad2aad2aad2aad2aad2aad2aad2aad2aad2aad2aad2aad2;[[-48, 31, 208]]
aad6aad6aad6aad6aad6aad6aad6aad6aad6aad6aad6aad6aad6aad6aad6aad6;[[-48, 32, 208]]
aad4aad4aad4aad4aad4aad4aad4aad4aad4aad4aad4aad4aad4aad4aad4aad4;[[-48, 33, 208]]
aad5aad5aad5aad5aad5aad5aad5aad5aad5aad5aad5aad5aad5aad5aad5aad5;[[-48, 34, 208], [-48, 35, 208], [-48, 36, 208], [-48, 37, 208], [-48, 38, 208], [-48, 39, 208], [-48, 40, 208], [-48, 41, 208], [-48, 42, 208]]
2ad52ad52ad52ad52ad52ad52ad52ad52ad52ad52ad52ad52ad52ad52ad52ad5;[[-48, 43, 208]]
6ad56ad56ad56ad56ad56ad56ad56ad56ad56ad56ad56ad56ad56ad56ad56ad5;[[-48, 44, 208]]
4ad54ad54ad54ad54ad54ad54ad54ad54ad54ad54ad54ad54ad54ad54ad54ad5;[[-48, 45, 208]]
5ad55ad55ad55ad55ad55ad55ad55ad55ad55ad55ad55ad55ad55ad55ad55ad5;[[-48, 46, 208]]
5ad45ad45ad45ad45ad45ad45ad45ad45ad45ad45ad45ad45ad45ad45ad45ad4;[[-48, 47, 208], [-48, 48, 208]]
52d652d652d652d652d652d652d652d652d652d652d652d652d652d652d652d6;[[-48, 49, 208], [-48, 50, 208]]
52d252d252d252d252d252d252d252d252d252d252d252d252d252d252d252d2;[[-48, 51, 208], [-48, 52, 208], [-48, 53, 208]]
56d256d256d256d256d256d256d256d256d256d256d256d256d256d256d256d2;[[-48, 54, 208]]
56da56da56da56da56da56da56da56da56da56da56da56da56da56da56da56da;[[-48, 55, 208], [-48, 56, 208], [-48, 57, 208], [-48, 58, 208]]
d6dad6dad6dad6dad6dad6dad6dad6dad6dad6dad6dad6dad6dad6dad6dad6da;[[-48, 59, 208]]
d6cad6cad6cad6cad6cad6cad6cad6cad6cad6cad6cad6cad6cad6cad6cad6ca;[[-48, 60, 208], [-48, 61, 208], [-48, 62, 208], [-48, 63, 208]]
96ca96ca96ca96ca96ca96ca96ca96ca96ca96ca96ca96ca96ca96ca96ca96ca;[[-48, 64, 208], [-48, 65, 208]]
96cb96cb96cb96cb96cb96cb96cb96cb96cb96cb96cb96cb96cb96cb96cb96cb;[[-48, 66, 208], [-48, 67, 208]]
94cb94cb94cb94cb94cb94cb94cb94cb94cb94cb94cb94cb94cb94cb94cb94cb;[[-48, 68, 208], [-48, 69, 208], [-48, 70, 208]]
b4cbb4cbb4cbb4cbb4cbb4cbb4cbb4cbb4cbb4cbb4cbb4cbb4cbb4cbb4cbb4cb;[[-48, 71, 208], [-48, 72, 208], [-48, 73, 208]]
b4c9b4c9b4c9b4c9b4c9b4c9b4c9b4c9b4c9b4c9b4c9b4c9b4c9b4c9b4c9b4c9;[[-48, 74, 208], [-48, 75, 208]]
b4e9b4e9b4e9b4e9b4e9b4e9b4e9b4e9b4e9b4e9b4e9b4e9b4e9b4e9b4e9b4e9;[[-48, 76, 208], [-48, 77, 208], [-48, 78, 208], [-48, 79, 208], [-48, 80, 208], [-48, 81, 208], [-48, 82, 208], [-48, 83, 208], [-48, 84, 208], [-48, 85, 208], [-48, 86, 208], [-48, 87, 208], [-48, 88, 208], [-48, 89, 208]]
2673267326732673267326732673267326732673267326732673267326732673;[[-48, 0, 260], [-48, 1, 260]]
3673367336733673367336733673367336733673367336733673367336733673;[[-48, 2, 260], [-48, 3, 260]]
3672367236723672367236723672367236723672367236723672367236723672;[[-48, 4, 260]]
b672b672b672b672b672b672b672b672b672b672b672b672b672b672b672b672;[[-48, 5, 260]]
b272b272b272b272b272b272b272b272b272b272b272b272b272b272b272b272;[[-48, 6, 260]]
b276b276b276b276b276b276b276b276b276b276b276b276b276b276b276b276;[[-48, 7, 260]]
9276927692769276927692769276927692769276927692769276927692769276;[[-48, 8, 260], [-48, 9, 260], [-48, 10, 260]]
9274927492749274927492749274927492749274927492749274927492749274;[[-48, 11, 260]]
d264d264d264d264d264d264d264d264d264d264d264d264d264d264d264d264;[[-48, 12, 260], [-48, 13, 260]]
d265d265d265d265d265d265d265d265d265d265d265d265d265d265d265d265;[[-48, 14, 260]]
da65da65da65da65da65da65da65da65da65da65da65da65da65da65da65da65;[[-48, 15, 260]]
5a655a655a655a655a655a655a655a655a655a655a655a655a655a655a655a65;[[-48, 16, 260], [-48, 17, 260]]
5a6d5a6d5a6d5a6d5a6d5a6d5a6d5a6d5a6d5a6d5a6d5a6d5a6d5a6d5a6d5a6d;[[-48, 18, 260], [-48, 19, 260]]
4a6d4a6d4a6d4a6d4a6d4a6d4a6d4a6d4a6d4a6d4a6d4a6d4a6d4a6d4a6d4a6d;[[-48, 20, 260]]
4a694a694a694a694a694a694a694a694a694a694a694a694a694a694a694a69;[[-48, 21, 260], [-48, 22, 260]]
6a696a696a696a696a696a696a696a696a696a696a696a696a696a696a696a69;[[-48, 23, 260]]
6a6b6a6b6a6b6a6b6a6b6a6b6a6b6a6b6a6b6a6b6a6b6a6b6a6b6a6b6a6b6a6b;[[-48, 24, 260]]
2a6a2a6a2a6a2a6a2a6a2a6a2a6a2a6a2a6a2a6a2a6a2a6a2a6a2a6a2a6a2a6a;[[-48, 25, 260], [-48, 26, 260]]
aa6aaa6aaa6aaa6aaa6aaa6aaa6aaa6aaa6aaa6aaa6aaa6aaa6aaa6aaa6aaa6a;[[-48, 27, 260]]
aaeaaaeaaaeaaaeaaaeaaaeaaaeaaaeaaaeaaaeaaaeaaaeaaaeaaaeaaaeaaaea;[[-48, 28, 260], [-48, 29, 260], [-48, 30, 260], [-48, 31, 260], [-48, 32, 260], [-48, 33, 260], [-48, 34, 260], [-48, 35, 260]]
aacaaacaaacaaacaaacaaacaaacaaacaaacaaacaaacaaacaaacaaacaaacaaaca;[[-48, 36, 260]]
aad4aad4aad4aad4aad4aad4aad4aad4aad4aad4aad4aad4aad4aad4aad4aad4;[[-48, 37, 260]]
aad5aad5aad5aad5aad5aad5aad5aad5aad5aad5aad5aad5aad5aad5aad5aad5;[[-48, 38, 260]]
5ad55ad55ad55ad55ad55ad55ad55ad55ad55ad55ad55ad55ad55ad55ad55ad5;[[-48, 39, 260]]
56d556d556d556d556d556d556d556d556d556d556d556d556d556d556d556d5;[[-48, 40, 260], [-48, 41, 260]]
54d554d554d554d554d554d554d554d554d554d554d554d554d554d554d554d5;[[-48, 42, 260], [-48, 43, 260], [-48, 44, 260], [-48, 45, 260], [-48, 46, 260], [-48, 47, 260], [-48, 48, 260], [-48, 49, 260]]
55d555d555d555d555d555d555d555d555d555d555d555d555d555d555d555d5;[[-48, 50, 260], [-48, 51, 260]]
55d455d455d455d455d455d455d455d455d455d455d455d455d455d455d455d4;[[-48, 52, 260], [-48, 53, 260]]
d5d4d5d4d5d4d5d4d5d4d5d4d5d4d5d4d5d4d5d4d5d4d5d4d5d4d5d4d5d4d5d4;[[-48, 54, 260]]
d5d6d5d6d5d6d5d6d5d6d5d6d5d6d5d6d5d6d5d6d5d6d5d6d5d6d5d6d5d6d5d6;[[-48, 55, 260], [-48, 56, 260]]
95d695d695d695d695d695d695d695d695d695d695d695d695d695d695d695d6;[[-48, 57, 260]]
95d295d295d295d295d295d295d295d295d295d295d295d295d295d295d295d2;[[-48, 58, 260], [-48, 59, 260], [-48, 60, 260]]
b5d2b5d2b5d2b5d2b5d2b5d2b5d2b5d2b5d2b5d2b5d2b5d2b5d2b5d2b5d2b5d2;[[-48, 61, 260], [-48, 62, 260], [-48, 63, 260]]
b5dab5dab5dab5dab5dab5dab5dab5dab5dab5dab5dab5dab5dab5dab5dab5da;[[-48, 64, 260], [-48, 65, 260], [-48, 66, 260], [-48, 67, 260], [-48, 68, 260]]
a5daa5daa5daa5daa5daa5daa5daa5daa5daa5daa5daa5daa5daa5daa5daa5da;[[-48, 69, 260], [-48, 70, 260], [-48, 71, 260], [-48, 72, 260], [-48, 73, 260], [-48, 74, 260]]
a5dba5dba5dba5dba5dba5dba5dba5dba5dba5dba5dba5dba5dba5dba5dba5db;[[-48, 75, 260], [-48, 76, 260], [-48, 77, 260]]
a5cba5cba5cba5cba5cba5cba5cba5cba5cba5cba5cba5cba5cba5cba5cba5cb;[[-48, 78, 260], [-48, 79, 260]]
25cb25cb25cb25cb25cb25cb25cb25cb25cb25cb25cb25cb25cb25cb25cb25cb;[[-48, 80, 260], [-48, 81, 260], [-48, 82, 260], [-48, 83, 260], [-48, 84, 260], [-48, 85, 260], [-48, 86, 260], [-48, 87, 260], [-48, 88, 260], [-48, 89, 260]]
3379337933793379337933793379337933793379337933793379337933793379;[[-48, 0, 312], [-48, 1, 312]]
b379b379b379b379b379b379b379b379b379b379b379b379b379b379b379b379;[[-48, 2, 312]]
b37bb37bb37bb37bb37bb37bb37bb37bb37bb37bb37bb37bb37bb37bb37bb37b;[[-48, 3, 312]]
937b937b937b937b937b937b937b937b937b937b937b937b937b937b937b937b;[[-48, 4, 312]]
9373937393739373937393739373937393739373937393739373937393739373;[[-48, 5, 312], [-48, 6, 312]]
9372937293729372937293729372937293729372937293729372937293729372;[[-48, 7, 312]]
9b729b729b729b729b729b729b729b729b729b729b729b729b729b729b729b72;[[-48, 8, 312]]
db72db72db72db72db72db72db72db72db72db72db72db72db72db72db72db72;[[-48, 9, 312], [-48, 10, 312]]
db76db76db76db76db76db76db76db76db76db76db76db76db76db76db76db76;[[-48, 11, 312], [-48, 12, 312]]
5b765b765b765b765b765b765b765b765b765b765b765b765b765b765b765b76;[[-48, 13, 312]]
4b764b764b764b764b764b764b764b764b764b764b764b764b764b764b764b76;[[-48, 14, 312]]
4b744b744b744b744b744b744b744b744b744b744b744b744b744b744b744b74;[[-48, 15, 312], [-48, 16, 312], [-48, 17, 312]]
6b756b756b756b756b756b756b756b756b756b756b756b756b756b756b756b75;[[-48, 18, 312]]
6b656b656b656b656b656b656b656b656b656b656b656b656b656b656b656b65;[[-48, 19, 312], [-48, 20, 312]]
2b652b652b652b652b652b652b652b652b652b652b652b652b652b652b652b65;[[-48, 21, 312], [-48, 22, 312]]
ab6dab6dab6dab6dab6dab6dab6dab6dab6dab6dab6dab6dab6dab6dab6dab6d;[[-48, 23, 312]]
a96da96da96da96da96da96da96da96da96da96da96da96da96da96da96da96d;[[-48, 24, 312], [-48, 25, 312]]
a969a969a969a969a969a969a969a969a969a969a969a969a969a969a969a969;[[-48, 26, 312]]
a96ba96ba96ba96ba96ba96ba96ba96ba96ba96ba96ba96ba96ba96ba96ba96b;[[-48, 27, 312], [-48, 28, 312]]
a96aa96aa96aa96aa96aa96aa96aa96aa96aa96aa96aa96aa96aa96aa96aa96a;[[-48, 29, 312]]
ad6aad6aad6aad6aad6aad6aad6aad6aad6aad6aad6aad6aad6aad6aad6aad6a;[[-48, 30, 312], [-48, 31, 312]]
a56aa56aa56aa56aa56aa56aa56aa56aa56aa56aa56aa56aa56aa56aa56aa56a;[[-48, 32, 312]]
b56ab56ab56ab56ab56ab56ab56ab56ab56ab56ab56ab56ab56ab56ab56ab56a;[[-48, 33, 312]]
956a956a956a956a956a956a956a956a956a956a956a956a956a956a956a956a;[[-48, 34, 312]]
556a556a556a556a556a556a556a556a556a556a556a556a556a556a556a556a;[[-48, 35, 312], [-48, 36, 312], [-48, 37, 312], [-48, 38, 312], [-48, 39, 312], [-48, 40, 312]]
556b556b556b556b556b556b556b556b556b556b556b556b556b556b556b556b;[[-48, 41, 312]]
5569556955695569556955695569556955695569556955695569556955695569;[[-48, 42, 312]]
556d556d556d556d556d556d556d556d556d556d556d556d556d556d556d556d;[[-48, 43, 312]]
5565556555655565556555655565556555655565556555655565556555655565;[[-48, 44, 312]]
5575557555755575557555755575557555755575557555755575557555755575;[[-48, 45, 312], [-48, 46, 312], [-48, 47, 312]]
5555555555555555555555555555555555555555555555555555555555555555;[[-48, 48, 312]]
d555d555d555d555d555d555d555d555d555d555d555d555d555d555d555d555;[[-48, 49, 312], [-48, 50, 312]]
9555955595559555955595559555955595559555955595559555955595559555;[[-48, 51, 312], [-48, 52, 312], [-48, 53, 312]]
b555b555b555b555b555b555b555b555b555b555b555b555b555b555b555b555;[[-48, 54, 312], [-48, 55, 312], [-48, 56, 312]]
b554b554b554b554b554b554b554b554b554b554b554b554b554b554b554b554;[[-48, 57, 312]]
a554a554a554a554a554a554a554a554a554a554a554a554a554a554a554a554;[[-48, 58, 312], [-48, 59, 312], [-48, 60, 312]]
a556a556a556a556a556a556a556a556a556a556a556a556a556a556a556a556;[[-48, 61, 312], [-48, 62, 312], [-48, 63, 312], [-48, 64, 312], [-48, 65, 312]]
ad56ad56ad56ad56ad56ad56ad56ad56ad56ad56ad56ad56ad56ad56ad56ad56;[[-48, 66, 312]]
ad52ad52ad52ad52ad52ad52ad52ad52ad52ad52ad52ad52ad52ad52ad52ad52;[[-48, 67, 312], [-48, 68, 312]]
2d522d522d522d522d522d522d522d522d522d522d522d522d522d522d522d52;[[-48, 69, 312], [-48, 70, 312], [-48, 71, 312], [-48, 72, 312], [-48, 73, 312], [-48, 74, 312], [-48, 75, 312], [-48, 76, 312], [-48, 77, 312], [-48, 78, 312]]
6d526d526d526d526d526d526d526d526d526d526d526d526d526d526d526d52;[[-48, 79, 312]]
6d5a6d5a6d5a6d5a6d5a6d5a6d5a6d5a6d5a6d5a6d5a6d5a6d5a6d5a6d5a6d5a;[[-48, 80, 312], [-48, 81, 312], [-48, 82, 312], [-48, 83, 312], [-48, 84, 312], [-48, 85, 312], [-48, 86, 312], [-48, 87, 312], [-48, 88, 312], [-48, 89, 312]]
