0.0;1;5500000000.0;-67.59
0.0;2;5500000000.0;-65.83
0.0;3;5500000000.0;-67.86
0.0;4;5500000000.0;-68.08
0.0;5;5500000000.0;-68.15
0.0;6;5500000000.0;-66.51
0.0;7;5500000000.0;-67.82
0.0;8;5500000000.0;-67.35
0.0;9;5500000000.0;-66.61
0.0;10;5500000000.0;-66.91
0.0;11;5500000000.0;-65.82
0.0;12;5500000000.0;-67.44
0.0;13;5500000000.0;-67.04
0.0;14;5500000000.0;-67.62
0.0;15;5500000000.0;-67.99
0.0;16;5500000000.0;-66.89
0.0;17;5500000000.0;-65.58
0.0;18;5500000000.0;-67.66
0.0;19;5500000000.0;-66.12
0.0;20;5500000000.0;-66.15
0.0;21;5500000000.0;-66.40
0.0;22;5500000000.0;-67.16
0.0;23;5500000000.0;-67.65
0.0;24;5500000000.0;-67.87
0.0;25;5500000000.0;-69.00
0.0;26;5500000000.0;-68.67
0.0;27;5500000000.0;-67.47
1.8;1;5500000000.0;-68.67
1.8;2;5500000000.0;-68.54
1.8;3;5500000000.0;-69.32
1.8;4;5500000000.0;-70.05
1.8;5;5500000000.0;-69.59
1.8;6;5500000000.0;-69.44
1.8;7;5500000000.0;-69.15
1.8;8;5500000000.0;-68.92
1.8;9;5500000000.0;-68.91
1.8;10;5500000000.0;-68.44
1.8;11;5500000000.0;-68.48
1.8;12;5500000000.0;-69.29
1.8;13;5500000000.0;-69.20
1.8;14;5500000000.0;-69.17
1.8;15;5500000000.0;-68.62
1.8;16;5500000000.0;-68.60
1.8;17;5500000000.0;-69.68
1.8;18;5500000000.0;-69.47
1.8;19;5500000000.0;-69.49
1.8;20;5500000000.0;-69.29
1.8;21;5500000000.0;-68.87
1.8;22;5500000000.0;-68.88
1.8;23;5500000000.0;-68.99
1.8;24;5500000000.0;-69.45
1.8;25;5500000000.0;-69.47
1.8;26;5500000000.0;-69.43
1.8;27;5500000000.0;-68.82
3.6;1;5500000000.0;-71.10
3.6;2;5500000000.0;-71.37
3.6;3;5500000000.0;-71.41
3.6;4;5500000000.0;-71.36
3.6;5;5500000000.0;-71.09
3.6;6;5500000000.0;-71.12
3.6;7;5500000000.0;-72.53
3.6;8;5500000000.0;-71.30
3.6;9;5500000000.0;-71.32
3.6;10;5500000000.0;-71.29
3.6;11;5500000000.0;-71.31
3.6;12;5500000000.0;-71.74
3.6;13;5500000000.0;-71.57
3.6;14;5500000000.0;-71.51
3.6;15;5500000000.0;-70.45
3.6;16;5500000000.0;-70.46
3.6;17;5500000000.0;-70.86
3.6;18;5500000000.0;-70.87
3.6;19;5500000000.0;-72.26
3.6;20;5500000000.0;-71.69
3.6;21;5500000000.0;-71.55
3.6;22;5500000000.0;-70.63
3.6;23;5500000000.0;-70.64
3.6;24;5500000000.0;-71.97
3.6;25;5500000000.0;-71.99
3.6;26;5500000000.0;-71.22
3.6;27;5500000000.0;-71.24
5.4;1;5500000000.0;-72.44
5.4;2;5500000000.0;-72.50
5.4;3;5500000000.0;-72.58
5.4;4;5500000000.0;-72.57
5.4;5;5500000000.0;-72.35
5.4;6;5500000000.0;-72.40
5.4;7;5500000000.0;-74.57
5.4;8;5500000000.0;-73.99
5.4;9;5500000000.0;-71.90
5.4;10;5500000000.0;-71.92
5.4;11;5500000000.0;-74.18
5.4;12;5500000000.0;-74.15
5.4;13;5500000000.0;-74.21
5.4;14;5500000000.0;-74.12
5.4;15;5500000000.0;-72.93
5.4;16;5500000000.0;-72.97
5.4;17;5500000000.0;-71.64
5.4;18;5500000000.0;-71.68
5.4;19;5500000000.0;-74.66
5.4;20;5500000000.0;-74.00
5.4;21;5500000000.0;-73.99
5.4;22;5500000000.0;-72.55
5.4;23;5500000000.0;-72.07
5.4;24;5500000000.0;-72.06
5.4;25;5500000000.0;-72.52
5.4;26;5500000000.0;-72.52
5.4;27;5500000000.0;-72.98
7.2;1;5500000000.0;-71.89
7.2;2;5500000000.0;-72.00
7.2;3;5500000000.0;-72.03
7.2;4;5500000000.0;-72.03
7.2;5;5500000000.0;-72.18
7.2;6;5500000000.0;-72.68
7.2;7;5500000000.0;-73.45
7.2;8;5500000000.0;-73.44
7.2;9;5500000000.0;-70.71
7.2;10;5500000000.0;-70.71
7.2;11;5500000000.0;-74.27
7.2;12;5500000000.0;-74.30
7.2;13;5500000000.0;-74.74
7.2;14;5500000000.0;-74.65
7.2;15;5500000000.0;-74.25
7.2;16;5500000000.0;-74.28
7.2;17;5500000000.0;-71.47
7.2;18;5500000000.0;-71.49
7.2;19;5500000000.0;-74.23
7.2;20;5500000000.0;-73.76
7.2;21;5500000000.0;-73.79
7.2;22;5500000000.0;-73.20
7.2;23;5500000000.0;-70.79
7.2;24;5500000000.0;-70.82
7.2;25;5500000000.0;-71.78
7.2;26;5500000000.0;-71.82
7.2;27;5500000000.0;-73.15
9.0;1;5500000000.0;-70.54
9.0;2;5500000000.0;-70.76
9.0;3;5500000000.0;-70.70
9.0;4;5500000000.0;-70.75
9.0;5;5500000000.0;-70.97
9.0;6;5500000000.0;-71.85
9.0;7;5500000000.0;-71.29
9.0;8;5500000000.0;-71.28
9.0;9;5500000000.0;-69.45
9.0;10;5500000000.0;-69.49
9.0;11;5500000000.0;-72.30
9.0;12;5500000000.0;-72.34
9.0;13;5500000000.0;-72.66
9.0;14;5500000000.0;-72.76
9.0;15;5500000000.0;-72.75
9.0;16;5500000000.0;-71.99
9.0;17;5500000000.0;-70.68
9.0;18;5500000000.0;-70.71
9.0;19;5500000000.0;-71.94
9.0;20;5500000000.0;-71.79
9.0;21;5500000000.0;-71.79
9.0;22;5500000000.0;-72.13
9.0;23;5500000000.0;-69.51
9.0;24;5500000000.0;-69.51
9.0;25;5500000000.0;-70.84
9.0;26;5500000000.0;-70.85
9.0;27;5500000000.0;-71.87
10.8;1;5500000000.0;-69.73
10.8;2;5500000000.0;-69.89
10.8;3;5500000000.0;-69.83
10.8;4;5500000000.0;-69.85
10.8;5;5500000000.0;-70.07
10.8;6;5500000000.0;-69.95
10.8;7;5500000000.0;-69.68
10.8;8;5500000000.0;-69.69
10.8;9;5500000000.0;-68.70
10.8;10;5500000000.0;-68.72
10.8;11;5500000000.0;-70.51
10.8;12;5500000000.0;-70.54
10.8;13;5500000000.0;-70.69
10.8;14;5500000000.0;-70.82
10.8;15;5500000000.0;-70.84
10.8;16;5500000000.0;-70.26
10.8;17;5500000000.0;-69.99
10.8;18;5500000000.0;-69.98
10.8;19;5500000000.0;-70.17
10.8;20;5500000000.0;-70.16
10.8;21;5500000000.0;-70.16
10.8;22;5500000000.0;-70.20
10.8;23;5500000000.0;-68.78
10.8;24;5500000000.0;-68.77
10.8;25;5500000000.0;-70.13
10.8;26;5500000000.0;-70.13
10.8;27;5500000000.0;-70.24
12.6;1;5500000000.0;-68.41
12.6;2;5500000000.0;-68.21
12.6;3;5500000000.0;-68.22
12.6;4;5500000000.0;-69.38
12.6;5;5500000000.0;-69.39
12.6;6;5500000000.0;-68.58
12.6;7;5500000000.0;-68.58
12.6;8;5500000000.0;-68.69
12.6;9;5500000000.0;-68.34
12.6;10;5500000000.0;-68.34
12.6;11;5500000000.0;-68.88
12.6;12;5500000000.0;-69.17
12.6;13;5500000000.0;-69.19
12.6;14;5500000000.0;-69.38
12.6;15;5500000000.0;-69.32
12.6;16;5500000000.0;-68.99
12.6;17;5500000000.0;-69.00
12.6;18;5500000000.0;-68.50
12.6;19;5500000000.0;-68.51
12.6;20;5500000000.0;-68.95
12.6;21;5500000000.0;-68.67
12.6;22;5500000000.0;-68.67
12.6;23;5500000000.0;-68.49
12.6;24;5500000000.0;-68.50
12.6;25;5500000000.0;-69.37
12.6;26;5500000000.0;-69.47
12.6;27;5500000000.0;-68.69
14.4;1;5500000000.0;-67.67
14.4;2;5500000000.0;-67.29
14.4;3;5500000000.0;-67.30
14.4;4;5500000000.0;-69.32
14.4;5;5500000000.0;-68.61
14.4;6;5500000000.0;-67.83
14.4;7;5500000000.0;-67.82
14.4;8;5500000000.0;-68.19
14.4;9;5500000000.0;-68.42
14.4;10;5500000000.0;-67.79
14.4;11;5500000000.0;-67.77
14.4;12;5500000000.0;-68.37
14.4;13;5500000000.0;-68.39
14.4;14;5500000000.0;-68.52
14.4;15;5500000000.0;-68.48
14.4;16;5500000000.0;-68.20
14.4;17;5500000000.0;-68.18
14.4;18;5500000000.0;-67.39
14.4;19;5500000000.0;-67.36
14.4;20;5500000000.0;-68.32
14.4;21;5500000000.0;-67.91
14.4;22;5500000000.0;-67.90
14.4;23;5500000000.0;-68.63
14.4;24;5500000000.0;-68.36
14.4;25;5500000000.0;-68.38
14.4;26;5500000000.0;-68.96
14.4;27;5500000000.0;-67.85
16.2;1;5500000000.0;-67.18
16.2;2;5500000000.0;-66.74
16.2;3;5500000000.0;-66.72
16.2;4;5500000000.0;-69.31
16.2;5;5500000000.0;-68.16
16.2;6;5500000000.0;-67.41
16.2;7;5500000000.0;-67.41
16.2;8;5500000000.0;-67.95
16.2;9;5500000000.0;-68.00
16.2;10;5500000000.0;-67.11
16.2;11;5500000000.0;-67.10
16.2;12;5500000000.0;-67.93
16.2;13;5500000000.0;-67.93
16.2;14;5500000000.0;-68.02
16.2;15;5500000000.0;-68.03
16.2;16;5500000000.0;-67.61
16.2;17;5500000000.0;-67.63
16.2;18;5500000000.0;-66.58
16.2;19;5500000000.0;-66.58
16.2;20;5500000000.0;-67.86
16.2;21;5500000000.0;-67.57
16.2;22;5500000000.0;-67.55
16.2;23;5500000000.0;-68.81
16.2;24;5500000000.0;-67.68
16.2;25;5500000000.0;-67.68
16.2;26;5500000000.0;-68.72
16.2;27;5500000000.0;-67.33
18.0;1;5500000000.0;-66.87
18.0;2;5500000000.0;-66.43
18.0;3;5500000000.0;-66.43
18.0;4;5500000000.0;-69.19
18.0;5;5500000000.0;-67.94
18.0;6;5500000000.0;-67.19
18.0;7;5500000000.0;-67.20
18.0;8;5500000000.0;-67.79
18.0;9;5500000000.0;-67.81
18.0;10;5500000000.0;-66.74
18.0;11;5500000000.0;-66.72
18.0;12;5500000000.0;-67.70
18.0;13;5500000000.0;-67.69
18.0;14;5500000000.0;-67.73
18.0;15;5500000000.0;-67.74
18.0;16;5500000000.0;-67.22
18.0;17;5500000000.0;-67.22
18.0;18;5500000000.0;-66.09
18.0;19;5500000000.0;-66.08
18.0;20;5500000000.0;-67.51
18.0;21;5500000000.0;-67.42
18.0;22;5500000000.0;-67.40
18.0;23;5500000000.0;-68.52
18.0;24;5500000000.0;-67.33
18.0;25;5500000000.0;-67.35
18.0;26;5500000000.0;-68.46
18.0;27;5500000000.0;-67.03
19.8;1;5500000000.0;-66.72
19.8;2;5500000000.0;-66.21
19.8;3;5500000000.0;-66.21
19.8;4;5500000000.0;-69.04
19.8;5;5500000000.0;-67.81
19.8;6;5500000000.0;-67.06
19.8;7;5500000000.0;-67.08
19.8;8;5500000000.0;-67.52
19.8;9;5500000000.0;-67.77
19.8;10;5500000000.0;-66.49
19.8;11;5500000000.0;-66.49
19.8;12;5500000000.0;-67.52
19.8;13;5500000000.0;-67.52
19.8;14;5500000000.0;-67.51
19.8;15;5500000000.0;-67.51
19.8;16;5500000000.0;-66.89
19.8;17;5500000000.0;-66.88
19.8;18;5500000000.0;-65.89
19.8;19;5500000000.0;-65.89
19.8;20;5500000000.0;-67.27
19.8;21;5500000000.0;-67.28
19.8;22;5500000000.0;-67.31
19.8;23;5500000000.0;-68.17
19.8;24;5500000000.0;-67.37
19.8;25;5500000000.0;-67.36
19.8;26;5500000000.0;-68.01
19.8;27;5500000000.0;-66.85
21.6;1;5500000000.0;-66.83
21.6;2;5500000000.0;-66.16
21.6;3;5500000000.0;-66.16
21.6;4;5500000000.0;-69.07
21.6;5;5500000000.0;-67.82
21.6;6;5500000000.0;-67.15
21.6;7;5500000000.0;-67.16
21.6;8;5500000000.0;-67.31
21.6;9;5500000000.0;-67.95
21.6;10;5500000000.0;-66.40
21.6;11;5500000000.0;-66.41
21.6;12;5500000000.0;-67.46
21.6;13;5500000000.0;-67.46
21.6;14;5500000000.0;-67.43
21.6;15;5500000000.0;-67.42
21.6;16;5500000000.0;-66.75
21.6;17;5500000000.0;-66.78
21.6;18;5500000000.0;-66.12
21.6;19;5500000000.0;-66.13
21.6;20;5500000000.0;-67.22
21.6;21;5500000000.0;-67.21
21.6;22;5500000000.0;-67.21
21.6;23;5500000000.0;-67.95
21.6;24;5500000000.0;-67.89
21.6;25;5500000000.0;-67.89
21.6;26;5500000000.0;-67.54
21.6;27;5500000000.0;-66.92
23.400000000000002;1;5500000000.0;-67.15
23.400000000000002;2;5500000000.0;-66.39
23.400000000000002;3;5500000000.0;-66.41
23.400000000000002;4;5500000000.0;-69.38
23.400000000000002;5;5500000000.0;-68.17
23.400000000000002;6;5500000000.0;-67.54
23.400000000000002;7;5500000000.0;-67.45
23.400000000000002;8;5500000000.0;-67.44
23.400000000000002;9;5500000000.0;-68.36
23.400000000000002;10;5500000000.0;-66.43
23.400000000000002;11;5500000000.0;-66.44
23.400000000000002;12;5500000000.0;-67.63
23.400000000000002;13;5500000000.0;-67.60
23.400000000000002;14;5500000000.0;-67.57
23.400000000000002;15;5500000000.0;-67.59
23.400000000000002;16;5500000000.0;-67.02
23.400000000000002;17;5500000000.0;-67.02
23.400000000000002;18;5500000000.0;-66.89
23.400000000000002;19;5500000000.0;-66.87
23.400000000000002;20;5500000000.0;-67.52
23.400000000000002;21;5500000000.0;-67.20
23.400000000000002;22;5500000000.0;-67.23
23.400000000000002;23;5500000000.0;-67.98
23.400000000000002;24;5500000000.0;-68.92
23.400000000000002;25;5500000000.0;-68.94
23.400000000000002;26;5500000000.0;-67.32
23.400000000000002;27;5500000000.0;-67.27
25.2;1;5500000000.0;-67.68
25.2;2;5500000000.0;-67.03
25.2;3;5500000000.0;-67.02
25.2;4;5500000000.0;-69.87
25.2;5;5500000000.0;-68.99
25.2;6;5500000000.0;-68.12
25.2;7;5500000000.0;-68.05
25.2;8;5500000000.0;-68.06
25.2;9;5500000000.0;-69.00
25.2;10;5500000000.0;-66.48
25.2;11;5500000000.0;-66.50
25.2;12;5500000000.0;-68.10
25.2;13;5500000000.0;-68.10
25.2;14;5500000000.0;-68.07
25.2;15;5500000000.0;-68.01
25.2;16;5500000000.0;-67.67
25.2;17;5500000000.0;-67.68
25.2;18;5500000000.0;-68.05
25.2;19;5500000000.0;-68.05
25.2;20;5500000000.0;-68.14
25.2;21;5500000000.0;-67.43
25.2;22;5500000000.0;-67.42
25.2;23;5500000000.0;-68.29
25.2;24;5500000000.0;-70.21
25.2;25;5500000000.0;-70.23
25.2;26;5500000000.0;-67.64
25.2;27;5500000000.0;-67.65
27.0;1;5500000000.0;-67.83
27.0;2;5500000000.0;-67.73
27.0;3;5500000000.0;-67.74
27.0;4;5500000000.0;-70.11
27.0;5;5500000000.0;-70.07
27.0;6;5500000000.0;-68.38
27.0;7;5500000000.0;-68.39
27.0;8;5500000000.0;-68.81
27.0;9;5500000000.0;-69.33
27.0;10;5500000000.0;-66.33
27.0;11;5500000000.0;-66.34
27.0;12;5500000000.0;-68.58
27.0;13;5500000000.0;-68.56
27.0;14;5500000000.0;-68.53
27.0;15;5500000000.0;-68.11
27.0;16;5500000000.0;-68.11
27.0;17;5500000000.0;-68.23
27.0;18;5500000000.0;-68.27
27.0;19;5500000000.0;-68.99
27.0;20;5500000000.0;-68.71
27.0;21;5500000000.0;-67.67
27.0;22;5500000000.0;-67.65
27.0;23;5500000000.0;-68.58
27.0;24;5500000000.0;-70.73
27.0;25;5500000000.0;-70.77
27.0;26;5500000000.0;-68.28
27.0;27;5500000000.0;-67.93
28.8;1;5500000000.0;-67.40
28.8;2;5500000000.0;-68.24
28.8;3;5500000000.0;-68.25
28.8;4;5500000000.0;-69.89
28.8;5;5500000000.0;-69.89
28.8;6;5500000000.0;-68.19
28.8;7;5500000000.0;-68.16
28.8;8;5500000000.0;-69.29
28.8;9;5500000000.0;-69.28
28.8;10;5500000000.0;-66.08
28.8;11;5500000000.0;-66.08
28.8;12;5500000000.0;-68.87
28.8;13;5500000000.0;-68.84
28.8;14;5500000000.0;-68.82
28.8;15;5500000000.0;-68.25
28.8;16;5500000000.0;-68.25
28.8;17;5500000000.0;-68.37
28.8;18;5500000000.0;-68.69
28.8;19;5500000000.0;-69.12
28.8;20;5500000000.0;-68.98
28.8;21;5500000000.0;-67.82
28.8;22;5500000000.0;-67.81
28.8;23;5500000000.0;-68.69
28.8;24;5500000000.0;-70.15
28.8;25;5500000000.0;-70.15
28.8;26;5500000000.0;-69.08
28.8;27;5500000000.0;-67.51
30.6;1;5500000000.0;-66.82
30.6;2;5500000000.0;-68.39
30.6;3;5500000000.0;-68.39
30.6;4;5500000000.0;-69.59
30.6;5;5500000000.0;-69.58
30.6;6;5500000000.0;-67.72
30.6;7;5500000000.0;-67.72
30.6;8;5500000000.0;-69.05
30.6;9;5500000000.0;-69.06
30.6;10;5500000000.0;-65.93
30.6;11;5500000000.0;-65.93
30.6;12;5500000000.0;-68.97
30.6;13;5500000000.0;-68.86
30.6;14;5500000000.0;-68.82
30.6;15;5500000000.0;-68.40
30.6;16;5500000000.0;-68.20
30.6;17;5500000000.0;-68.19
30.6;18;5500000000.0;-68.48
30.6;19;5500000000.0;-68.49
30.6;20;5500000000.0;-69.00
30.6;21;5500000000.0;-67.90
30.6;22;5500000000.0;-67.89
30.6;23;5500000000.0;-68.69
30.6;24;5500000000.0;-69.17
30.6;25;5500000000.0;-69.15
30.6;26;5500000000.0;-69.66
30.6;27;5500000000.0;-66.91
32.4;1;5500000000.0;-66.73
32.4;2;5500000000.0;-68.32
32.4;3;5500000000.0;-68.32
32.4;4;5500000000.0;-69.68
32.4;5;5500000000.0;-69.68
32.4;6;5500000000.0;-67.55
32.4;7;5500000000.0;-67.56
32.4;8;5500000000.0;-69.05
32.4;9;5500000000.0;-69.10
32.4;10;5500000000.0;-65.99
32.4;11;5500000000.0;-65.98
32.4;12;5500000000.0;-69.05
32.4;13;5500000000.0;-68.91
32.4;14;5500000000.0;-68.90
32.4;15;5500000000.0;-68.56
32.4;16;5500000000.0;-68.02
32.4;17;5500000000.0;-68.02
32.4;18;5500000000.0;-67.93
32.4;19;5500000000.0;-67.91
32.4;20;5500000000.0;-69.06
32.4;21;5500000000.0;-67.91
32.4;22;5500000000.0;-67.91
32.4;23;5500000000.0;-68.81
32.4;24;5500000000.0;-68.85
32.4;25;5500000000.0;-68.85
32.4;26;5500000000.0;-69.87
32.4;27;5500000000.0;-66.79
34.2;1;5500000000.0;-67.67
34.2;2;5500000000.0;-68.49
34.2;3;5500000000.0;-68.52
34.2;4;5500000000.0;-70.55
34.2;5;5500000000.0;-70.57
34.2;6;5500000000.0;-68.25
34.2;7;5500000000.0;-68.25
34.2;8;5500000000.0;-69.31
34.2;9;5500000000.0;-69.77
34.2;10;5500000000.0;-65.79
34.2;11;5500000000.0;-65.79
34.2;12;5500000000.0;-69.63
34.2;13;5500000000.0;-69.50
34.2;14;5500000000.0;-69.46
34.2;15;5500000000.0;-68.68
34.2;16;5500000000.0;-68.18
34.2;17;5500000000.0;-68.20
34.2;18;5500000000.0;-68.09
34.2;19;5500000000.0;-68.07
34.2;20;5500000000.0;-69.68
34.2;21;5500000000.0;-67.75
34.2;22;5500000000.0;-67.76
34.2;23;5500000000.0;-69.47
34.2;24;5500000000.0;-69.94
34.2;25;5500000000.0;-69.94
34.2;26;5500000000.0;-70.14
34.2;27;5500000000.0;-67.74
36.0;1;5500000000.0;-70.12
36.0;2;5500000000.0;-69.38
36.0;3;5500000000.0;-69.37
36.0;4;5500000000.0;-72.41
36.0;5;5500000000.0;-71.01
36.0;6;5500000000.0;-70.03
36.0;7;5500000000.0;-70.01
36.0;8;5500000000.0;-70.48
36.0;9;5500000000.0;-71.29
36.0;10;5500000000.0;-64.58
36.0;11;5500000000.0;-64.59
36.0;12;5500000000.0;-70.91
36.0;13;5500000000.0;-70.90
36.0;14;5500000000.0;-70.77
36.0;15;5500000000.0;-68.52
36.0;16;5500000000.0;-68.54
36.0;17;5500000000.0;-68.62
36.0;18;5500000000.0;-69.30
36.0;19;5500000000.0;-69.32
36.0;20;5500000000.0;-70.98
36.0;21;5500000000.0;-67.30
36.0;22;5500000000.0;-67.32
36.0;23;5500000000.0;-70.74
36.0;24;5500000000.0;-73.17
36.0;25;5500000000.0;-73.20
36.0;26;5500000000.0;-71.04
36.0;27;5500000000.0;-70.21
37.800000000000004;1;5500000000.0;-73.17
37.800000000000004;2;5500000000.0;-71.01
37.800000000000004;3;5500000000.0;-71.00
37.800000000000004;4;5500000000.0;-74.01
37.800000000000004;5;5500000000.0;-71.63
37.800000000000004;6;5500000000.0;-71.68
37.800000000000004;7;5500000000.0;-71.83
37.800000000000004;8;5500000000.0;-72.27
37.800000000000004;9;5500000000.0;-68.84
37.800000000000004;10;5500000000.0;-62.79
37.800000000000004;11;5500000000.0;-62.80
37.800000000000004;12;5500000000.0;-72.55
37.800000000000004;13;5500000000.0;-72.62
37.800000000000004;14;5500000000.0;-72.58
37.800000000000004;15;5500000000.0;-68.10
37.800000000000004;16;5500000000.0;-68.12
37.800000000000004;17;5500000000.0;-68.76
37.800000000000004;18;5500000000.0;-70.37
37.800000000000004;19;5500000000.0;-70.91
37.800000000000004;20;5500000000.0;-72.57
37.800000000000004;21;5500000000.0;-66.61
37.800000000000004;22;5500000000.0;-66.61
37.800000000000004;23;5500000000.0;-71.84
37.800000000000004;24;5500000000.0;-77.93
37.800000000000004;25;5500000000.0;-77.50
37.800000000000004;26;5500000000.0;-72.69
37.800000000000004;27;5500000000.0;-72.71
39.6;1;5500000000.0;-74.08
39.6;2;5500000000.0;-73.17
39.6;3;5500000000.0;-73.20
39.6;4;5500000000.0;-74.39
39.6;5;5500000000.0;-73.05
39.6;6;5500000000.0;-72.55
39.6;7;5500000000.0;-72.55
39.6;8;5500000000.0;-74.04
39.6;9;5500000000.0;-65.48
39.6;10;5500000000.0;-61.40
39.6;11;5500000000.0;-61.40
39.6;12;5500000000.0;-74.51
39.6;13;5500000000.0;-74.65
39.6;14;5500000000.0;-74.64
39.6;15;5500000000.0;-67.82
39.6;16;5500000000.0;-67.82
39.6;17;5500000000.0;-68.68
39.6;18;5500000000.0;-71.00
39.6;19;5500000000.0;-72.19
39.6;20;5500000000.0;-74.07
39.6;21;5500000000.0;-66.18
39.6;22;5500000000.0;-66.17
39.6;23;5500000000.0;-72.08
39.6;24;5500000000.0;-79.63
39.6;25;5500000000.0;-78.21
39.6;26;5500000000.0;-74.76
39.6;27;5500000000.0;-74.50
41.4;1;5500000000.0;-73.11
41.4;2;5500000000.0;-74.84
41.4;3;5500000000.0;-74.87
41.4;4;5500000000.0;-74.79
41.4;5;5500000000.0;-74.52
41.4;6;5500000000.0;-73.04
41.4;7;5500000000.0;-73.00
41.4;8;5500000000.0;-75.10
41.4;9;5500000000.0;-63.91
41.4;10;5500000000.0;-60.90
41.4;11;5500000000.0;-60.90
41.4;12;5500000000.0;-76.61
41.4;13;5500000000.0;-76.60
41.4;14;5500000000.0;-76.60
41.4;15;5500000000.0;-67.77
41.4;16;5500000000.0;-67.78
41.4;17;5500000000.0;-69.05
41.4;18;5500000000.0;-71.85
41.4;19;5500000000.0;-73.36
41.4;20;5500000000.0;-75.21
41.4;21;5500000000.0;-66.17
41.4;22;5500000000.0;-66.18
41.4;23;5500000000.0;-72.01
41.4;24;5500000000.0;-79.29
41.4;25;5500000000.0;-79.34
41.4;26;5500000000.0;-75.95
41.4;27;5500000000.0;-73.51
43.2;1;5500000000.0;-73.31
43.2;2;5500000000.0;-74.74
43.2;3;5500000000.0;-75.18
43.2;4;5500000000.0;-75.13
43.2;5;5500000000.0;-74.29
43.2;6;5500000000.0;-74.29
43.2;7;5500000000.0;-74.73
43.2;8;5500000000.0;-75.92
43.2;9;5500000000.0;-64.55
43.2;10;5500000000.0;-61.51
43.2;11;5500000000.0;-61.50
43.2;12;5500000000.0;-78.80
43.2;13;5500000000.0;-79.29
43.2;14;5500000000.0;-79.30
43.2;15;5500000000.0;-68.02
43.2;16;5500000000.0;-68.02
43.2;17;5500000000.0;-70.23
43.2;18;5500000000.0;-72.15
43.2;19;5500000000.0;-75.11
43.2;20;5500000000.0;-76.07
43.2;21;5500000000.0;-66.63
43.2;22;5500000000.0;-66.63
43.2;23;5500000000.0;-71.89
43.2;24;5500000000.0;-71.86
43.2;25;5500000000.0;-76.32
43.2;26;5500000000.0;-76.32
43.2;27;5500000000.0;-73.59
45.0;1;5500000000.0;-73.28
45.0;2;5500000000.0;-73.38
45.0;3;5500000000.0;-73.71
45.0;4;5500000000.0;-73.78
45.0;5;5500000000.0;-71.98
45.0;6;5500000000.0;-72.03
45.0;7;5500000000.0;-76.11
45.0;8;5500000000.0;-76.13
45.0;9;5500000000.0;-68.60
45.0;10;5500000000.0;-63.49
45.0;11;5500000000.0;-63.48
45.0;12;5500000000.0;-79.27
45.0;13;5500000000.0;-80.14
45.0;14;5500000000.0;-79.87
45.0;15;5500000000.0;-68.58
45.0;16;5500000000.0;-68.61
45.0;17;5500000000.0;-71.27
45.0;18;5500000000.0;-71.29
45.0;19;5500000000.0;-76.39
45.0;20;5500000000.0;-76.43
45.0;21;5500000000.0;-67.73
45.0;22;5500000000.0;-67.72
45.0;23;5500000000.0;-67.40
45.0;24;5500000000.0;-67.39
45.0;25;5500000000.0;-71.58
45.0;26;5500000000.0;-71.55
45.0;27;5500000000.0;-74.12
46.800000000000004;1;5500000000.0;-72.95
46.800000000000004;2;5500000000.0;-73.29
46.800000000000004;3;5500000000.0;-73.28
46.800000000000004;4;5500000000.0;-73.36
46.800000000000004;5;5500000000.0;-69.90
46.800000000000004;6;5500000000.0;-69.96
46.800000000000004;7;5500000000.0;-75.37
46.800000000000004;8;5500000000.0;-75.42
46.800000000000004;9;5500000000.0;-75.96
46.800000000000004;10;5500000000.0;-66.92
46.800000000000004;11;5500000000.0;-66.93
46.800000000000004;12;5500000000.0;-76.64
46.800000000000004;13;5500000000.0;-76.93
46.800000000000004;14;5500000000.0;-77.12
46.800000000000004;15;5500000000.0;-69.86
46.800000000000004;16;5500000000.0;-69.86
46.800000000000004;17;5500000000.0;-70.41
46.800000000000004;18;5500000000.0;-70.41
46.800000000000004;19;5500000000.0;-75.68
46.800000000000004;20;5500000000.0;-75.70
46.800000000000004;21;5500000000.0;-69.73
46.800000000000004;22;5500000000.0;-69.74
46.800000000000004;23;5500000000.0;-67.03
46.800000000000004;24;5500000000.0;-67.02
46.800000000000004;25;5500000000.0;-69.50
46.800000000000004;26;5500000000.0;-69.50
46.800000000000004;27;5500000000.0;-73.07
48.6;1;5500000000.0;-69.46
48.6;2;5500000000.0;-73.04
48.6;3;5500000000.0;-72.78
48.6;4;5500000000.0;-72.83
48.6;5;5500000000.0;-68.74
48.6;6;5500000000.0;-68.76
48.6;7;5500000000.0;-73.60
48.6;8;5500000000.0;-73.62
48.6;9;5500000000.0;-67.23
48.6;10;5500000000.0;-67.24
48.6;11;5500000000.0;-72.66
48.6;12;5500000000.0;-72.67
48.6;13;5500000000.0;-72.80
48.6;14;5500000000.0;-73.11
48.6;15;5500000000.0;-71.61
48.6;16;5500000000.0;-71.62
48.6;17;5500000000.0;-69.70
48.6;18;5500000000.0;-69.71
48.6;19;5500000000.0;-73.53
48.6;20;5500000000.0;-73.53
48.6;21;5500000000.0;-72.77
48.6;22;5500000000.0;-72.81
48.6;23;5500000000.0;-72.04
48.6;24;5500000000.0;-72.08
48.6;25;5500000000.0;-69.38
48.6;26;5500000000.0;-69.39
48.6;27;5500000000.0;-69.62
50.4;1;5500000000.0;-65.80
50.4;2;5500000000.0;-68.79
50.4;3;5500000000.0;-68.87
50.4;4;5500000000.0;-68.88
50.4;5;5500000000.0;-68.18
50.4;6;5500000000.0;-68.18
50.4;7;5500000000.0;-70.19
50.4;8;5500000000.0;-69.86
50.4;9;5500000000.0;-63.38
50.4;10;5500000000.0;-63.38
50.4;11;5500000000.0;-68.89
50.4;12;5500000000.0;-68.86
50.4;13;5500000000.0;-68.95
50.4;14;5500000000.0;-69.19
50.4;15;5500000000.0;-69.31
50.4;16;5500000000.0;-70.42
50.4;17;5500000000.0;-67.62
50.4;18;5500000000.0;-67.62
50.4;19;5500000000.0;-69.75
50.4;20;5500000000.0;-69.59
50.4;21;5500000000.0;-69.58
50.4;22;5500000000.0;-69.40
50.4;23;5500000000.0;-69.40
50.4;24;5500000000.0;-69.54
50.4;25;5500000000.0;-68.96
50.4;26;5500000000.0;-68.98
50.4;27;5500000000.0;-65.94
52.2;1;5500000000.0;-63.57
52.2;2;5500000000.0;-65.64
52.2;3;5500000000.0;-65.90
52.2;4;5500000000.0;-65.83
52.2;5;5500000000.0;-65.84
52.2;6;5500000000.0;-66.69
52.2;7;5500000000.0;-66.69
52.2;8;5500000000.0;-67.03
52.2;9;5500000000.0;-63.25
52.2;10;5500000000.0;-63.25
52.2;11;5500000000.0;-66.73
52.2;12;5500000000.0;-66.73
52.2;13;5500000000.0;-66.73
52.2;14;5500000000.0;-66.76
52.2;15;5500000000.0;-66.88
52.2;16;5500000000.0;-67.77
52.2;17;5500000000.0;-64.80
52.2;18;5500000000.0;-64.79
52.2;19;5500000000.0;-66.92
52.2;20;5500000000.0;-66.89
52.2;21;5500000000.0;-66.82
52.2;22;5500000000.0;-66.82
52.2;23;5500000000.0;-65.01
52.2;24;5500000000.0;-65.01
52.2;25;5500000000.0;-66.55
52.2;26;5500000000.0;-67.20
52.2;27;5500000000.0;-63.71
54.0;1;5500000000.0;-63.66
54.0;2;5500000000.0;-65.71
54.0;3;5500000000.0;-65.91
54.0;4;5500000000.0;-65.79
54.0;5;5500000000.0;-65.79
54.0;6;5500000000.0;-65.51
54.0;7;5500000000.0;-65.53
54.0;8;5500000000.0;-66.65
54.0;9;5500000000.0;-65.94
54.0;10;5500000000.0;-65.96
54.0;11;5500000000.0;-66.32
54.0;12;5500000000.0;-66.72
54.0;13;5500000000.0;-66.49
54.0;14;5500000000.0;-66.47
54.0;15;5500000000.0;-66.63
54.0;16;5500000000.0;-66.61
54.0;17;5500000000.0;-63.08
54.0;18;5500000000.0;-63.07
54.0;19;5500000000.0;-66.48
54.0;20;5500000000.0;-66.50
54.0;21;5500000000.0;-65.78
54.0;22;5500000000.0;-65.77
54.0;23;5500000000.0;-62.88
54.0;24;5500000000.0;-62.88
54.0;25;5500000000.0;-66.56
54.0;26;5500000000.0;-66.75
54.0;27;5500000000.0;-63.80
55.800000000000004;1;5500000000.0;-66.33
55.800000000000004;2;5500000000.0;-68.09
55.800000000000004;3;5500000000.0;-68.14
55.800000000000004;4;5500000000.0;-69.21
55.800000000000004;5;5500000000.0;-69.31
55.800000000000004;6;5500000000.0;-67.17
55.800000000000004;7;5500000000.0;-67.18
55.800000000000004;8;5500000000.0;-68.49
55.800000000000004;9;5500000000.0;-68.28
55.800000000000004;10;5500000000.0;-67.39
55.800000000000004;11;5500000000.0;-67.38
55.800000000000004;12;5500000000.0;-68.18
55.800000000000004;13;5500000000.0;-67.72
55.800000000000004;14;5500000000.0;-67.72
55.800000000000004;15;5500000000.0;-67.93
55.800000000000004;16;5500000000.0;-67.21
55.800000000000004;17;5500000000.0;-62.52
55.800000000000004;18;5500000000.0;-62.52
55.800000000000004;19;5500000000.0;-68.28
55.800000000000004;20;5500000000.0;-68.27
55.800000000000004;21;5500000000.0;-67.26
55.800000000000004;22;5500000000.0;-67.26
55.800000000000004;23;5500000000.0;-64.64
55.800000000000004;24;5500000000.0;-64.66
55.800000000000004;25;5500000000.0;-68.96
55.800000000000004;26;5500000000.0;-65.86
55.800000000000004;27;5500000000.0;-65.89
57.6;1;5500000000.0;-72.09
57.6;2;5500000000.0;-68.12
57.6;3;5500000000.0;-68.14
57.6;4;5500000000.0;-71.78
57.6;5;5500000000.0;-72.28
57.6;6;5500000000.0;-69.06
57.6;7;5500000000.0;-69.06
57.6;8;5500000000.0;-69.79
57.6;9;5500000000.0;-65.69
57.6;10;5500000000.0;-65.68
57.6;11;5500000000.0;-68.58
57.6;12;5500000000.0;-68.42
57.6;13;5500000000.0;-68.18
57.6;14;5500000000.0;-68.19
57.6;15;5500000000.0;-68.31
57.6;16;5500000000.0;-66.94
57.6;17;5500000000.0;-63.27
57.6;18;5500000000.0;-63.27
57.6;19;5500000000.0;-69.89
57.6;20;5500000000.0;-69.91
57.6;21;5500000000.0;-69.67
57.6;22;5500000000.0;-69.66
57.6;23;5500000000.0;-69.93
57.6;24;5500000000.0;-69.90
57.6;25;5500000000.0;-71.32
57.6;26;5500000000.0;-65.78
57.6;27;5500000000.0;-65.79
59.4;1;5500000000.0;-70.99
59.4;2;5500000000.0;-68.33
59.4;3;5500000000.0;-68.38
59.4;4;5500000000.0;-70.97
59.4;5;5500000000.0;-71.01
59.4;6;5500000000.0;-67.42
59.4;7;5500000000.0;-67.40
59.4;8;5500000000.0;-69.67
59.4;9;5500000000.0;-65.85
59.4;10;5500000000.0;-65.84
59.4;11;5500000000.0;-68.68
59.4;12;5500000000.0;-68.45
59.4;13;5500000000.0;-68.29
59.4;14;5500000000.0;-68.30
59.4;15;5500000000.0;-68.43
59.4;16;5500000000.0;-65.89
59.4;17;5500000000.0;-65.67
59.4;18;5500000000.0;-65.70
59.4;19;5500000000.0;-69.92
59.4;20;5500000000.0;-69.93
59.4;21;5500000000.0;-70.05
59.4;22;5500000000.0;-71.11
59.4;23;5500000000.0;-71.92
59.4;24;5500000000.0;-71.92
59.4;25;5500000000.0;-71.86
59.4;26;5500000000.0;-67.22
59.4;27;5500000000.0;-67.21
61.2;1;5500000000.0;-70.33
61.2;2;5500000000.0;-69.79
61.2;3;5500000000.0;-69.81
61.2;4;5500000000.0;-71.89
61.2;5;5500000000.0;-71.87
61.2;6;5500000000.0;-66.37
61.2;7;5500000000.0;-66.38
61.2;8;5500000000.0;-70.95
61.2;9;5500000000.0;-70.34
61.2;10;5500000000.0;-70.31
61.2;11;5500000000.0;-71.19
61.2;12;5500000000.0;-70.97
61.2;13;5500000000.0;-70.61
61.2;14;5500000000.0;-70.65
61.2;15;5500000000.0;-70.92
61.2;16;5500000000.0;-67.18
61.2;17;5500000000.0;-67.20
61.2;18;5500000000.0;-69.72
61.2;19;5500000000.0;-70.61
61.2;20;5500000000.0;-70.94
61.2;21;5500000000.0;-71.42
61.2;22;5500000000.0;-73.13
61.2;23;5500000000.0;-72.20
61.2;24;5500000000.0;-72.24
61.2;25;5500000000.0;-75.40
61.2;26;5500000000.0;-69.96
61.2;27;5500000000.0;-69.94
63.0;1;5500000000.0;-68.16
63.0;2;5500000000.0;-69.67
63.0;3;5500000000.0;-70.04
63.0;4;5500000000.0;-69.71
63.0;5;5500000000.0;-69.74
63.0;6;5500000000.0;-66.99
63.0;7;5500000000.0;-66.98
63.0;8;5500000000.0;-70.96
63.0;9;5500000000.0;-72.05
63.0;10;5500000000.0;-70.48
63.0;11;5500000000.0;-70.49
63.0;12;5500000000.0;-74.11
63.0;13;5500000000.0;-74.21
63.0;14;5500000000.0;-74.34
63.0;15;5500000000.0;-65.32
63.0;16;5500000000.0;-65.33
63.0;17;5500000000.0;-72.39
63.0;18;5500000000.0;-73.28
63.0;19;5500000000.0;-71.59
63.0;20;5500000000.0;-71.63
63.0;21;5500000000.0;-72.39
63.0;22;5500000000.0;-65.94
63.0;23;5500000000.0;-65.97
63.0;24;5500000000.0;-71.99
63.0;25;5500000000.0;-72.00
63.0;26;5500000000.0;-71.73
63.0;27;5500000000.0;-68.33
64.8;1;5500000000.0;-67.00
64.8;2;5500000000.0;-67.92
64.8;3;5500000000.0;-68.28
64.8;4;5500000000.0;-68.17
64.8;5;5500000000.0;-68.17
64.8;6;5500000000.0;-68.93
64.8;7;5500000000.0;-68.92
64.8;8;5500000000.0;-70.82
64.8;9;5500000000.0;-72.07
64.8;10;5500000000.0;-68.62
64.8;11;5500000000.0;-68.62
64.8;12;5500000000.0;-74.87
64.8;13;5500000000.0;-74.95
64.8;14;5500000000.0;-75.43
64.8;15;5500000000.0;-60.21
64.8;16;5500000000.0;-60.21
64.8;17;5500000000.0;-66.65
64.8;18;5500000000.0;-77.85
64.8;19;5500000000.0;-71.49
64.8;20;5500000000.0;-71.51
64.8;21;5500000000.0;-71.52
64.8;22;5500000000.0;-64.81
64.8;23;5500000000.0;-64.81
64.8;24;5500000000.0;-68.30
64.8;25;5500000000.0;-68.29
64.8;26;5500000000.0;-72.10
64.8;27;5500000000.0;-67.12
66.60000000000001;1;5500000000.0;-67.82
66.60000000000001;2;5500000000.0;-69.77
66.60000000000001;3;5500000000.0;-69.76
66.60000000000001;4;5500000000.0;-69.78
66.60000000000001;5;5500000000.0;-70.11
66.60000000000001;6;5500000000.0;-70.10
66.60000000000001;7;5500000000.0;-70.78
66.60000000000001;8;5500000000.0;-70.78
66.60000000000001;9;5500000000.0;-71.69
66.60000000000001;10;5500000000.0;-68.54
66.60000000000001;11;5500000000.0;-68.54
66.60000000000001;12;5500000000.0;-72.43
66.60000000000001;13;5500000000.0;-72.42
66.60000000000001;14;5500000000.0;-72.69
66.60000000000001;15;5500000000.0;-57.23
66.60000000000001;16;5500000000.0;-57.23
66.60000000000001;17;5500000000.0;-61.21
66.60000000000001;18;5500000000.0;-73.42
66.60000000000001;19;5500000000.0;-70.90
66.60000000000001;20;5500000000.0;-70.92
66.60000000000001;21;5500000000.0;-69.91
66.60000000000001;22;5500000000.0;-68.34
66.60000000000001;23;5500000000.0;-67.69
66.60000000000001;24;5500000000.0;-67.69
66.60000000000001;25;5500000000.0;-68.10
66.60000000000001;26;5500000000.0;-69.43
66.60000000000001;27;5500000000.0;-67.92
68.4;1;5500000000.0;-66.12
68.4;2;5500000000.0;-67.10
68.4;3;5500000000.0;-66.78
68.4;4;5500000000.0;-66.79
68.4;5;5500000000.0;-65.30
68.4;6;5500000000.0;-65.31
68.4;7;5500000000.0;-68.12
68.4;8;5500000000.0;-67.97
68.4;9;5500000000.0;-65.08
68.4;10;5500000000.0;-65.09
68.4;11;5500000000.0;-67.02
68.4;12;5500000000.0;-66.94
68.4;13;5500000000.0;-66.95
68.4;14;5500000000.0;-67.38
68.4;15;5500000000.0;-56.32
68.4;16;5500000000.0;-56.32
68.4;17;5500000000.0;-59.18
68.4;18;5500000000.0;-66.96
68.4;19;5500000000.0;-67.84
68.4;20;5500000000.0;-67.68
68.4;21;5500000000.0;-67.28
68.4;22;5500000000.0;-64.57
68.4;23;5500000000.0;-64.59
68.4;24;5500000000.0;-66.24
68.4;25;5500000000.0;-64.28
68.4;26;5500000000.0;-64.28
68.4;27;5500000000.0;-65.97
70.2;1;5500000000.0;-63.35
70.2;2;5500000000.0;-64.71
70.2;3;5500000000.0;-64.72
70.2;4;5500000000.0;-64.72
70.2;5;5500000000.0;-64.94
70.2;6;5500000000.0;-65.07
70.2;7;5500000000.0;-67.18
70.2;8;5500000000.0;-66.43
70.2;9;5500000000.0;-63.27
70.2;10;5500000000.0;-63.27
70.2;11;5500000000.0;-65.13
70.2;12;5500000000.0;-65.04
70.2;13;5500000000.0;-65.02
70.2;14;5500000000.0;-65.34
70.2;15;5500000000.0;-58.15
70.2;16;5500000000.0;-58.16
70.2;17;5500000000.0;-60.21
70.2;18;5500000000.0;-66.83
70.2;19;5500000000.0;-66.57
70.2;20;5500000000.0;-66.32
70.2;21;5500000000.0;-66.31
70.2;22;5500000000.0;-60.41
70.2;23;5500000000.0;-60.41
70.2;24;5500000000.0;-64.52
70.2;25;5500000000.0;-62.53
70.2;26;5500000000.0;-62.54
70.2;27;5500000000.0;-63.40
72.0;1;5500000000.0;-63.58
72.0;2;5500000000.0;-67.93
72.0;3;5500000000.0;-68.27
72.0;4;5500000000.0;-68.13
72.0;5;5500000000.0;-67.73
72.0;6;5500000000.0;-65.13
72.0;7;5500000000.0;-65.16
72.0;8;5500000000.0;-68.94
72.0;9;5500000000.0;-67.16
72.0;10;5500000000.0;-67.15
72.0;11;5500000000.0;-67.77
72.0;12;5500000000.0;-67.56
72.0;13;5500000000.0;-67.42
72.0;14;5500000000.0;-67.42
72.0;15;5500000000.0;-64.29
72.0;16;5500000000.0;-64.29
72.0;17;5500000000.0;-64.34
72.0;18;5500000000.0;-65.80
72.0;19;5500000000.0;-65.79
72.0;20;5500000000.0;-68.80
72.0;21;5500000000.0;-68.81
72.0;22;5500000000.0;-60.88
72.0;23;5500000000.0;-60.88
72.0;24;5500000000.0;-65.46
72.0;25;5500000000.0;-65.32
72.0;26;5500000000.0;-65.30
72.0;27;5500000000.0;-63.72
73.8;1;5500000000.0;-65.72
73.8;2;5500000000.0;-70.65
73.8;3;5500000000.0;-70.65
73.8;4;5500000000.0;-75.86
73.8;5;5500000000.0;-68.86
73.8;6;5500000000.0;-65.53
73.8;7;5500000000.0;-65.53
73.8;8;5500000000.0;-73.70
73.8;9;5500000000.0;-74.71
73.8;10;5500000000.0;-74.58
73.8;11;5500000000.0;-74.61
73.8;12;5500000000.0;-74.88
73.8;13;5500000000.0;-73.17
73.8;14;5500000000.0;-73.16
73.8;15;5500000000.0;-73.21
73.8;16;5500000000.0;-67.63
73.8;17;5500000000.0;-67.64
73.8;18;5500000000.0;-66.64
73.8;19;5500000000.0;-66.64
73.8;20;5500000000.0;-74.33
73.8;21;5500000000.0;-74.43
73.8;22;5500000000.0;-65.20
73.8;23;5500000000.0;-65.20
73.8;24;5500000000.0;-69.98
73.8;25;5500000000.0;-70.00
73.8;26;5500000000.0;-71.88
73.8;27;5500000000.0;-65.88
75.60000000000001;1;5500000000.0;-65.32
75.60000000000001;2;5500000000.0;-67.19
75.60000000000001;3;5500000000.0;-67.25
75.60000000000001;4;5500000000.0;-72.57
75.60000000000001;5;5500000000.0;-69.60
75.60000000000001;6;5500000000.0;-69.64
75.60000000000001;7;5500000000.0;-69.93
75.60000000000001;8;5500000000.0;-73.97
75.60000000000001;9;5500000000.0;-76.83
75.60000000000001;10;5500000000.0;-73.67
75.60000000000001;11;5500000000.0;-73.65
75.60000000000001;12;5500000000.0;-74.42
75.60000000000001;13;5500000000.0;-72.22
75.60000000000001;14;5500000000.0;-72.22
75.60000000000001;15;5500000000.0;-68.87
75.60000000000001;16;5500000000.0;-66.18
75.60000000000001;17;5500000000.0;-65.33
75.60000000000001;18;5500000000.0;-63.87
75.60000000000001;19;5500000000.0;-63.86
75.60000000000001;20;5500000000.0;-75.51
75.60000000000001;21;5500000000.0;-76.41
75.60000000000001;22;5500000000.0;-71.65
75.60000000000001;23;5500000000.0;-71.64
75.60000000000001;24;5500000000.0;-70.11
75.60000000000001;25;5500000000.0;-69.43
75.60000000000001;26;5500000000.0;-68.50
75.60000000000001;27;5500000000.0;-65.47
77.4;1;5500000000.0;-63.83
77.4;2;5500000000.0;-64.71
77.4;3;5500000000.0;-64.73
77.4;4;5500000000.0;-71.95
77.4;5;5500000000.0;-64.57
77.4;6;5500000000.0;-64.58
77.4;7;5500000000.0;-68.48
77.4;8;5500000000.0;-68.50
77.4;9;5500000000.0;-69.79
77.4;10;5500000000.0;-68.66
77.4;11;5500000000.0;-68.61
77.4;12;5500000000.0;-69.80
77.4;13;5500000000.0;-68.93
77.4;14;5500000000.0;-68.91
77.4;15;5500000000.0;-67.42
77.4;16;5500000000.0;-66.30
77.4;17;5500000000.0;-59.26
77.4;18;5500000000.0;-58.57
77.4;19;5500000000.0;-58.57
77.4;20;5500000000.0;-69.56
77.4;21;5500000000.0;-69.48
77.4;22;5500000000.0;-69.49
77.4;23;5500000000.0;-72.53
77.4;24;5500000000.0;-65.71
77.4;25;5500000000.0;-64.25
77.4;26;5500000000.0;-62.85
77.4;27;5500000000.0;-62.86
79.2;1;5500000000.0;-63.88
79.2;2;5500000000.0;-63.89
79.2;3;5500000000.0;-63.72
79.2;4;5500000000.0;-63.72
79.2;5;5500000000.0;-60.78
79.2;6;5500000000.0;-60.78
79.2;7;5500000000.0;-65.82
79.2;8;5500000000.0;-65.84
79.2;9;5500000000.0;-64.10
79.2;10;5500000000.0;-64.10
79.2;11;5500000000.0;-66.18
79.2;12;5500000000.0;-66.74
79.2;13;5500000000.0;-66.78
79.2;14;5500000000.0;-67.66
79.2;15;5500000000.0;-63.88
79.2;16;5500000000.0;-63.88
79.2;17;5500000000.0;-56.68
79.2;18;5500000000.0;-56.58
79.2;19;5500000000.0;-56.58
79.2;20;5500000000.0;-66.48
79.2;21;5500000000.0;-66.36
79.2;22;5500000000.0;-66.36
79.2;23;5500000000.0;-65.70
79.2;24;5500000000.0;-64.77
79.2;25;5500000000.0;-63.94
79.2;26;5500000000.0;-60.10
79.2;27;5500000000.0;-60.09
81.0;1;5500000000.0;-61.27
81.0;2;5500000000.0;-61.27
81.0;3;5500000000.0;-61.20
81.0;4;5500000000.0;-61.22
81.0;5;5500000000.0;-60.70
81.0;6;5500000000.0;-60.69
81.0;7;5500000000.0;-67.62
81.0;8;5500000000.0;-67.62
81.0;9;5500000000.0;-62.88
81.0;10;5500000000.0;-62.89
81.0;11;5500000000.0;-64.95
81.0;12;5500000000.0;-64.88
81.0;13;5500000000.0;-64.87
81.0;14;5500000000.0;-65.95
81.0;15;5500000000.0;-63.20
81.0;16;5500000000.0;-63.20
81.0;17;5500000000.0;-57.57
81.0;18;5500000000.0;-57.57
81.0;19;5500000000.0;-58.13
81.0;20;5500000000.0;-67.64
81.0;21;5500000000.0;-67.46
81.0;22;5500000000.0;-67.46
81.0;23;5500000000.0;-63.68
81.0;24;5500000000.0;-63.68
81.0;25;5500000000.0;-67.03
81.0;26;5500000000.0;-60.28
81.0;27;5500000000.0;-60.29
82.8;1;5500000000.0;-63.65
82.8;2;5500000000.0;-63.65
82.8;3;5500000000.0;-63.80
82.8;4;5500000000.0;-63.80
82.8;5;5500000000.0;-59.79
82.8;6;5500000000.0;-59.80
82.8;7;5500000000.0;-60.08
82.8;8;5500000000.0;-72.14
82.8;9;5500000000.0;-66.32
82.8;10;5500000000.0;-66.34
82.8;11;5500000000.0;-65.42
82.8;12;5500000000.0;-65.36
82.8;13;5500000000.0;-65.35
82.8;14;5500000000.0;-65.40
82.8;15;5500000000.0;-65.40
82.8;16;5500000000.0;-66.94
82.8;17;5500000000.0;-63.43
82.8;18;5500000000.0;-63.41
82.8;19;5500000000.0;-64.15
82.8;20;5500000000.0;-70.93
82.8;21;5500000000.0;-70.55
82.8;22;5500000000.0;-67.84
82.8;23;5500000000.0;-64.28
82.8;24;5500000000.0;-64.28
82.8;25;5500000000.0;-68.98
82.8;26;5500000000.0;-63.94
82.8;27;5500000000.0;-63.95
84.60000000000001;1;5500000000.0;-65.08
84.60000000000001;2;5500000000.0;-64.14
84.60000000000001;3;5500000000.0;-64.19
84.60000000000001;4;5500000000.0;-69.19
84.60000000000001;5;5500000000.0;-56.60
84.60000000000001;6;5500000000.0;-56.56
84.60000000000001;7;5500000000.0;-56.63
84.60000000000001;8;5500000000.0;-72.23
84.60000000000001;9;5500000000.0;-72.16
84.60000000000001;10;5500000000.0;-70.75
84.60000000000001;11;5500000000.0;-66.09
84.60000000000001;12;5500000000.0;-66.11
84.60000000000001;13;5500000000.0;-64.90
84.60000000000001;14;5500000000.0;-65.07
84.60000000000001;15;5500000000.0;-64.82
84.60000000000001;16;5500000000.0;-67.31
84.60000000000001;17;5500000000.0;-67.99
84.60000000000001;18;5500000000.0;-64.50
84.60000000000001;19;5500000000.0;-64.73
84.60000000000001;20;5500000000.0;-70.30
84.60000000000001;21;5500000000.0;-69.25
84.60000000000001;22;5500000000.0;-67.81
84.60000000000001;23;5500000000.0;-63.02
84.60000000000001;24;5500000000.0;-63.06
84.60000000000001;25;5500000000.0;-63.89
84.60000000000001;26;5500000000.0;-65.98
84.60000000000001;27;5500000000.0;-64.97
86.4;1;5500000000.0;-58.94
86.4;2;5500000000.0;-55.51
86.4;3;5500000000.0;-55.58
86.4;4;5500000000.0;-63.37
86.4;5;5500000000.0;-55.61
86.4;6;5500000000.0;-55.60
86.4;7;5500000000.0;-56.71
86.4;8;5500000000.0;-63.77
86.4;9;5500000000.0;-63.53
86.4;10;5500000000.0;-63.72
86.4;11;5500000000.0;-58.69
86.4;12;5500000000.0;-58.64
86.4;13;5500000000.0;-57.65
86.4;14;5500000000.0;-57.79
86.4;15;5500000000.0;-57.79
86.4;16;5500000000.0;-61.82
86.4;17;5500000000.0;-61.82
86.4;18;5500000000.0;-60.74
86.4;19;5500000000.0;-60.73
86.4;20;5500000000.0;-63.10
86.4;21;5500000000.0;-63.01
86.4;22;5500000000.0;-63.12
86.4;23;5500000000.0;-59.66
86.4;24;5500000000.0;-59.27
86.4;25;5500000000.0;-59.09
86.4;26;5500000000.0;-59.77
86.4;27;5500000000.0;-58.76
88.2;1;5500000000.0;-55.64
88.2;2;5500000000.0;-50.81
88.2;3;5500000000.0;-50.80
88.2;4;5500000000.0;-60.06
88.2;5;5500000000.0;-56.83
88.2;6;5500000000.0;-56.83
88.2;7;5500000000.0;-59.03
88.2;8;5500000000.0;-59.03
88.2;9;5500000000.0;-58.69
88.2;10;5500000000.0;-58.68
88.2;11;5500000000.0;-53.97
88.2;12;5500000000.0;-53.97
88.2;13;5500000000.0;-53.16
88.2;14;5500000000.0;-53.16
88.2;15;5500000000.0;-53.16
88.2;16;5500000000.0;-57.40
88.2;17;5500000000.0;-57.52
88.2;18;5500000000.0;-58.80
88.2;19;5500000000.0;-58.04
88.2;20;5500000000.0;-58.04
88.2;21;5500000000.0;-58.10
88.2;22;5500000000.0;-58.10
88.2;23;5500000000.0;-56.68
88.2;24;5500000000.0;-56.03
88.2;25;5500000000.0;-55.91
88.2;26;5500000000.0;-55.62
88.2;27;5500000000.0;-55.62
90.0;1;5500000000.0;-55.45
90.0;2;5500000000.0;-50.01
90.0;3;5500000000.0;-50.01
90.0;4;5500000000.0;-59.74
90.0;5;5500000000.0;-58.52
90.0;6;5500000000.0;-58.32
90.0;7;5500000000.0;-58.07
90.0;8;5500000000.0;-58.07
90.0;9;5500000000.0;-57.96
90.0;10;5500000000.0;-57.95
90.0;11;5500000000.0;-53.19
90.0;12;5500000000.0;-53.19
90.0;13;5500000000.0;-52.39
90.0;14;5500000000.0;-52.38
90.0;15;5500000000.0;-52.38
90.0;16;5500000000.0;-56.63
90.0;17;5500000000.0;-56.77
90.0;18;5500000000.0;-58.40
90.0;19;5500000000.0;-57.11
90.0;20;5500000000.0;-57.11
90.0;21;5500000000.0;-57.24
90.0;22;5500000000.0;-57.25
90.0;23;5500000000.0;-56.17
90.0;24;5500000000.0;-55.60
90.0;25;5500000000.0;-54.86
90.0;26;5500000000.0;-54.86
90.0;27;5500000000.0;-55.13
91.8;1;5500000000.0;-58.23
91.8;2;5500000000.0;-52.79
91.8;3;5500000000.0;-52.80
91.8;4;5500000000.0;-61.78
91.8;5;5500000000.0;-57.17
91.8;6;5500000000.0;-56.11
91.8;7;5500000000.0;-56.11
91.8;8;5500000000.0;-60.95
91.8;9;5500000000.0;-60.82
91.8;10;5500000000.0;-60.81
91.8;11;5500000000.0;-55.91
91.8;12;5500000000.0;-55.91
91.8;13;5500000000.0;-55.09
91.8;14;5500000000.0;-55.09
91.8;15;5500000000.0;-55.09
91.8;16;5500000000.0;-59.24
91.8;17;5500000000.0;-59.32
91.8;18;5500000000.0;-59.32
91.8;19;5500000000.0;-59.87
91.8;20;5500000000.0;-59.87
91.8;21;5500000000.0;-60.10
91.8;22;5500000000.0;-60.09
91.8;23;5500000000.0;-57.99
91.8;24;5500000000.0;-57.99
91.8;25;5500000000.0;-56.99
91.8;26;5500000000.0;-57.00
91.8;27;5500000000.0;-58.46
93.60000000000001;1;5500000000.0;-64.88
93.60000000000001;2;5500000000.0;-59.52
93.60000000000001;3;5500000000.0;-59.52
93.60000000000001;4;5500000000.0;-66.88
93.60000000000001;5;5500000000.0;-56.15
93.60000000000001;6;5500000000.0;-56.04
93.60000000000001;7;5500000000.0;-56.05
93.60000000000001;8;5500000000.0;-67.60
93.60000000000001;9;5500000000.0;-67.16
93.60000000000001;10;5500000000.0;-67.16
93.60000000000001;11;5500000000.0;-62.29
93.60000000000001;12;5500000000.0;-62.30
93.60000000000001;13;5500000000.0;-61.46
93.60000000000001;14;5500000000.0;-61.47
93.60000000000001;15;5500000000.0;-61.47
93.60000000000001;16;5500000000.0;-65.03
93.60000000000001;17;5500000000.0;-62.69
93.60000000000001;18;5500000000.0;-62.69
93.60000000000001;19;5500000000.0;-66.11
93.60000000000001;20;5500000000.0;-66.12
93.60000000000001;21;5500000000.0;-66.52
93.60000000000001;22;5500000000.0;-66.53
93.60000000000001;23;5500000000.0;-61.57
93.60000000000001;24;5500000000.0;-61.58
93.60000000000001;25;5500000000.0;-63.30
93.60000000000001;26;5500000000.0;-63.29
93.60000000000001;27;5500000000.0;-64.27
95.4;1;5500000000.0;-65.85
95.4;2;5500000000.0;-65.03
95.4;3;5500000000.0;-65.07
95.4;4;5500000000.0;-66.12
95.4;5;5500000000.0;-58.00
95.4;6;5500000000.0;-58.02
95.4;7;5500000000.0;-58.37
95.4;8;5500000000.0;-72.91
95.4;9;5500000000.0;-71.30
95.4;10;5500000000.0;-69.31
95.4;11;5500000000.0;-66.14
95.4;12;5500000000.0;-66.14
95.4;13;5500000000.0;-65.71
95.4;14;5500000000.0;-65.71
95.4;15;5500000000.0;-65.80
95.4;16;5500000000.0;-69.93
95.4;17;5500000000.0;-68.39
95.4;18;5500000000.0;-68.40
95.4;19;5500000000.0;-69.29
95.4;20;5500000000.0;-70.82
95.4;21;5500000000.0;-71.83
95.4;22;5500000000.0;-67.76
95.4;23;5500000000.0;-64.22
95.4;24;5500000000.0;-64.22
95.4;25;5500000000.0;-70.63
95.4;26;5500000000.0;-67.18
95.4;27;5500000000.0;-67.16
97.2;1;5500000000.0;-62.01
97.2;2;5500000000.0;-62.02
97.2;3;5500000000.0;-62.16
97.2;4;5500000000.0;-62.05
97.2;5;5500000000.0;-62.05
97.2;6;5500000000.0;-61.08
97.2;7;5500000000.0;-61.08
97.2;8;5500000000.0;-70.96
97.2;9;5500000000.0;-69.60
97.2;10;5500000000.0;-64.01
97.2;11;5500000000.0;-64.01
97.2;12;5500000000.0;-65.10
97.2;13;5500000000.0;-65.22
97.2;14;5500000000.0;-65.50
97.2;15;5500000000.0;-65.57
97.2;16;5500000000.0;-64.73
97.2;17;5500000000.0;-60.56
97.2;18;5500000000.0;-59.11
97.2;19;5500000000.0;-59.11
97.2;20;5500000000.0;-69.88
97.2;21;5500000000.0;-70.05
97.2;22;5500000000.0;-67.81
97.2;23;5500000000.0;-64.04
97.2;24;5500000000.0;-64.04
97.2;25;5500000000.0;-65.12
97.2;26;5500000000.0;-66.37
97.2;27;5500000000.0;-64.78
99.0;1;5500000000.0;-62.80
99.0;2;5500000000.0;-62.79
99.0;3;5500000000.0;-62.85
99.0;4;5500000000.0;-62.70
99.0;5;5500000000.0;-62.70
99.0;6;5500000000.0;-61.19
99.0;7;5500000000.0;-61.18
99.0;8;5500000000.0;-67.09
99.0;9;5500000000.0;-67.07
99.0;10;5500000000.0;-63.59
99.0;11;5500000000.0;-63.60
99.0;12;5500000000.0;-66.61
99.0;13;5500000000.0;-66.60
99.0;14;5500000000.0;-67.96
99.0;15;5500000000.0;-67.95
99.0;16;5500000000.0;-64.11
99.0;17;5500000000.0;-57.17
99.0;18;5500000000.0;-56.50
99.0;19;5500000000.0;-56.50
99.0;20;5500000000.0;-67.87
99.0;21;5500000000.0;-67.50
99.0;22;5500000000.0;-67.50
99.0;23;5500000000.0;-64.98
99.0;24;5500000000.0;-64.97
99.0;25;5500000000.0;-65.38
99.0;26;5500000000.0;-61.94
99.0;27;5500000000.0;-61.96
100.8;1;5500000000.0;-67.27
100.8;2;5500000000.0;-66.46
100.8;3;5500000000.0;-66.51
100.8;4;5500000000.0;-68.30
100.8;5;5500000000.0;-68.33
100.8;6;5500000000.0;-63.28
100.8;7;5500000000.0;-63.29
100.8;8;5500000000.0;-67.42
100.8;9;5500000000.0;-67.43
100.8;10;5500000000.0;-67.76
100.8;11;5500000000.0;-67.91
100.8;12;5500000000.0;-69.64
100.8;13;5500000000.0;-69.65
100.8;14;5500000000.0;-69.90
100.8;15;5500000000.0;-66.83
100.8;16;5500000000.0;-66.81
100.8;17;5500000000.0;-57.75
100.8;18;5500000000.0;-57.45
100.8;19;5500000000.0;-57.46
100.8;20;5500000000.0;-68.31
100.8;21;5500000000.0;-68.29
100.8;22;5500000000.0;-68.50
100.8;23;5500000000.0;-69.42
100.8;24;5500000000.0;-69.44
100.8;25;5500000000.0;-66.62
100.8;26;5500000000.0;-60.86
100.8;27;5500000000.0;-60.87
102.60000000000001;1;5500000000.0;-66.19
102.60000000000001;2;5500000000.0;-66.46
102.60000000000001;3;5500000000.0;-66.51
102.60000000000001;4;5500000000.0;-71.65
102.60000000000001;5;5500000000.0;-72.25
102.60000000000001;6;5500000000.0;-69.49
102.60000000000001;7;5500000000.0;-69.49
102.60000000000001;8;5500000000.0;-71.92
102.60000000000001;9;5500000000.0;-71.65
102.60000000000001;10;5500000000.0;-71.66
102.60000000000001;11;5500000000.0;-74.53
102.60000000000001;12;5500000000.0;-74.48
102.60000000000001;13;5500000000.0;-72.59
102.60000000000001;14;5500000000.0;-72.51
102.60000000000001;15;5500000000.0;-65.81
102.60000000000001;16;5500000000.0;-65.82
102.60000000000001;17;5500000000.0;-61.80
102.60000000000001;18;5500000000.0;-61.54
102.60000000000001;19;5500000000.0;-61.53
102.60000000000001;20;5500000000.0;-73.08
102.60000000000001;21;5500000000.0;-73.14
102.60000000000001;22;5500000000.0;-72.21
102.60000000000001;23;5500000000.0;-72.20
102.60000000000001;24;5500000000.0;-74.93
102.60000000000001;25;5500000000.0;-69.52
102.60000000000001;26;5500000000.0;-63.53
102.60000000000001;27;5500000000.0;-63.53
104.4;1;5500000000.0;-69.72
104.4;2;5500000000.0;-71.11
104.4;3;5500000000.0;-71.15
104.4;4;5500000000.0;-72.81
104.4;5;5500000000.0;-66.24
104.4;6;5500000000.0;-66.25
104.4;7;5500000000.0;-70.19
104.4;8;5500000000.0;-75.65
104.4;9;5500000000.0;-75.45
104.4;10;5500000000.0;-75.47
104.4;11;5500000000.0;-82.74
104.4;12;5500000000.0;-82.81
104.4;13;5500000000.0;-78.08
104.4;14;5500000000.0;-78.05
104.4;15;5500000000.0;-67.49
104.4;16;5500000000.0;-67.46
104.4;17;5500000000.0;-67.08
104.4;18;5500000000.0;-67.06
104.4;19;5500000000.0;-68.56
104.4;20;5500000000.0;-76.69
104.4;21;5500000000.0;-76.57
104.4;22;5500000000.0;-68.91
104.4;23;5500000000.0;-68.90
104.4;24;5500000000.0;-78.06
104.4;25;5500000000.0;-77.07
104.4;26;5500000000.0;-68.27
104.4;27;5500000000.0;-68.29
106.2;1;5500000000.0;-71.73
106.2;2;5500000000.0;-71.31
106.2;3;5500000000.0;-71.33
106.2;4;5500000000.0;-72.34
106.2;5;5500000000.0;-64.59
106.2;6;5500000000.0;-64.60
106.2;7;5500000000.0;-69.68
106.2;8;5500000000.0;-71.82
106.2;9;5500000000.0;-73.28
106.2;10;5500000000.0;-72.93
106.2;11;5500000000.0;-71.72
106.2;12;5500000000.0;-71.75
106.2;13;5500000000.0;-71.19
106.2;14;5500000000.0;-71.15
106.2;15;5500000000.0;-68.68
106.2;16;5500000000.0;-68.60
106.2;17;5500000000.0;-66.61
106.2;18;5500000000.0;-66.63
106.2;19;5500000000.0;-72.52
106.2;20;5500000000.0;-72.31
106.2;21;5500000000.0;-72.35
106.2;22;5500000000.0;-62.98
106.2;23;5500000000.0;-62.99
106.2;24;5500000000.0;-71.61
106.2;25;5500000000.0;-73.15
106.2;26;5500000000.0;-68.71
106.2;27;5500000000.0;-68.70
108.0;1;5500000000.0;-63.33
108.0;2;5500000000.0;-66.24
108.0;3;5500000000.0;-66.47
108.0;4;5500000000.0;-66.43
108.0;5;5500000000.0;-65.46
108.0;6;5500000000.0;-65.47
108.0;7;5500000000.0;-67.89
108.0;8;5500000000.0;-67.86
108.0;9;5500000000.0;-69.56
108.0;10;5500000000.0;-65.28
108.0;11;5500000000.0;-65.29
108.0;12;5500000000.0;-66.42
108.0;13;5500000000.0;-66.49
108.0;14;5500000000.0;-66.52
108.0;15;5500000000.0;-63.35
108.0;16;5500000000.0;-59.90
108.0;17;5500000000.0;-59.89
108.0;18;5500000000.0;-66.63
108.0;19;5500000000.0;-68.20
108.0;20;5500000000.0;-68.20
108.0;21;5500000000.0;-68.21
108.0;22;5500000000.0;-60.84
108.0;23;5500000000.0;-60.83
108.0;24;5500000000.0;-67.32
108.0;25;5500000000.0;-65.86
108.0;26;5500000000.0;-65.86
108.0;27;5500000000.0;-63.46
109.8;1;5500000000.0;-61.65
109.8;2;5500000000.0;-65.54
109.8;3;5500000000.0;-65.80
109.8;4;5500000000.0;-65.46
109.8;5;5500000000.0;-65.46
109.8;6;5500000000.0;-66.49
109.8;7;5500000000.0;-66.50
109.8;8;5500000000.0;-66.96
109.8;9;5500000000.0;-68.06
109.8;10;5500000000.0;-64.09
109.8;11;5500000000.0;-64.10
109.8;12;5500000000.0;-65.47
109.8;13;5500000000.0;-65.63
109.8;14;5500000000.0;-65.72
109.8;15;5500000000.0;-60.73
109.8;16;5500000000.0;-56.21
109.8;17;5500000000.0;-56.21
109.8;18;5500000000.0;-69.01
109.8;19;5500000000.0;-67.09
109.8;20;5500000000.0;-67.10
109.8;21;5500000000.0;-66.48
109.8;22;5500000000.0;-62.34
109.8;23;5500000000.0;-62.34
109.8;24;5500000000.0;-65.78
109.8;25;5500000000.0;-63.61
109.8;26;5500000000.0;-63.63
109.8;27;5500000000.0;-61.73
111.60000000000001;1;5500000000.0;-64.05
111.60000000000001;2;5500000000.0;-66.91
111.60000000000001;3;5500000000.0;-67.19
111.60000000000001;4;5500000000.0;-66.77
111.60000000000001;5;5500000000.0;-66.79
111.60000000000001;6;5500000000.0;-67.80
111.60000000000001;7;5500000000.0;-67.81
111.60000000000001;8;5500000000.0;-67.87
111.60000000000001;9;5500000000.0;-66.43
111.60000000000001;10;5500000000.0;-66.43
111.60000000000001;11;5500000000.0;-67.20
111.60000000000001;12;5500000000.0;-67.20
111.60000000000001;13;5500000000.0;-67.35
111.60000000000001;14;5500000000.0;-67.39
111.60000000000001;15;5500000000.0;-61.50
111.60000000000001;16;5500000000.0;-55.57
111.60000000000001;17;5500000000.0;-55.57
111.60000000000001;18;5500000000.0;-71.91
111.60000000000001;19;5500000000.0;-67.81
111.60000000000001;20;5500000000.0;-67.58
111.60000000000001;21;5500000000.0;-66.47
111.60000000000001;22;5500000000.0;-65.47
111.60000000000001;23;5500000000.0;-65.04
111.60000000000001;24;5500000000.0;-65.05
111.60000000000001;25;5500000000.0;-63.07
111.60000000000001;26;5500000000.0;-63.07
111.60000000000001;27;5500000000.0;-64.19
113.4;1;5500000000.0;-65.30
113.4;2;5500000000.0;-65.41
113.4;3;5500000000.0;-65.61
113.4;4;5500000000.0;-65.61
113.4;5;5500000000.0;-65.62
113.4;6;5500000000.0;-66.94
113.4;7;5500000000.0;-67.55
113.4;8;5500000000.0;-67.19
113.4;9;5500000000.0;-65.75
113.4;10;5500000000.0;-65.76
113.4;11;5500000000.0;-68.14
113.4;12;5500000000.0;-68.16
113.4;13;5500000000.0;-68.25
113.4;14;5500000000.0;-68.40
113.4;15;5500000000.0;-65.90
113.4;16;5500000000.0;-57.28
113.4;17;5500000000.0;-57.27
113.4;18;5500000000.0;-70.81
113.4;19;5500000000.0;-67.45
113.4;20;5500000000.0;-67.36
113.4;21;5500000000.0;-66.52
113.4;22;5500000000.0;-62.99
113.4;23;5500000000.0;-62.99
113.4;24;5500000000.0;-65.53
113.4;25;5500000000.0;-62.90
113.4;26;5500000000.0;-62.90
113.4;27;5500000000.0;-67.72
115.2;1;5500000000.0;-65.49
115.2;2;5500000000.0;-65.58
115.2;3;5500000000.0;-65.73
115.2;4;5500000000.0;-65.76
115.2;5;5500000000.0;-65.81
115.2;6;5500000000.0;-66.35
115.2;7;5500000000.0;-67.90
115.2;8;5500000000.0;-67.43
115.2;9;5500000000.0;-67.35
115.2;10;5500000000.0;-67.34
115.2;11;5500000000.0;-67.80
115.2;12;5500000000.0;-68.85
115.2;13;5500000000.0;-68.92
115.2;14;5500000000.0;-69.33
115.2;15;5500000000.0;-69.40
115.2;16;5500000000.0;-60.53
115.2;17;5500000000.0;-60.54
115.2;18;5500000000.0;-68.67
115.2;19;5500000000.0;-67.92
115.2;20;5500000000.0;-67.92
115.2;21;5500000000.0;-67.87
115.2;22;5500000000.0;-62.33
115.2;23;5500000000.0;-62.33
115.2;24;5500000000.0;-65.79
115.2;25;5500000000.0;-63.72
115.2;26;5500000000.0;-63.71
115.2;27;5500000000.0;-68.53
117.0;1;5500000000.0;-69.04
117.0;2;5500000000.0;-69.44
117.0;3;5500000000.0;-69.38
117.0;4;5500000000.0;-69.39
117.0;5;5500000000.0;-66.84
117.0;6;5500000000.0;-66.86
117.0;7;5500000000.0;-70.14
117.0;8;5500000000.0;-69.59
117.0;9;5500000000.0;-69.63
117.0;10;5500000000.0;-69.72
117.0;11;5500000000.0;-69.77
117.0;12;5500000000.0;-70.99
117.0;13;5500000000.0;-71.16
117.0;14;5500000000.0;-71.54
117.0;15;5500000000.0;-70.78
117.0;16;5500000000.0;-65.17
117.0;17;5500000000.0;-65.19
117.0;18;5500000000.0;-68.33
117.0;19;5500000000.0;-68.33
117.0;20;5500000000.0;-70.40
117.0;21;5500000000.0;-70.48
117.0;22;5500000000.0;-65.44
117.0;23;5500000000.0;-65.42
117.0;24;5500000000.0;-68.54
117.0;25;5500000000.0;-65.70
117.0;26;5500000000.0;-65.71
117.0;27;5500000000.0;-70.90
118.8;1;5500000000.0;-74.90
118.8;2;5500000000.0;-69.02
118.8;3;5500000000.0;-69.05
118.8;4;5500000000.0;-75.00
118.8;5;5500000000.0;-67.99
118.8;6;5500000000.0;-67.93
118.8;7;5500000000.0;-72.03
118.8;8;5500000000.0;-71.79
118.8;9;5500000000.0;-71.81
118.8;10;5500000000.0;-69.88
118.8;11;5500000000.0;-69.84
118.8;12;5500000000.0;-71.30
118.8;13;5500000000.0;-71.43
118.8;14;5500000000.0;-71.35
118.8;15;5500000000.0;-67.17
118.8;16;5500000000.0;-67.19
118.8;17;5500000000.0;-70.03
118.8;18;5500000000.0;-67.41
118.8;19;5500000000.0;-67.41
118.8;20;5500000000.0;-72.44
118.8;21;5500000000.0;-72.45
118.8;22;5500000000.0;-73.05
118.8;23;5500000000.0;-73.07
118.8;24;5500000000.0;-72.34
118.8;25;5500000000.0;-67.50
118.8;26;5500000000.0;-67.52
118.8;27;5500000000.0;-74.63
120.60000000000001;1;5500000000.0;-76.01
120.60000000000001;2;5500000000.0;-67.84
120.60000000000001;3;5500000000.0;-67.89
120.60000000000001;4;5500000000.0;-75.44
120.60000000000001;5;5500000000.0;-68.60
120.60000000000001;6;5500000000.0;-68.62
120.60000000000001;7;5500000000.0;-71.25
120.60000000000001;8;5500000000.0;-71.25
120.60000000000001;9;5500000000.0;-70.69
120.60000000000001;10;5500000000.0;-68.24
120.60000000000001;11;5500000000.0;-68.25
120.60000000000001;12;5500000000.0;-70.08
120.60000000000001;13;5500000000.0;-69.92
120.60000000000001;14;5500000000.0;-69.78
120.60000000000001;15;5500000000.0;-67.12
120.60000000000001;16;5500000000.0;-67.13
120.60000000000001;17;5500000000.0;-73.07
120.60000000000001;18;5500000000.0;-65.01
120.60000000000001;19;5500000000.0;-65.01
120.60000000000001;20;5500000000.0;-71.30
120.60000000000001;21;5500000000.0;-71.28
120.60000000000001;22;5500000000.0;-72.82
120.60000000000001;23;5500000000.0;-73.49
120.60000000000001;24;5500000000.0;-69.69
120.60000000000001;25;5500000000.0;-67.14
120.60000000000001;26;5500000000.0;-67.11
120.60000000000001;27;5500000000.0;-75.23
122.4;1;5500000000.0;-69.34
122.4;2;5500000000.0;-66.88
122.4;3;5500000000.0;-66.90
122.4;4;5500000000.0;-69.84
122.4;5;5500000000.0;-66.22
122.4;6;5500000000.0;-66.21
122.4;7;5500000000.0;-68.33
122.4;8;5500000000.0;-68.30
122.4;9;5500000000.0;-66.99
122.4;10;5500000000.0;-66.96
122.4;11;5500000000.0;-68.36
122.4;12;5500000000.0;-68.36
122.4;13;5500000000.0;-68.01
122.4;14;5500000000.0;-67.84
122.4;15;5500000000.0;-66.48
122.4;16;5500000000.0;-66.48
122.4;17;5500000000.0;-68.97
122.4;18;5500000000.0;-63.75
122.4;19;5500000000.0;-63.77
122.4;20;5500000000.0;-68.06
122.4;21;5500000000.0;-68.06
122.4;22;5500000000.0;-68.75
122.4;23;5500000000.0;-65.84
122.4;24;5500000000.0;-65.85
122.4;25;5500000000.0;-64.95
122.4;26;5500000000.0;-64.96
122.4;27;5500000000.0;-69.86
124.2;1;5500000000.0;-64.58
124.2;2;5500000000.0;-65.57
124.2;3;5500000000.0;-65.54
124.2;4;5500000000.0;-65.54
124.2;5;5500000000.0;-64.04
124.2;6;5500000000.0;-64.03
124.2;7;5500000000.0;-65.57
124.2;8;5500000000.0;-65.58
124.2;9;5500000000.0;-66.02
124.2;10;5500000000.0;-66.02
124.2;11;5500000000.0;-65.86
124.2;12;5500000000.0;-65.87
124.2;13;5500000000.0;-65.75
124.2;14;5500000000.0;-65.48
124.2;15;5500000000.0;-65.12
124.2;16;5500000000.0;-65.13
124.2;17;5500000000.0;-65.00
124.2;18;5500000000.0;-63.63
124.2;19;5500000000.0;-63.63
124.2;20;5500000000.0;-65.51
124.2;21;5500000000.0;-65.50
124.2;22;5500000000.0;-66.16
124.2;23;5500000000.0;-62.75
124.2;24;5500000000.0;-62.75
124.2;25;5500000000.0;-63.46
124.2;26;5500000000.0;-63.46
124.2;27;5500000000.0;-64.81
126.0;1;5500000000.0;-62.38
126.0;2;5500000000.0;-64.33
126.0;3;5500000000.0;-64.42
126.0;4;5500000000.0;-64.42
126.0;5;5500000000.0;-64.11
126.0;6;5500000000.0;-64.12
126.0;7;5500000000.0;-64.77
126.0;8;5500000000.0;-64.79
126.0;9;5500000000.0;-65.46
126.0;10;5500000000.0;-62.28
126.0;11;5500000000.0;-62.27
126.0;12;5500000000.0;-64.64
126.0;13;5500000000.0;-64.80
126.0;14;5500000000.0;-64.48
126.0;15;5500000000.0;-64.48
126.0;16;5500000000.0;-65.03
126.0;17;5500000000.0;-64.27
126.0;18;5500000000.0;-64.27
126.0;19;5500000000.0;-64.56
126.0;20;5500000000.0;-64.79
126.0;21;5500000000.0;-64.97
126.0;22;5500000000.0;-66.05
126.0;23;5500000000.0;-63.27
126.0;24;5500000000.0;-63.27
126.0;25;5500000000.0;-63.36
126.0;26;5500000000.0;-64.07
126.0;27;5500000000.0;-62.42
127.8;1;5500000000.0;-62.30
127.8;2;5500000000.0;-65.69
127.8;3;5500000000.0;-65.84
127.8;4;5500000000.0;-65.84
127.8;5;5500000000.0;-65.84
127.8;6;5500000000.0;-65.05
127.8;7;5500000000.0;-65.06
127.8;8;5500000000.0;-65.80
127.8;9;5500000000.0;-66.55
127.8;10;5500000000.0;-61.29
127.8;11;5500000000.0;-61.30
127.8;12;5500000000.0;-65.08
127.8;13;5500000000.0;-65.24
127.8;14;5500000000.0;-65.11
127.8;15;5500000000.0;-65.11
127.8;16;5500000000.0;-65.99
127.8;17;5500000000.0;-65.53
127.8;18;5500000000.0;-65.52
127.8;19;5500000000.0;-65.72
127.8;20;5500000000.0;-65.70
127.8;21;5500000000.0;-66.23
127.8;22;5500000000.0;-67.43
127.8;23;5500000000.0;-66.96
127.8;24;5500000000.0;-64.69
127.8;25;5500000000.0;-64.68
127.8;26;5500000000.0;-65.99
127.8;27;5500000000.0;-62.39
129.6;1;5500000000.0;-63.89
129.6;2;5500000000.0;-67.16
129.6;3;5500000000.0;-67.19
129.6;4;5500000000.0;-67.30
129.6;5;5500000000.0;-67.30
129.6;6;5500000000.0;-64.90
129.6;7;5500000000.0;-64.92
129.6;8;5500000000.0;-67.10
129.6;9;5500000000.0;-67.71
129.6;10;5500000000.0;-63.41
129.6;11;5500000000.0;-63.41
129.6;12;5500000000.0;-66.32
129.6;13;5500000000.0;-66.38
129.6;14;5500000000.0;-66.38
129.6;15;5500000000.0;-66.15
129.6;16;5500000000.0;-66.16
129.6;17;5500000000.0;-66.85
129.6;18;5500000000.0;-66.84
129.6;19;5500000000.0;-67.06
129.6;20;5500000000.0;-67.05
129.6;21;5500000000.0;-67.68
129.6;22;5500000000.0;-68.25
129.6;23;5500000000.0;-66.59
129.6;24;5500000000.0;-66.28
129.6;25;5500000000.0;-66.29
129.6;26;5500000000.0;-67.22
129.6;27;5500000000.0;-63.96
131.4;1;5500000000.0;-65.85
131.4;2;5500000000.0;-66.31
131.4;3;5500000000.0;-66.53
131.4;4;5500000000.0;-66.35
131.4;5;5500000000.0;-66.34
131.4;6;5500000000.0;-65.08
131.4;7;5500000000.0;-65.08
131.4;8;5500000000.0;-66.86
131.4;9;5500000000.0;-63.66
131.4;10;5500000000.0;-63.66
131.4;11;5500000000.0;-66.89
131.4;12;5500000000.0;-66.89
131.4;13;5500000000.0;-66.78
131.4;14;5500000000.0;-66.76
131.4;15;5500000000.0;-65.44
131.4;16;5500000000.0;-65.43
131.4;17;5500000000.0;-66.20
131.4;18;5500000000.0;-66.26
131.4;19;5500000000.0;-66.27
131.4;20;5500000000.0;-66.94
131.4;21;5500000000.0;-65.72
131.4;22;5500000000.0;-65.72
131.4;23;5500000000.0;-62.51
131.4;24;5500000000.0;-62.50
131.4;25;5500000000.0;-65.70
131.4;26;5500000000.0;-65.70
131.4;27;5500000000.0;-65.88
133.20000000000002;1;5500000000.0;-65.57
133.20000000000002;2;5500000000.0;-65.66
133.20000000000002;3;5500000000.0;-65.84
133.20000000000002;4;5500000000.0;-65.79
133.20000000000002;5;5500000000.0;-65.81
133.20000000000002;6;5500000000.0;-65.62
133.20000000000002;7;5500000000.0;-65.62
133.20000000000002;8;5500000000.0;-66.76
133.20000000000002;9;5500000000.0;-62.14
133.20000000000002;10;5500000000.0;-62.14
133.20000000000002;11;5500000000.0;-67.14
133.20000000000002;12;5500000000.0;-67.09
133.20000000000002;13;5500000000.0;-67.09
133.20000000000002;14;5500000000.0;-67.01
133.20000000000002;15;5500000000.0;-65.72
133.20000000000002;16;5500000000.0;-65.69
133.20000000000002;17;5500000000.0;-65.71
133.20000000000002;18;5500000000.0;-66.00
133.20000000000002;19;5500000000.0;-66.01
133.20000000000002;20;5500000000.0;-66.87
133.20000000000002;21;5500000000.0;-64.63
133.20000000000002;22;5500000000.0;-64.63
133.20000000000002;23;5500000000.0;-61.51
133.20000000000002;24;5500000000.0;-61.51
133.20000000000002;25;5500000000.0;-64.41
133.20000000000002;26;5500000000.0;-64.42
133.20000000000002;27;5500000000.0;-66.77
135.0;1;5500000000.0;-66.50
135.0;2;5500000000.0;-66.59
135.0;3;5500000000.0;-66.84
135.0;4;5500000000.0;-66.81
135.0;5;5500000000.0;-66.81
135.0;6;5500000000.0;-66.75
135.0;7;5500000000.0;-66.73
135.0;8;5500000000.0;-68.03
135.0;9;5500000000.0;-62.11
135.0;10;5500000000.0;-62.12
135.0;11;5500000000.0;-63.04
135.0;12;5500000000.0;-68.16
135.0;13;5500000000.0;-68.16
135.0;14;5500000000.0;-68.14
135.0;15;5500000000.0;-67.56
135.0;16;5500000000.0;-66.74
135.0;17;5500000000.0;-66.75
135.0;18;5500000000.0;-66.99
135.0;19;5500000000.0;-67.02
135.0;20;5500000000.0;-68.04
135.0;21;5500000000.0;-65.19
135.0;22;5500000000.0;-65.17
135.0;23;5500000000.0;-62.86
135.0;24;5500000000.0;-62.86
135.0;25;5500000000.0;-65.01
135.0;26;5500000000.0;-65.01
135.0;27;5500000000.0;-67.46
136.8;1;5500000000.0;-68.42
136.8;2;5500000000.0;-68.88
136.8;3;5500000000.0;-69.18
136.8;4;5500000000.0;-69.05
136.8;5;5500000000.0;-69.07
136.8;6;5500000000.0;-68.42
136.8;7;5500000000.0;-68.44
136.8;8;5500000000.0;-70.61
136.8;9;5500000000.0;-62.94
136.8;10;5500000000.0;-60.98
136.8;11;5500000000.0;-60.98
136.8;12;5500000000.0;-70.40
136.8;13;5500000000.0;-70.40
136.8;14;5500000000.0;-70.43
136.8;15;5500000000.0;-70.45
136.8;16;5500000000.0;-69.04
136.8;17;5500000000.0;-69.03
136.8;18;5500000000.0;-69.22
136.8;19;5500000000.0;-69.21
136.8;20;5500000000.0;-70.49
136.8;21;5500000000.0;-66.87
136.8;22;5500000000.0;-66.89
136.8;23;5500000000.0;-66.25
136.8;24;5500000000.0;-66.25
136.8;25;5500000000.0;-67.18
136.8;26;5500000000.0;-67.19
136.8;27;5500000000.0;-68.66
138.6;1;5500000000.0;-70.08
138.6;2;5500000000.0;-71.24
138.6;3;5500000000.0;-71.63
138.6;4;5500000000.0;-71.29
138.6;5;5500000000.0;-71.29
138.6;6;5500000000.0;-70.58
138.6;7;5500000000.0;-70.59
138.6;8;5500000000.0;-72.93
138.6;9;5500000000.0;-64.42
138.6;10;5500000000.0;-60.92
138.6;11;5500000000.0;-60.91
138.6;12;5500000000.0;-73.33
138.6;13;5500000000.0;-73.34
138.6;14;5500000000.0;-73.36
138.6;15;5500000000.0;-73.41
138.6;16;5500000000.0;-72.34
138.6;17;5500000000.0;-72.33
138.6;18;5500000000.0;-72.37
138.6;19;5500000000.0;-72.39
138.6;20;5500000000.0;-73.29
138.6;21;5500000000.0;-69.32
138.6;22;5500000000.0;-69.33
138.6;23;5500000000.0;-70.02
138.6;24;5500000000.0;-70.05
138.6;25;5500000000.0;-70.11
138.6;26;5500000000.0;-70.16
138.6;27;5500000000.0;-70.38
140.4;1;5500000000.0;-71.95
140.4;2;5500000000.0;-72.17
140.4;3;5500000000.0;-72.60
140.4;4;5500000000.0;-72.16
140.4;5;5500000000.0;-72.17
140.4;6;5500000000.0;-72.86
140.4;7;5500000000.0;-72.85
140.4;8;5500000000.0;-73.37
140.4;9;5500000000.0;-66.68
140.4;10;5500000000.0;-62.30
140.4;11;5500000000.0;-62.31
140.4;12;5500000000.0;-75.69
140.4;13;5500000000.0;-75.81
140.4;14;5500000000.0;-75.64
140.4;15;5500000000.0;-75.64
140.4;16;5500000000.0;-75.58
140.4;17;5500000000.0;-75.67
140.4;18;5500000000.0;-75.43
140.4;19;5500000000.0;-74.98
140.4;20;5500000000.0;-74.45
140.4;21;5500000000.0;-71.95
140.4;22;5500000000.0;-71.98
140.4;23;5500000000.0;-70.24
140.4;24;5500000000.0;-70.22
140.4;25;5500000000.0;-72.47
140.4;26;5500000000.0;-72.45
140.4;27;5500000000.0;-72.18
142.20000000000002;1;5500000000.0;-72.49
142.20000000000002;2;5500000000.0;-72.68
142.20000000000002;3;5500000000.0;-73.05
142.20000000000002;4;5500000000.0;-72.80
142.20000000000002;5;5500000000.0;-72.83
142.20000000000002;6;5500000000.0;-74.64
142.20000000000002;7;5500000000.0;-75.49
142.20000000000002;8;5500000000.0;-73.61
142.20000000000002;9;5500000000.0;-70.43
142.20000000000002;10;5500000000.0;-64.90
142.20000000000002;11;5500000000.0;-64.91
142.20000000000002;12;5500000000.0;-76.62
142.20000000000002;13;5500000000.0;-77.07
142.20000000000002;14;5500000000.0;-76.47
142.20000000000002;15;5500000000.0;-76.47
142.20000000000002;16;5500000000.0;-77.68
142.20000000000002;17;5500000000.0;-75.02
142.20000000000002;18;5500000000.0;-75.08
142.20000000000002;19;5500000000.0;-75.35
142.20000000000002;20;5500000000.0;-74.68
142.20000000000002;21;5500000000.0;-74.57
142.20000000000002;22;5500000000.0;-74.59
142.20000000000002;23;5500000000.0;-69.29
142.20000000000002;24;5500000000.0;-69.30
142.20000000000002;25;5500000000.0;-73.77
142.20000000000002;26;5500000000.0;-73.53
142.20000000000002;27;5500000000.0;-73.53
144.0;1;5500000000.0;-73.63
144.0;2;5500000000.0;-73.70
144.0;3;5500000000.0;-73.99
144.0;4;5500000000.0;-73.94
144.0;5;5500000000.0;-73.66
144.0;6;5500000000.0;-73.65
144.0;7;5500000000.0;-76.02
144.0;8;5500000000.0;-74.14
144.0;9;5500000000.0;-74.09
144.0;10;5500000000.0;-67.87
144.0;11;5500000000.0;-67.87
144.0;12;5500000000.0;-76.80
144.0;13;5500000000.0;-77.25
144.0;14;5500000000.0;-76.60
144.0;15;5500000000.0;-76.64
144.0;16;5500000000.0;-77.49
144.0;17;5500000000.0;-74.75
144.0;18;5500000000.0;-74.77
144.0;19;5500000000.0;-75.46
144.0;20;5500000000.0;-75.14
144.0;21;5500000000.0;-75.13
144.0;22;5500000000.0;-74.99
144.0;23;5500000000.0;-69.27
144.0;24;5500000000.0;-69.25
144.0;25;5500000000.0;-74.38
144.0;26;5500000000.0;-73.79
144.0;27;5500000000.0;-73.82
145.8;1;5500000000.0;-75.07
145.8;2;5500000000.0;-75.16
145.8;3;5500000000.0;-75.39
145.8;4;5500000000.0;-75.48
145.8;5;5500000000.0;-74.25
145.8;6;5500000000.0;-74.30
145.8;7;5500000000.0;-76.64
145.8;8;5500000000.0;-75.25
145.8;9;5500000000.0;-75.25
145.8;10;5500000000.0;-70.31
145.8;11;5500000000.0;-70.34
145.8;12;5500000000.0;-76.98
145.8;13;5500000000.0;-77.50
145.8;14;5500000000.0;-77.12
145.8;15;5500000000.0;-77.04
145.8;16;5500000000.0;-77.20
145.8;17;5500000000.0;-75.78
145.8;18;5500000000.0;-75.78
145.8;19;5500000000.0;-75.78
145.8;20;5500000000.0;-75.83
145.8;21;5500000000.0;-75.94
145.8;22;5500000000.0;-75.31
145.8;23;5500000000.0;-69.69
145.8;24;5500000000.0;-69.71
145.8;25;5500000000.0;-74.37
145.8;26;5500000000.0;-74.43
145.8;27;5500000000.0;-74.99
147.6;1;5500000000.0;-75.70
147.6;2;5500000000.0;-75.79
147.6;3;5500000000.0;-76.13
147.6;4;5500000000.0;-75.98
147.6;5;5500000000.0;-75.77
147.6;6;5500000000.0;-75.79
147.6;7;5500000000.0;-76.69
147.6;8;5500000000.0;-75.51
147.6;9;5500000000.0;-75.29
147.6;10;5500000000.0;-70.25
147.6;11;5500000000.0;-70.24
147.6;12;5500000000.0;-76.63
147.6;13;5500000000.0;-76.75
147.6;14;5500000000.0;-77.11
147.6;15;5500000000.0;-77.01
147.6;16;5500000000.0;-77.10
147.6;17;5500000000.0;-76.01
147.6;18;5500000000.0;-76.03
147.6;19;5500000000.0;-75.80
147.6;20;5500000000.0;-75.90
147.6;21;5500000000.0;-75.39
147.6;22;5500000000.0;-75.43
147.6;23;5500000000.0;-70.13
147.6;24;5500000000.0;-70.10
147.6;25;5500000000.0;-73.75
147.6;26;5500000000.0;-73.74
147.6;27;5500000000.0;-75.77
149.4;1;5500000000.0;-74.37
149.4;2;5500000000.0;-74.45
149.4;3;5500000000.0;-74.75
149.4;4;5500000000.0;-74.28
149.4;5;5500000000.0;-74.34
149.4;6;5500000000.0;-73.53
149.4;7;5500000000.0;-73.55
149.4;8;5500000000.0;-74.21
149.4;9;5500000000.0;-74.20
149.4;10;5500000000.0;-69.08
149.4;11;5500000000.0;-69.11
149.4;12;5500000000.0;-74.97
149.4;13;5500000000.0;-75.01
149.4;14;5500000000.0;-75.67
149.4;15;5500000000.0;-75.70
149.4;16;5500000000.0;-76.20
149.4;17;5500000000.0;-74.08
149.4;18;5500000000.0;-74.09
149.4;19;5500000000.0;-75.03
149.4;20;5500000000.0;-75.00
149.4;21;5500000000.0;-74.81
149.4;22;5500000000.0;-74.63
149.4;23;5500000000.0;-70.06
149.4;24;5500000000.0;-70.03
149.4;25;5500000000.0;-72.85
149.4;26;5500000000.0;-72.83
149.4;27;5500000000.0;-74.53
151.20000000000002;1;5500000000.0;-72.68
151.20000000000002;2;5500000000.0;-72.78
151.20000000000002;3;5500000000.0;-73.06
151.20000000000002;4;5500000000.0;-72.66
151.20000000000002;5;5500000000.0;-72.67
151.20000000000002;6;5500000000.0;-71.82
151.20000000000002;7;5500000000.0;-71.85
151.20000000000002;8;5500000000.0;-72.79
151.20000000000002;9;5500000000.0;-72.82
151.20000000000002;10;5500000000.0;-68.99
151.20000000000002;11;5500000000.0;-69.01
151.20000000000002;12;5500000000.0;-74.08
151.20000000000002;13;5500000000.0;-74.11
151.20000000000002;14;5500000000.0;-74.82
151.20000000000002;15;5500000000.0;-74.46
151.20000000000002;16;5500000000.0;-74.43
151.20000000000002;17;5500000000.0;-72.43
151.20000000000002;18;5500000000.0;-72.42
151.20000000000002;19;5500000000.0;-74.19
151.20000000000002;20;5500000000.0;-73.57
151.20000000000002;21;5500000000.0;-73.57
151.20000000000002;22;5500000000.0;-73.74
151.20000000000002;23;5500000000.0;-70.08
151.20000000000002;24;5500000000.0;-70.07
151.20000000000002;25;5500000000.0;-72.68
151.20000000000002;26;5500000000.0;-72.69
151.20000000000002;27;5500000000.0;-73.07
153.0;1;5500000000.0;-72.41
153.0;2;5500000000.0;-72.46
153.0;3;5500000000.0;-72.70
153.0;4;5500000000.0;-72.36
153.0;5;5500000000.0;-72.37
153.0;6;5500000000.0;-71.64
153.0;7;5500000000.0;-71.63
153.0;8;5500000000.0;-72.71
153.0;9;5500000000.0;-72.70
153.0;10;5500000000.0;-69.89
153.0;11;5500000000.0;-69.90
153.0;12;5500000000.0;-74.57
153.0;13;5500000000.0;-74.54
153.0;14;5500000000.0;-75.27
153.0;15;5500000000.0;-74.24
153.0;16;5500000000.0;-74.25
153.0;17;5500000000.0;-71.94
153.0;18;5500000000.0;-72.00
153.0;19;5500000000.0;-74.33
153.0;20;5500000000.0;-73.45
153.0;21;5500000000.0;-73.42
153.0;22;5500000000.0;-74.15
153.0;23;5500000000.0;-70.40
153.0;24;5500000000.0;-70.41
153.0;25;5500000000.0;-73.49
153.0;26;5500000000.0;-72.85
153.0;27;5500000000.0;-72.85
154.8;1;5500000000.0;-73.60
154.8;2;5500000000.0;-73.64
154.8;3;5500000000.0;-73.82
154.8;4;5500000000.0;-73.71
154.8;5;5500000000.0;-73.70
154.8;6;5500000000.0;-72.87
154.8;7;5500000000.0;-72.89
154.8;8;5500000000.0;-73.92
154.8;9;5500000000.0;-73.94
154.8;10;5500000000.0;-71.78
154.8;11;5500000000.0;-71.79
154.8;12;5500000000.0;-76.24
154.8;13;5500000000.0;-76.26
154.8;14;5500000000.0;-76.80
154.8;15;5500000000.0;-75.67
154.8;16;5500000000.0;-75.61
154.8;17;5500000000.0;-72.74
154.8;18;5500000000.0;-72.74
154.8;19;5500000000.0;-75.76
154.8;20;5500000000.0;-74.60
154.8;21;5500000000.0;-74.68
154.8;22;5500000000.0;-75.96
154.8;23;5500000000.0;-71.30
154.8;24;5500000000.0;-71.29
154.8;25;5500000000.0;-75.26
154.8;26;5500000000.0;-73.89
154.8;27;5500000000.0;-73.93
156.6;1;5500000000.0;-75.87
156.6;2;5500000000.0;-76.14
156.6;3;5500000000.0;-76.40
156.6;4;5500000000.0;-76.44
156.6;5;5500000000.0;-76.39
156.6;6;5500000000.0;-75.45
156.6;7;5500000000.0;-75.40
156.6;8;5500000000.0;-76.50
156.6;9;5500000000.0;-76.58
156.6;10;5500000000.0;-73.91
156.6;11;5500000000.0;-73.97
156.6;12;5500000000.0;-79.08
156.6;13;5500000000.0;-79.01
156.6;14;5500000000.0;-79.56
156.6;15;5500000000.0;-78.61
156.6;16;5500000000.0;-78.73
156.6;17;5500000000.0;-74.94
156.6;18;5500000000.0;-74.98
156.6;19;5500000000.0;-78.54
156.6;20;5500000000.0;-77.04
156.6;21;5500000000.0;-76.99
156.6;22;5500000000.0;-78.71
156.6;23;5500000000.0;-72.51
156.6;24;5500000000.0;-72.57
156.6;25;5500000000.0;-76.94
156.6;26;5500000000.0;-76.47
156.6;27;5500000000.0;-76.00
158.4;1;5500000000.0;-77.11
158.4;2;5500000000.0;-79.19
158.4;3;5500000000.0;-79.62
158.4;4;5500000000.0;-79.64
158.4;5;5500000000.0;-79.04
158.4;6;5500000000.0;-78.49
158.4;7;5500000000.0;-78.50
158.4;8;5500000000.0;-79.52
158.4;9;5500000000.0;-79.58
158.4;10;5500000000.0;-74.80
158.4;11;5500000000.0;-74.84
158.4;12;5500000000.0;-81.67
158.4;13;5500000000.0;-81.72
158.4;14;5500000000.0;-81.96
158.4;15;5500000000.0;-82.02
158.4;16;5500000000.0;-82.14
158.4;17;5500000000.0;-78.27
158.4;18;5500000000.0;-78.26
158.4;19;5500000000.0;-78.63
158.4;20;5500000000.0;-79.67
158.4;21;5500000000.0;-79.63
158.4;22;5500000000.0;-81.57
158.4;23;5500000000.0;-73.76
158.4;24;5500000000.0;-73.79
158.4;25;5500000000.0;-77.48
158.4;26;5500000000.0;-77.51
158.4;27;5500000000.0;-77.16
160.20000000000002;1;5500000000.0;-77.06
160.20000000000002;2;5500000000.0;-81.03
160.20000000000002;3;5500000000.0;-81.53
160.20000000000002;4;5500000000.0;-81.37
160.20000000000002;5;5500000000.0;-80.85
160.20000000000002;6;5500000000.0;-80.18
160.20000000000002;7;5500000000.0;-80.18
160.20000000000002;8;5500000000.0;-81.23
160.20000000000002;9;5500000000.0;-81.21
160.20000000000002;10;5500000000.0;-74.07
160.20000000000002;11;5500000000.0;-74.07
160.20000000000002;12;5500000000.0;-81.91
160.20000000000002;13;5500000000.0;-81.86
160.20000000000002;14;5500000000.0;-82.09
160.20000000000002;15;5500000000.0;-82.11
160.20000000000002;16;5500000000.0;-83.40
160.20000000000002;17;5500000000.0;-81.86
160.20000000000002;18;5500000000.0;-76.87
160.20000000000002;19;5500000000.0;-76.89
160.20000000000002;20;5500000000.0;-80.61
160.20000000000002;21;5500000000.0;-80.64
160.20000000000002;22;5500000000.0;-82.53
160.20000000000002;23;5500000000.0;-74.32
160.20000000000002;24;5500000000.0;-74.32
160.20000000000002;25;5500000000.0;-76.74
160.20000000000002;26;5500000000.0;-76.74
160.20000000000002;27;5500000000.0;-77.30
162.0;1;5500000000.0;-76.63
162.0;2;5500000000.0;-81.42
162.0;3;5500000000.0;-81.67
162.0;4;5500000000.0;-81.44
162.0;5;5500000000.0;-81.31
162.0;6;5500000000.0;-80.14
162.0;7;5500000000.0;-80.14
162.0;8;5500000000.0;-81.14
162.0;9;5500000000.0;-81.60
162.0;10;5500000000.0;-73.29
162.0;11;5500000000.0;-73.32
162.0;12;5500000000.0;-80.84
162.0;13;5500000000.0;-80.91
162.0;14;5500000000.0;-81.07
162.0;15;5500000000.0;-81.14
162.0;16;5500000000.0;-82.78
162.0;17;5500000000.0;-83.50
162.0;18;5500000000.0;-75.57
162.0;19;5500000000.0;-75.58
162.0;20;5500000000.0;-80.16
162.0;21;5500000000.0;-80.24
162.0;22;5500000000.0;-82.28
162.0;23;5500000000.0;-74.39
162.0;24;5500000000.0;-74.40
162.0;25;5500000000.0;-75.83
162.0;26;5500000000.0;-75.84
162.0;27;5500000000.0;-76.98
163.8;1;5500000000.0;-76.76
163.8;2;5500000000.0;-81.01
163.8;3;5500000000.0;-81.47
163.8;4;5500000000.0;-80.97
163.8;5;5500000000.0;-80.98
163.8;6;5500000000.0;-79.51
163.8;7;5500000000.0;-79.41
163.8;8;5500000000.0;-80.80
163.8;9;5500000000.0;-81.99
163.8;10;5500000000.0;-73.40
163.8;11;5500000000.0;-73.39
163.8;12;5500000000.0;-80.28
163.8;13;5500000000.0;-80.43
163.8;14;5500000000.0;-80.61
163.8;15;5500000000.0;-80.64
163.8;16;5500000000.0;-82.14
163.8;17;5500000000.0;-82.23
163.8;18;5500000000.0;-74.87
163.8;19;5500000000.0;-74.87
163.8;20;5500000000.0;-80.06
163.8;21;5500000000.0;-80.11
163.8;22;5500000000.0;-80.89
163.8;23;5500000000.0;-74.56
163.8;24;5500000000.0;-74.54
163.8;25;5500000000.0;-75.45
163.8;26;5500000000.0;-75.70
163.8;27;5500000000.0;-77.16
165.6;1;5500000000.0;-76.84
165.6;2;5500000000.0;-79.66
165.6;3;5500000000.0;-80.10
165.6;4;5500000000.0;-79.88
165.6;5;5500000000.0;-79.94
165.6;6;5500000000.0;-77.94
165.6;7;5500000000.0;-77.94
165.6;8;5500000000.0;-79.47
165.6;9;5500000000.0;-81.15
165.6;10;5500000000.0;-74.20
165.6;11;5500000000.0;-74.25
165.6;12;5500000000.0;-79.15
165.6;13;5500000000.0;-79.42
165.6;14;5500000000.0;-79.22
165.6;15;5500000000.0;-79.32
165.6;16;5500000000.0;-79.67
165.6;17;5500000000.0;-79.70
165.6;18;5500000000.0;-74.69
165.6;19;5500000000.0;-74.71
165.6;20;5500000000.0;-79.27
165.6;21;5500000000.0;-79.27
165.6;22;5500000000.0;-78.71
165.6;23;5500000000.0;-74.66
165.6;24;5500000000.0;-74.68
165.6;25;5500000000.0;-75.45
165.6;26;5500000000.0;-76.17
165.6;27;5500000000.0;-76.93
167.4;1;5500000000.0;-75.18
167.4;2;5500000000.0;-76.35
167.4;3;5500000000.0;-76.47
167.4;4;5500000000.0;-77.21
167.4;5;5500000000.0;-77.41
167.4;6;5500000000.0;-75.56
167.4;7;5500000000.0;-75.53
167.4;8;5500000000.0;-76.26
167.4;9;5500000000.0;-75.93
167.4;10;5500000000.0;-74.74
167.4;11;5500000000.0;-74.74
167.4;12;5500000000.0;-76.26
167.4;13;5500000000.0;-76.08
167.4;14;5500000000.0;-76.03
167.4;15;5500000000.0;-76.34
167.4;16;5500000000.0;-75.97
167.4;17;5500000000.0;-76.04
167.4;18;5500000000.0;-74.36
167.4;19;5500000000.0;-74.44
167.4;20;5500000000.0;-76.48
167.4;21;5500000000.0;-76.67
167.4;22;5500000000.0;-75.56
167.4;23;5500000000.0;-74.49
167.4;24;5500000000.0;-74.47
167.4;25;5500000000.0;-74.81
167.4;26;5500000000.0;-76.13
167.4;27;5500000000.0;-75.40
169.20000000000002;1;5500000000.0;-72.86
169.20000000000002;2;5500000000.0;-72.71
169.20000000000002;3;5500000000.0;-72.81
169.20000000000002;4;5500000000.0;-74.30
169.20000000000002;5;5500000000.0;-73.27
169.20000000000002;6;5500000000.0;-73.09
169.20000000000002;7;5500000000.0;-72.94
169.20000000000002;8;5500000000.0;-72.92
169.20000000000002;9;5500000000.0;-72.25
169.20000000000002;10;5500000000.0;-72.28
169.20000000000002;11;5500000000.0;-73.03
169.20000000000002;12;5500000000.0;-73.02
169.20000000000002;13;5500000000.0;-72.80
169.20000000000002;14;5500000000.0;-72.78
169.20000000000002;15;5500000000.0;-73.08
169.20000000000002;16;5500000000.0;-72.77
169.20000000000002;17;5500000000.0;-72.80
169.20000000000002;18;5500000000.0;-72.87
169.20000000000002;19;5500000000.0;-73.06
169.20000000000002;20;5500000000.0;-73.07
169.20000000000002;21;5500000000.0;-73.22
169.20000000000002;22;5500000000.0;-72.66
169.20000000000002;23;5500000000.0;-72.65
169.20000000000002;24;5500000000.0;-72.95
169.20000000000002;25;5500000000.0;-72.97
169.20000000000002;26;5500000000.0;-72.91
169.20000000000002;27;5500000000.0;-72.91
171.0;1;5500000000.0;-70.37
171.0;2;5500000000.0;-69.66
171.0;3;5500000000.0;-69.70
171.0;4;5500000000.0;-71.34
171.0;5;5500000000.0;-69.79
171.0;6;5500000000.0;-69.77
171.0;7;5500000000.0;-70.01
171.0;8;5500000000.0;-70.00
171.0;9;5500000000.0;-69.36
171.0;10;5500000000.0;-69.34
171.0;11;5500000000.0;-70.13
171.0;12;5500000000.0;-70.12
171.0;13;5500000000.0;-69.90
171.0;14;5500000000.0;-69.90
171.0;15;5500000000.0;-70.14
171.0;16;5500000000.0;-69.98
171.0;17;5500000000.0;-69.73
171.0;18;5500000000.0;-69.74
171.0;19;5500000000.0;-70.10
171.0;20;5500000000.0;-70.09
171.0;21;5500000000.0;-70.22
171.0;22;5500000000.0;-70.06
171.0;23;5500000000.0;-70.04
171.0;24;5500000000.0;-70.69
171.0;25;5500000000.0;-70.70
171.0;26;5500000000.0;-69.79
171.0;27;5500000000.0;-69.80
172.8;1;5500000000.0;-68.95
172.8;2;5500000000.0;-67.69
172.8;3;5500000000.0;-67.70
172.8;4;5500000000.0;-69.18
172.8;5;5500000000.0;-67.60
172.8;6;5500000000.0;-67.62
172.8;7;5500000000.0;-68.07
172.8;8;5500000000.0;-68.05
172.8;9;5500000000.0;-67.41
172.8;10;5500000000.0;-67.41
172.8;11;5500000000.0;-68.18
172.8;12;5500000000.0;-68.17
172.8;13;5500000000.0;-68.00
172.8;14;5500000000.0;-67.97
172.8;15;5500000000.0;-68.20
172.8;16;5500000000.0;-68.09
172.8;17;5500000000.0;-67.74
172.8;18;5500000000.0;-67.72
172.8;19;5500000000.0;-68.09
172.8;20;5500000000.0;-68.09
172.8;21;5500000000.0;-68.17
172.8;22;5500000000.0;-68.19
172.8;23;5500000000.0;-68.30
172.8;24;5500000000.0;-68.95
172.8;25;5500000000.0;-68.96
172.8;26;5500000000.0;-67.75
172.8;27;5500000000.0;-67.78
174.6;1;5500000000.0;-67.70
174.6;2;5500000000.0;-66.35
174.6;3;5500000000.0;-66.37
174.6;4;5500000000.0;-67.62
174.6;5;5500000000.0;-66.14
174.6;6;5500000000.0;-66.16
174.6;7;5500000000.0;-66.77
174.6;8;5500000000.0;-66.78
174.6;9;5500000000.0;-66.04
174.6;10;5500000000.0;-66.04
174.6;11;5500000000.0;-66.89
174.6;12;5500000000.0;-66.89
174.6;13;5500000000.0;-66.74
174.6;14;5500000000.0;-66.75
174.6;15;5500000000.0;-66.72
174.6;16;5500000000.0;-66.72
174.6;17;5500000000.0;-66.36
174.6;18;5500000000.0;-66.36
174.6;19;5500000000.0;-66.71
174.6;20;5500000000.0;-66.72
174.6;21;5500000000.0;-66.76
174.6;22;5500000000.0;-66.78
174.6;23;5500000000.0;-67.12
174.6;24;5500000000.0;-67.78
174.6;25;5500000000.0;-67.34
174.6;26;5500000000.0;-66.36
174.6;27;5500000000.0;-66.35
176.4;1;5500000000.0;-66.81
176.4;2;5500000000.0;-65.71
176.4;3;5500000000.0;-65.73
176.4;4;5500000000.0;-66.69
176.4;5;5500000000.0;-65.41
176.4;6;5500000000.0;-65.40
176.4;7;5500000000.0;-66.16
176.4;8;5500000000.0;-66.16
176.4;9;5500000000.0;-65.36
176.4;10;5500000000.0;-65.38
176.4;11;5500000000.0;-66.24
176.4;12;5500000000.0;-66.28
176.4;13;5500000000.0;-66.16
176.4;14;5500000000.0;-66.17
176.4;15;5500000000.0;-65.84
176.4;16;5500000000.0;-65.84
176.4;17;5500000000.0;-65.63
176.4;18;5500000000.0;-65.63
176.4;19;5500000000.0;-66.03
176.4;20;5500000000.0;-66.04
176.4;21;5500000000.0;-66.04
176.4;22;5500000000.0;-66.04
176.4;23;5500000000.0;-66.65
176.4;24;5500000000.0;-67.12
176.4;25;5500000000.0;-66.44
176.4;26;5500000000.0;-65.58
176.4;27;5500000000.0;-65.58
178.20000000000002;1;5500000000.0;-66.50
178.20000000000002;2;5500000000.0;-65.65
178.20000000000002;3;5500000000.0;-65.67
178.20000000000002;4;5500000000.0;-66.46
178.20000000000002;5;5500000000.0;-65.33
178.20000000000002;6;5500000000.0;-65.33
178.20000000000002;7;5500000000.0;-66.18
178.20000000000002;8;5500000000.0;-66.01
178.20000000000002;9;5500000000.0;-65.36
178.20000000000002;10;5500000000.0;-65.36
178.20000000000002;11;5500000000.0;-66.20
178.20000000000002;12;5500000000.0;-66.22
178.20000000000002;13;5500000000.0;-66.20
178.20000000000002;14;5500000000.0;-66.19
178.20000000000002;15;5500000000.0;-65.55
178.20000000000002;16;5500000000.0;-65.54
178.20000000000002;17;5500000000.0;-65.52
178.20000000000002;18;5500000000.0;-65.53
178.20000000000002;19;5500000000.0;-65.94
178.20000000000002;20;5500000000.0;-65.96
178.20000000000002;21;5500000000.0;-65.95
178.20000000000002;22;5500000000.0;-65.96
178.20000000000002;23;5500000000.0;-66.75
178.20000000000002;24;5500000000.0;-66.91
178.20000000000002;25;5500000000.0;-66.23
178.20000000000002;26;5500000000.0;-65.44
178.20000000000002;27;5500000000.0;-65.45
180.0;1;5500000000.0;-66.70
180.0;2;5500000000.0;-66.14
180.0;3;5500000000.0;-66.15
180.0;4;5500000000.0;-66.75
180.0;5;5500000000.0;-65.87
180.0;6;5500000000.0;-65.86
180.0;7;5500000000.0;-66.71
180.0;8;5500000000.0;-66.23
180.0;9;5500000000.0;-66.02
180.0;10;5500000000.0;-66.01
180.0;11;5500000000.0;-66.73
180.0;12;5500000000.0;-66.72
180.0;13;5500000000.0;-66.71
180.0;14;5500000000.0;-66.77
180.0;15;5500000000.0;-65.85
180.0;16;5500000000.0;-65.85
180.0;17;5500000000.0;-65.97
180.0;18;5500000000.0;-65.98
180.0;19;5500000000.0;-66.45
180.0;20;5500000000.0;-66.44
180.0;21;5500000000.0;-66.46
180.0;22;5500000000.0;-66.44
180.0;23;5500000000.0;-67.01
180.0;24;5500000000.0;-67.01
180.0;25;5500000000.0;-66.66
180.0;26;5500000000.0;-65.93
180.0;27;5500000000.0;-65.93
