0x0000000000000000000000000000000000000000000000000000000000000000;5200002300.0;-35.11
0xFFFFFFFFFFFFFFFFFFFFFFFFFFFFFFFFFFFFFFFFFFFFFFFFFFFFFFFFFFFFFFFF;5200002300.0;-35.11
0x8000000000000000000000000000000000000000000000000000000000000000;5200002300.0;-35.22
0x0000000000000000000000000000000000000000000000000000000000000001;5200002290.0;-35.35
0xFF00FF00FF00FF00FF00FF00FF00FF00FF00FF00FF00FF00FF00FF00FF00FF00;5200002290.0;-35.28
0xFFFFFFFFFFFFFFFFFFFFFFFFFFFFFFFF00000000000000000000000000000000;5200002290.0;-37.37
0xAAAAAAAAAAAAAAAAAAAAAAAAAAAAAAAAAAAAAAAAAAAAAAAAAAAAAAAAAAAAAAAA;5200002280.0;-40.50
0x5555555555555555555555555555555555555555555555555555555555555555;5200002280.0;-41.48
0xFFFF0000FFFF0000FFFF0000FFFF0000FFFF0000FFFF0000FFFF0000FFFF0000;5200002270.0;-41.49
0xAAAA5555AAAA5555AAAA5555AAAA5555AAAA5555AAAA5555AAAA5555AAAA5555;5200002270.0;-41.61
0x5555AAAA5555AAAA5555AAAA5555AAAA5555AAAA5555AAAA5555AAAA5555AAAA;5200002270.0;-43.53
0xF0F0F0F0F0F0F0F0F0F0F0F0F0F0F0F0F0F0F0F0F0F0F0F0F0F0F0F0F0F0F0F0;5200002260.0;-43.74
0x0F0F0F0F0F0F0F0F0F0F0F0F0F0F0F0F0F0F0F0F0F0F0F0F0F0F0F0F0F0F0F0F;5200002260.0;-38.04
0xFFFFFFFFFFFFFFFF0000000000000000FFFFFFFFFFFFFFFF0000000000000000;5200002260.0;-38.03
0x0000000000000000FFFFFFFFFFFFFFFF0000000000000000FFFFFFFFFFFFFFFF;5200002250.0;-42.90
0x3A7B2F4C6E8D1F0A2C4E6B8D1F2A3B5C7E9F0A2B4C6E8F1A3B5C7E9F0A2B4C6D;5200002250.0;-41.06
0x9F8D6B5A3C2E1D0F9B7A5C3E1D0F9B7A5C3E1D0F9B7A5C3E1D0F9B7A5C3E1D0F;5200002250.0;-40.37
0xD3E7F0A2B4C6E8D1F2A3B5C7E9F0A2B4C6E8D1F2A3B5C7E9F0A2B4C6E8D1F28C;5200002240.0;-40.39
0x5A3C2E1D0F9B7A5C3E1D0F9B7A5C3E1D0F9B7A5C3E1D0F9B7A5C3E1D0F9B7AB3;5200002240.0;-39.74
0XFFFFFFFF00000000FFFFFFFF00000000FFFFFFFF00000000FFFFFFFF00000000;5200002240.0;-39.09
0XCCCCCCCCCCCCCCCCCCCCCCCCCCCCCCCCCCCCCCCCCCCCCCCCCCCCCCCCCCCCCCCC;5200002230.0;-38.59
0XAAAA5555AAAA5555AAAA5555AAAA5555AAAA5555AAAA5555AAAA5555AAAA5555;5200002230.0;-38.59
0XCCCCCCCC33333333CCCCCCCC33333333CCCCCCCC33333333CCCCCCCC33333333;5200002230.0;-39.99
0X00007FFE40025FFA500A57EA542A55AA55AA542A57EA500A5FFA40027FFE0000;5200002220.0;-39.99
0X000000003FFC3FFC300C300C33CC33CC33CC33CC300C300C3FFC3FFC00000000;5200002220.0;-40.54
0x0000000000000000000000000000000000000000000000000000000000000000;5230002230.0;-37.33
0xFFFFFFFFFFFFFFFFFFFFFFFFFFFFFFFFFFFFFFFFFFFFFFFFFFFFFFFFFFFFFFFF;5230002230.0;-37.33
0x8000000000000000000000000000000000000000000000000000000000000000;5230002220.0;-37.31
0x0000000000000000000000000000000000000000000000000000000000000001;5230002220.0;-37.31
0xFF00FF00FF00FF00FF00FF00FF00FF00FF00FF00FF00FF00FF00FF00FF00FF00;5230002220.0;-36.96
0xFFFFFFFFFFFFFFFFFFFFFFFFFFFFFFFF00000000000000000000000000000000;5230002210.0;-36.96
0xAAAAAAAAAAAAAAAAAAAAAAAAAAAAAAAAAAAAAAAAAAAAAAAAAAAAAAAAAAAAAAAA;5230002210.0;-39.88
0x5555555555555555555555555555555555555555555555555555555555555555;5230002210.0;-39.74
0xFFFF0000FFFF0000FFFF0000FFFF0000FFFF0000FFFF0000FFFF0000FFFF0000;5230002200.0;-39.64
0xAAAA5555AAAA5555AAAA5555AAAA5555AAAA5555AAAA5555AAAA5555AAAA5555;5230002200.0;-39.64
0x5555AAAA5555AAAA5555AAAA5555AAAA5555AAAA5555AAAA5555AAAA5555AAAA;5230002200.0;-41.19
0xF0F0F0F0F0F0F0F0F0F0F0F0F0F0F0F0F0F0F0F0F0F0F0F0F0F0F0F0F0F0F0F0;5230002200.0;-41.33
0x0F0F0F0F0F0F0F0F0F0F0F0F0F0F0F0F0F0F0F0F0F0F0F0F0F0F0F0F0F0F0F0F;5230002190.0;-37.36
0xFFFFFFFFFFFFFFFF0000000000000000FFFFFFFFFFFFFFFF0000000000000000;5230002190.0;-37.37
0x0000000000000000FFFFFFFFFFFFFFFF0000000000000000FFFFFFFFFFFFFFFF;5230002190.0;-41.66
0x3A7B2F4C6E8D1F0A2C4E6B8D1F2A3B5C7E9F0A2B4C6E8F1A3B5C7E9F0A2B4C6D;5230002180.0;-39.82
0x9F8D6B5A3C2E1D0F9B7A5C3E1D0F9B7A5C3E1D0F9B7A5C3E1D0F9B7A5C3E1D0F;5230002180.0;-39.22
0xD3E7F0A2B4C6E8D1F2A3B5C7E9F0A2B4C6E8D1F2A3B5C7E9F0A2B4C6E8D1F28C;5230002180.0;-39.22
0x5A3C2E1D0F9B7A5C3E1D0F9B7A5C3E1D0F9B7A5C3E1D0F9B7A5C3E1D0F9B7AB3;5230002170.0;-38.06
0XFFFFFFFF00000000FFFFFFFF00000000FFFFFFFF00000000FFFFFFFF00000000;5230002170.0;-38.07
0XCCCCCCCCCCCCCCCCCCCCCCCCCCCCCCCCCCCCCCCCCCCCCCCCCCCCCCCCCCCCCCCC;5230002170.0;-39.86
0XAAAA5555AAAA5555AAAA5555AAAA5555AAAA5555AAAA5555AAAA5555AAAA5555;5230002160.0;-39.86
0XCCCCCCCC33333333CCCCCCCC33333333CCCCCCCC33333333CCCCCCCC33333333;5230002160.0;-38.71
0X00007FFE40025FFA500A57EA542A55AA55AA542A57EA500A5FFA40027FFE0000;5230002160.0;-38.64
0X000000003FFC3FFC300C300C33CC33CC33CC33CC300C300C3FFC3FFC00000000;5230002160.0;-38.64
0x0000000000000000000000000000000000000000000000000000000000000000;5260002170.0;-41.27
0xFFFFFFFFFFFFFFFFFFFFFFFFFFFFFFFFFFFFFFFFFFFFFFFFFFFFFFFFFFFFFFFF;5260002160.0;-41.64
0x8000000000000000000000000000000000000000000000000000000000000000;5260002160.0;-41.59
0x0000000000000000000000000000000000000000000000000000000000000001;5260002160.0;-41.59
0xFF00FF00FF00FF00FF00FF00FF00FF00FF00FF00FF00FF00FF00FF00FF00FF00;5260002150.0;-39.50
0xFFFFFFFFFFFFFFFFFFFFFFFFFFFFFFFF00000000000000000000000000000000;5260002150.0;-39.50
0xAAAAAAAAAAAAAAAAAAAAAAAAAAAAAAAAAAAAAAAAAAAAAAAAAAAAAAAAAAAAAAAA;5260002150.0;-40.88
0x5555555555555555555555555555555555555555555555555555555555555555;5260002150.0;-40.73
0xFFFF0000FFFF0000FFFF0000FFFF0000FFFF0000FFFF0000FFFF0000FFFF0000;5260002140.0;-40.47
0xAAAA5555AAAA5555AAAA5555AAAA5555AAAA5555AAAA5555AAAA5555AAAA5555;5260002140.0;-40.47
0x5555AAAA5555AAAA5555AAAA5555AAAA5555AAAA5555AAAA5555AAAA5555AAAA;5260002140.0;-41.76
0xF0F0F0F0F0F0F0F0F0F0F0F0F0F0F0F0F0F0F0F0F0F0F0F0F0F0F0F0F0F0F0F0;5260002140.0;-41.90
0x0F0F0F0F0F0F0F0F0F0F0F0F0F0F0F0F0F0F0F0F0F0F0F0F0F0F0F0F0F0F0F0F;5260002130.0;-39.51
0xFFFFFFFFFFFFFFFF0000000000000000FFFFFFFFFFFFFFFF0000000000000000;5260002130.0;-39.51
0x0000000000000000FFFFFFFFFFFFFFFF0000000000000000FFFFFFFFFFFFFFFF;5260002130.0;-42.86
0x3A7B2F4C6E8D1F0A2C4E6B8D1F2A3B5C7E9F0A2B4C6E8F1A3B5C7E9F0A2B4C6D;5260002120.0;-41.49
0x9F8D6B5A3C2E1D0F9B7A5C3E1D0F9B7A5C3E1D0F9B7A5C3E1D0F9B7A5C3E1D0F;5260002120.0;-40.50
0xD3E7F0A2B4C6E8D1F2A3B5C7E9F0A2B4C6E8D1F2A3B5C7E9F0A2B4C6E8D1F28C;5260002120.0;-40.50
0x5A3C2E1D0F9B7A5C3E1D0F9B7A5C3E1D0F9B7A5C3E1D0F9B7A5C3E1D0F9B7AB3;5260002120.0;-39.22
0XFFFFFFFF00000000FFFFFFFF00000000FFFFFFFF00000000FFFFFFFF00000000;5260002110.0;-39.22
0XCCCCCCCCCCCCCCCCCCCCCCCCCCCCCCCCCCCCCCCCCCCCCCCCCCCCCCCCCCCCCCCC;5260002110.0;-43.90
0XAAAA5555AAAA5555AAAA5555AAAA5555AAAA5555AAAA5555AAAA5555AAAA5555;5260002110.0;-41.76
0XCCCCCCCC33333333CCCCCCCC33333333CCCCCCCC33333333CCCCCCCC33333333;5260002100.0;-40.39
0X00007FFE40025FFA500A57EA542A55AA55AA542A57EA500A5FFA40027FFE0000;5260002100.0;-39.67
0X000000003FFC3FFC300C300C33CC33CC33CC33CC300C300C3FFC3FFC00000000;5260002100.0;-39.67
0x0000000000000000000000000000000000000000000000000000000000000000;5290002110.0;-40.26
0xFFFFFFFFFFFFFFFFFFFFFFFFFFFFFFFFFFFFFFFFFFFFFFFFFFFFFFFFFFFFFFFF;5290002110.0;-38.32
0x8000000000000000000000000000000000000000000000000000000000000000;5290002100.0;-38.32
0x0000000000000000000000000000000000000000000000000000000000000001;5290002100.0;-42.57
0xFF00FF00FF00FF00FF00FF00FF00FF00FF00FF00FF00FF00FF00FF00FF00FF00;5290002100.0;-38.14
0xFFFFFFFFFFFFFFFFFFFFFFFFFFFFFFFF00000000000000000000000000000000;5290002090.0;-38.14
0xAAAAAAAAAAAAAAAAAAAAAAAAAAAAAAAAAAAAAAAAAAAAAAAAAAAAAAAAAAAAAAAA;5290002090.0;-39.42
0x5555555555555555555555555555555555555555555555555555555555555555;5290002090.0;-39.31
0xFFFF0000FFFF0000FFFF0000FFFF0000FFFF0000FFFF0000FFFF0000FFFF0000;5290002090.0;-38.96
0xAAAA5555AAAA5555AAAA5555AAAA5555AAAA5555AAAA5555AAAA5555AAAA5555;5290002090.0;-38.96
0x5555AAAA5555AAAA5555AAAA5555AAAA5555AAAA5555AAAA5555AAAA5555AAAA;5290002080.0;-39.25
0xF0F0F0F0F0F0F0F0F0F0F0F0F0F0F0F0F0F0F0F0F0F0F0F0F0F0F0F0F0F0F0F0;5290002080.0;-39.35
0x0F0F0F0F0F0F0F0F0F0F0F0F0F0F0F0F0F0F0F0F0F0F0F0F0F0F0F0F0F0F0F0F;5290002080.0;-36.93
0xFFFFFFFFFFFFFFFF0000000000000000FFFFFFFFFFFFFFFF0000000000000000;5290002080.0;-36.93
0x0000000000000000FFFFFFFFFFFFFFFF0000000000000000FFFFFFFFFFFFFFFF;5290002080.0;-40.27
0x3A7B2F4C6E8D1F0A2C4E6B8D1F2A3B5C7E9F0A2B4C6E8F1A3B5C7E9F0A2B4C6D;5290002070.0;-38.97
0x9F8D6B5A3C2E1D0F9B7A5C3E1D0F9B7A5C3E1D0F9B7A5C3E1D0F9B7A5C3E1D0F;5290002070.0;-37.54
0xD3E7F0A2B4C6E8D1F2A3B5C7E9F0A2B4C6E8D1F2A3B5C7E9F0A2B4C6E8D1F28C;5290002070.0;-37.54
0x5A3C2E1D0F9B7A5C3E1D0F9B7A5C3E1D0F9B7A5C3E1D0F9B7A5C3E1D0F9B7AB3;5290002070.0;-36.80
0XFFFFFFFF00000000FFFFFFFF00000000FFFFFFFF00000000FFFFFFFF00000000;5290002060.0;-36.80
0XCCCCCCCCCCCCCCCCCCCCCCCCCCCCCCCCCCCCCCCCCCCCCCCCCCCCCCCCCCCCCCCC;5290002060.0;-43.99
0XAAAA5555AAAA5555AAAA5555AAAA5555AAAA5555AAAA5555AAAA5555AAAA5555;5290002060.0;-39.26
0XCCCCCCCC33333333CCCCCCCC33333333CCCCCCCC33333333CCCCCCCC33333333;5290002060.0;-39.26
0X00007FFE40025FFA500A57EA542A55AA55AA542A57EA500A5FFA40027FFE0000;5290002050.0;-38.38
0X000000003FFC3FFC300C300C33CC33CC33CC33CC300C300C3FFC3FFC00000000;5290002050.0;-38.38
0x0000000000000000000000000000000000000000000000000000000000000000;5320002060.0;-43.17
0xFFFFFFFFFFFFFFFFFFFFFFFFFFFFFFFFFFFFFFFFFFFFFFFFFFFFFFFFFFFFFFFF;5320002060.0;-38.65
0x8000000000000000000000000000000000000000000000000000000000000000;5320002060.0;-38.64
0x0000000000000000000000000000000000000000000000000000000000000001;5320002060.0;-46.60
0xFF00FF00FF00FF00FF00FF00FF00FF00FF00FF00FF00FF00FF00FF00FF00FF00;5320002050.0;-41.00
0xFFFFFFFFFFFFFFFFFFFFFFFFFFFFFFFF00000000000000000000000000000000;5320002050.0;-41.00
0xAAAAAAAAAAAAAAAAAAAAAAAAAAAAAAAAAAAAAAAAAAAAAAAAAAAAAAAAAAAAAAAA;5320002050.0;-41.41
0x5555555555555555555555555555555555555555555555555555555555555555;5320002050.0;-41.28
0xFFFF0000FFFF0000FFFF0000FFFF0000FFFF0000FFFF0000FFFF0000FFFF0000;5320002040.0;-40.83
0xAAAA5555AAAA5555AAAA5555AAAA5555AAAA5555AAAA5555AAAA5555AAAA5555;5320002040.0;-40.59
0x5555AAAA5555AAAA5555AAAA5555AAAA5555AAAA5555AAAA5555AAAA5555AAAA;5320002040.0;-40.59
0xF0F0F0F0F0F0F0F0F0F0F0F0F0F0F0F0F0F0F0F0F0F0F0F0F0F0F0F0F0F0F0F0;5320002040.0;-40.66
0x0F0F0F0F0F0F0F0F0F0F0F0F0F0F0F0F0F0F0F0F0F0F0F0F0F0F0F0F0F0F0F0F;5320002030.0;-38.75
0xFFFFFFFFFFFFFFFF0000000000000000FFFFFFFFFFFFFFFF0000000000000000;5320002030.0;-38.75
0x0000000000000000FFFFFFFFFFFFFFFF0000000000000000FFFFFFFFFFFFFFFF;5320002030.0;-41.95
0x3A7B2F4C6E8D1F0A2C4E6B8D1F2A3B5C7E9F0A2B4C6E8F1A3B5C7E9F0A2B4C6D;5320002030.0;-40.37
0x9F8D6B5A3C2E1D0F9B7A5C3E1D0F9B7A5C3E1D0F9B7A5C3E1D0F9B7A5C3E1D0F;5320002030.0;-38.60
0xD3E7F0A2B4C6E8D1F2A3B5C7E9F0A2B4C6E8D1F2A3B5C7E9F0A2B4C6E8D1F28C;5320002020.0;-38.60
0x5A3C2E1D0F9B7A5C3E1D0F9B7A5C3E1D0F9B7A5C3E1D0F9B7A5C3E1D0F9B7AB3;5320002020.0;-38.39
0XFFFFFFFF00000000FFFFFFFF00000000FFFFFFFF00000000FFFFFFFF00000000;5320002020.0;-38.39
0XCCCCCCCCCCCCCCCCCCCCCCCCCCCCCCCCCCCCCCCCCCCCCCCCCCCCCCCCCCCCCCCC;5320002020.0;-46.76
0XAAAA5555AAAA5555AAAA5555AAAA5555AAAA5555AAAA5555AAAA5555AAAA5555;5320002010.0;-40.60
0XCCCCCCCC33333333CCCCCCCC33333333CCCCCCCC33333333CCCCCCCC33333333;5320002010.0;-40.60
0X00007FFE40025FFA500A57EA542A55AA55AA542A57EA500A5FFA40027FFE0000;5320002010.0;-40.58
0X000000003FFC3FFC300C300C33CC33CC33CC33CC300C300C3FFC3FFC00000000;5320002010.0;-40.58
0x0000000000000000000000000000000000000000000000000000000000000000;5350002020.0;-42.16
0xFFFFFFFFFFFFFFFFFFFFFFFFFFFFFFFFFFFFFFFFFFFFFFFFFFFFFFFFFFFFFFFF;5350002020.0;-36.42
0x8000000000000000000000000000000000000000000000000000000000000000;5350002020.0;-36.42
0x0000000000000000000000000000000000000000000000000000000000000001;5350002010.0;-44.48
0xFF00FF00FF00FF00FF00FF00FF00FF00FF00FF00FF00FF00FF00FF00FF00FF00;5350002010.0;-40.20
0xFFFFFFFFFFFFFFFFFFFFFFFFFFFFFFFF00000000000000000000000000000000;5350002010.0;-40.20
0xAAAAAAAAAAAAAAAAAAAAAAAAAAAAAAAAAAAAAAAAAAAAAAAAAAAAAAAAAAAAAAAA;5350002010.0;-40.14
0x5555555555555555555555555555555555555555555555555555555555555555;5350002010.0;-40.09
0xFFFF0000FFFF0000FFFF0000FFFF0000FFFF0000FFFF0000FFFF0000FFFF0000;5350002010.0;-39.29
0xAAAA5555AAAA5555AAAA5555AAAA5555AAAA5555AAAA5555AAAA5555AAAA5555;5350002000.0;-38.84
0x5555AAAA5555AAAA5555AAAA5555AAAA5555AAAA5555AAAA5555AAAA5555AAAA;5350002000.0;-38.84
0xF0F0F0F0F0F0F0F0F0F0F0F0F0F0F0F0F0F0F0F0F0F0F0F0F0F0F0F0F0F0F0F0;5350002000.0;-38.89
0x0F0F0F0F0F0F0F0F0F0F0F0F0F0F0F0F0F0F0F0F0F0F0F0F0F0F0F0F0F0F0F0F;5350002000.0;-36.66
0xFFFFFFFFFFFFFFFF0000000000000000FFFFFFFFFFFFFFFF0000000000000000;5350002000.0;-36.66
0x0000000000000000FFFFFFFFFFFFFFFF0000000000000000FFFFFFFFFFFFFFFF;5350001990.0;-40.67
0x3A7B2F4C6E8D1F0A2C4E6B8D1F2A3B5C7E9F0A2B4C6E8F1A3B5C7E9F0A2B4C6D;5350001990.0;-38.12
0x9F8D6B5A3C2E1D0F9B7A5C3E1D0F9B7A5C3E1D0F9B7A5C3E1D0F9B7A5C3E1D0F;5350001990.0;-36.54
0xD3E7F0A2B4C6E8D1F2A3B5C7E9F0A2B4C6E8D1F2A3B5C7E9F0A2B4C6E8D1F28C;5350001990.0;-36.54
0x5A3C2E1D0F9B7A5C3E1D0F9B7A5C3E1D0F9B7A5C3E1D0F9B7A5C3E1D0F9B7AB3;5350001990.0;-36.71
0XFFFFFFFF00000000FFFFFFFF00000000FFFFFFFF00000000FFFFFFFF00000000;5350001990.0;-36.72
0XCCCCCCCCCCCCCCCCCCCCCCCCCCCCCCCCCCCCCCCCCCCCCCCCCCCCCCCCCCCCCCCC;5350001980.0;-43.90
0XAAAA5555AAAA5555AAAA5555AAAA5555AAAA5555AAAA5555AAAA5555AAAA5555;5350001980.0;-38.85
0XCCCCCCCC33333333CCCCCCCC33333333CCCCCCCC33333333CCCCCCCC33333333;5350001980.0;-38.85
0X00007FFE40025FFA500A57EA542A55AA55AA542A57EA500A5FFA40027FFE0000;5350001980.0;-39.33
0X000000003FFC3FFC300C300C33CC33CC33CC33CC300C300C3FFC3FFC00000000;5350001980.0;-39.33
0x0000000000000000000000000000000000000000000000000000000000000000;5380001990.0;-45.01
0xFFFFFFFFFFFFFFFFFFFFFFFFFFFFFFFFFFFFFFFFFFFFFFFFFFFFFFFFFFFFFFFF;5380001980.0;-37.41
0x8000000000000000000000000000000000000000000000000000000000000000;5380001980.0;-37.42
0x0000000000000000000000000000000000000000000000000000000000000001;5380001980.0;-44.98
0xFF00FF00FF00FF00FF00FF00FF00FF00FF00FF00FF00FF00FF00FF00FF00FF00;5380001980.0;-44.15
0xFFFFFFFFFFFFFFFFFFFFFFFFFFFFFFFF00000000000000000000000000000000;5380001980.0;-44.15
0xAAAAAAAAAAAAAAAAAAAAAAAAAAAAAAAAAAAAAAAAAAAAAAAAAAAAAAAAAAAAAAAA;5380001980.0;-42.63
0x5555555555555555555555555555555555555555555555555555555555555555;5380001970.0;-42.59
0xFFFF0000FFFF0000FFFF0000FFFF0000FFFF0000FFFF0000FFFF0000FFFF0000;5380001970.0;-41.13
0xAAAA5555AAAA5555AAAA5555AAAA5555AAAA5555AAAA5555AAAA5555AAAA5555;5380001970.0;-40.47
0x5555AAAA5555AAAA5555AAAA5555AAAA5555AAAA5555AAAA5555AAAA5555AAAA;5380001970.0;-40.47
0xF0F0F0F0F0F0F0F0F0F0F0F0F0F0F0F0F0F0F0F0F0F0F0F0F0F0F0F0F0F0F0F0;5380001970.0;-40.49
0x0F0F0F0F0F0F0F0F0F0F0F0F0F0F0F0F0F0F0F0F0F0F0F0F0F0F0F0F0F0F0F0F;5380001970.0;-38.61
0xFFFFFFFFFFFFFFFF0000000000000000FFFFFFFFFFFFFFFF0000000000000000;5380001970.0;-38.61
0x0000000000000000FFFFFFFFFFFFFFFF0000000000000000FFFFFFFFFFFFFFFF;5380001960.0;-43.75
0x3A7B2F4C6E8D1F0A2C4E6B8D1F2A3B5C7E9F0A2B4C6E8F1A3B5C7E9F0A2B4C6D;5380001960.0;-39.82
0x9F8D6B5A3C2E1D0F9B7A5C3E1D0F9B7A5C3E1D0F9B7A5C3E1D0F9B7A5C3E1D0F;5380001960.0;-38.37
0xD3E7F0A2B4C6E8D1F2A3B5C7E9F0A2B4C6E8D1F2A3B5C7E9F0A2B4C6E8D1F28C;5380001960.0;-38.38
0x5A3C2E1D0F9B7A5C3E1D0F9B7A5C3E1D0F9B7A5C3E1D0F9B7A5C3E1D0F9B7AB3;5380001960.0;-39.10
0XFFFFFFFF00000000FFFFFFFF00000000FFFFFFFF00000000FFFFFFFF00000000;5380001960.0;-39.10
0XCCCCCCCCCCCCCCCCCCCCCCCCCCCCCCCCCCCCCCCCCCCCCCCCCCCCCCCCCCCCCCCC;5380001960.0;-44.51
0XAAAA5555AAAA5555AAAA5555AAAA5555AAAA5555AAAA5555AAAA5555AAAA5555;5380001950.0;-40.48
0XCCCCCCCC33333333CCCCCCCC33333333CCCCCCCC33333333CCCCCCCC33333333;5380001950.0;-40.48
0X00007FFE40025FFA500A57EA542A55AA55AA542A57EA500A5FFA40027FFE0000;5380001950.0;-41.62
0X000000003FFC3FFC300C300C33CC33CC33CC33CC300C300C3FFC3FFC00000000;5380001950.0;-41.62
0x0000000000000000000000000000000000000000000000000000000000000000;5410001960.0;-43.59
0xFFFFFFFFFFFFFFFFFFFFFFFFFFFFFFFFFFFFFFFFFFFFFFFFFFFFFFFFFFFFFFFF;5410001960.0;-37.45
0x8000000000000000000000000000000000000000000000000000000000000000;5410001960.0;-37.46
0x0000000000000000000000000000000000000000000000000000000000000001;5410001950.0;-43.57
0xFF00FF00FF00FF00FF00FF00FF00FF00FF00FF00FF00FF00FF00FF00FF00FF00;5410001950.0;-43.64
0xFFFFFFFFFFFFFFFFFFFFFFFFFFFFFFFF00000000000000000000000000000000;5410001950.0;-47.09
0xAAAAAAAAAAAAAAAAAAAAAAAAAAAAAAAAAAAAAAAAAAAAAAAAAAAAAAAAAAAAAAAA;5410001950.0;-44.63
0x5555555555555555555555555555555555555555555555555555555555555555;5410001950.0;-44.63
0xFFFF0000FFFF0000FFFF0000FFFF0000FFFF0000FFFF0000FFFF0000FFFF0000;5410001950.0;-42.13
0xAAAA5555AAAA5555AAAA5555AAAA5555AAAA5555AAAA5555AAAA5555AAAA5555;5410001940.0;-41.14
0x5555AAAA5555AAAA5555AAAA5555AAAA5555AAAA5555AAAA5555AAAA5555AAAA;5410001940.0;-41.14
0xF0F0F0F0F0F0F0F0F0F0F0F0F0F0F0F0F0F0F0F0F0F0F0F0F0F0F0F0F0F0F0F0;5410001940.0;-40.57
0x0F0F0F0F0F0F0F0F0F0F0F0F0F0F0F0F0F0F0F0F0F0F0F0F0F0F0F0F0F0F0F0F;5410001940.0;-39.75
0xFFFFFFFFFFFFFFFF0000000000000000FFFFFFFFFFFFFFFF0000000000000000;5410001940.0;-39.75
0x0000000000000000FFFFFFFFFFFFFFFF0000000000000000FFFFFFFFFFFFFFFF;5410001940.0;-46.99
0x3A7B2F4C6E8D1F0A2C4E6B8D1F2A3B5C7E9F0A2B4C6E8F1A3B5C7E9F0A2B4C6D;5410001930.0;-41.05
0x9F8D6B5A3C2E1D0F9B7A5C3E1D0F9B7A5C3E1D0F9B7A5C3E1D0F9B7A5C3E1D0F;5410001930.0;-39.37
0xD3E7F0A2B4C6E8D1F2A3B5C7E9F0A2B4C6E8D1F2A3B5C7E9F0A2B4C6E8D1F28C;5410001930.0;-39.38
0x5A3C2E1D0F9B7A5C3E1D0F9B7A5C3E1D0F9B7A5C3E1D0F9B7A5C3E1D0F9B7AB3;5410001930.0;-40.89
0XFFFFFFFF00000000FFFFFFFF00000000FFFFFFFF00000000FFFFFFFF00000000;5410001930.0;-41.16
0XCCCCCCCCCCCCCCCCCCCCCCCCCCCCCCCCCCCCCCCCCCCCCCCCCCCCCCCCCCCCCCCC;5410001930.0;-43.85
0XAAAA5555AAAA5555AAAA5555AAAA5555AAAA5555AAAA5555AAAA5555AAAA5555;5410001930.0;-41.15
0XCCCCCCCC33333333CCCCCCCC33333333CCCCCCCC33333333CCCCCCCC33333333;5410001930.0;-41.15
0X00007FFE40025FFA500A57EA542A55AA55AA542A57EA500A5FFA40027FFE0000;5410001920.0;-42.96
0X000000003FFC3FFC300C300C33CC33CC33CC33CC300C300C3FFC3FFC00000000;5410001920.0;-42.96
0x0000000000000000000000000000000000000000000000000000000000000000;5440001930.0;-44.98
0xFFFFFFFFFFFFFFFFFFFFFFFFFFFFFFFFFFFFFFFFFFFFFFFFFFFFFFFFFFFFFFFF;5440001930.0;-39.82
0x8000000000000000000000000000000000000000000000000000000000000000;5440001930.0;-39.83
0x0000000000000000000000000000000000000000000000000000000000000001;5440001930.0;-44.97
0xFF00FF00FF00FF00FF00FF00FF00FF00FF00FF00FF00FF00FF00FF00FF00FF00;5440001930.0;-45.02
0xFFFFFFFFFFFFFFFFFFFFFFFFFFFFFFFF00000000000000000000000000000000;5440001920.0;-49.98
0xAAAAAAAAAAAAAAAAAAAAAAAAAAAAAAAAAAAAAAAAAAAAAAAAAAAAAAAAAAAAAAAA;5440001920.0;-50.68
0x5555555555555555555555555555555555555555555555555555555555555555;5440001920.0;-52.27
0xFFFF0000FFFF0000FFFF0000FFFF0000FFFF0000FFFF0000FFFF0000FFFF0000;5440001920.0;-47.39
0xAAAA5555AAAA5555AAAA5555AAAA5555AAAA5555AAAA5555AAAA5555AAAA5555;5440001920.0;-45.46
0x5555AAAA5555AAAA5555AAAA5555AAAA5555AAAA5555AAAA5555AAAA5555AAAA;5440001920.0;-45.44
0xF0F0F0F0F0F0F0F0F0F0F0F0F0F0F0F0F0F0F0F0F0F0F0F0F0F0F0F0F0F0F0F0;5440001920.0;-41.95
0x0F0F0F0F0F0F0F0F0F0F0F0F0F0F0F0F0F0F0F0F0F0F0F0F0F0F0F0F0F0F0F0F;5440001920.0;-41.95
0xFFFFFFFFFFFFFFFF0000000000000000FFFFFFFFFFFFFFFF0000000000000000;5440001920.0;-43.02
0x0000000000000000FFFFFFFFFFFFFFFF0000000000000000FFFFFFFFFFFFFFFF;5440001910.0;-55.88
0x3A7B2F4C6E8D1F0A2C4E6B8D1F2A3B5C7E9F0A2B4C6E8F1A3B5C7E9F0A2B4C6D;5440001910.0;-45.20
0x9F8D6B5A3C2E1D0F9B7A5C3E1D0F9B7A5C3E1D0F9B7A5C3E1D0F9B7A5C3E1D0F;5440001910.0;-42.32
0xD3E7F0A2B4C6E8D1F2A3B5C7E9F0A2B4C6E8D1F2A3B5C7E9F0A2B4C6E8D1F28C;5440001910.0;-42.32
0x5A3C2E1D0F9B7A5C3E1D0F9B7A5C3E1D0F9B7A5C3E1D0F9B7A5C3E1D0F9B7AB3;5440001910.0;-42.77
0XFFFFFFFF00000000FFFFFFFF00000000FFFFFFFF00000000FFFFFFFF00000000;5440001910.0;-43.55
0XCCCCCCCCCCCCCCCCCCCCCCCCCCCCCCCCCCCCCCCCCCCCCCCCCCCCCCCCCCCCCCCC;5440001910.0;-43.55
0XAAAA5555AAAA5555AAAA5555AAAA5555AAAA5555AAAA5555AAAA5555AAAA5555;5440001900.0;-45.47
0XCCCCCCCC33333333CCCCCCCC33333333CCCCCCCC33333333CCCCCCCC33333333;5440001900.0;-45.47
0X00007FFE40025FFA500A57EA542A55AA55AA542A57EA500A5FFA40027FFE0000;5440001900.0;-48.39
0X000000003FFC3FFC300C300C33CC33CC33CC33CC300C300C3FFC3FFC00000000;5440001900.0;-48.39
0x0000000000000000000000000000000000000000000000000000000000000000;5470001910.0;-43.19
0xFFFFFFFFFFFFFFFFFFFFFFFFFFFFFFFFFFFFFFFFFFFFFFFFFFFFFFFFFFFFFFFF;5470001910.0;-39.49
0x8000000000000000000000000000000000000000000000000000000000000000;5470001910.0;-39.49
0x0000000000000000000000000000000000000000000000000000000000000001;5470001910.0;-43.19
0xFF00FF00FF00FF00FF00FF00FF00FF00FF00FF00FF00FF00FF00FF00FF00FF00;5470001900.0;-43.23
0xFFFFFFFFFFFFFFFFFFFFFFFFFFFFFFFF00000000000000000000000000000000;5470001900.0;-45.75
0xAAAAAAAAAAAAAAAAAAAAAAAAAAAAAAAAAAAAAAAAAAAAAAAAAAAAAAAAAAAAAAAA;5470001900.0;-47.70
0x5555555555555555555555555555555555555555555555555555555555555555;5470001900.0;-64.93
0xFFFF0000FFFF0000FFFF0000FFFF0000FFFF0000FFFF0000FFFF0000FFFF0000;5470001900.0;-52.10
0xAAAA5555AAAA5555AAAA5555AAAA5555AAAA5555AAAA5555AAAA5555AAAA5555;5470001900.0;-48.16
0x5555AAAA5555AAAA5555AAAA5555AAAA5555AAAA5555AAAA5555AAAA5555AAAA;5470001900.0;-48.06
0xF0F0F0F0F0F0F0F0F0F0F0F0F0F0F0F0F0F0F0F0F0F0F0F0F0F0F0F0F0F0F0F0;5470001900.0;-39.62
0x0F0F0F0F0F0F0F0F0F0F0F0F0F0F0F0F0F0F0F0F0F0F0F0F0F0F0F0F0F0F0F0F;5470001900.0;-39.63
0xFFFFFFFFFFFFFFFF0000000000000000FFFFFFFFFFFFFFFF0000000000000000;5470001890.0;-43.72
0x0000000000000000FFFFFFFFFFFFFFFF0000000000000000FFFFFFFFFFFFFFFF;5470001890.0;-50.40
0x3A7B2F4C6E8D1F0A2C4E6B8D1F2A3B5C7E9F0A2B4C6E8F1A3B5C7E9F0A2B4C6D;5470001890.0;-46.72
0x9F8D6B5A3C2E1D0F9B7A5C3E1D0F9B7A5C3E1D0F9B7A5C3E1D0F9B7A5C3E1D0F;5470001890.0;-41.87
0xD3E7F0A2B4C6E8D1F2A3B5C7E9F0A2B4C6E8D1F2A3B5C7E9F0A2B4C6E8D1F28C;5470001890.0;-41.22
0x5A3C2E1D0F9B7A5C3E1D0F9B7A5C3E1D0F9B7A5C3E1D0F9B7A5C3E1D0F9B7AB3;5470001890.0;-41.22
0XFFFFFFFF00000000FFFFFFFF00000000FFFFFFFF00000000FFFFFFFF00000000;5470001890.0;-43.19
0XCCCCCCCCCCCCCCCCCCCCCCCCCCCCCCCCCCCCCCCCCCCCCCCCCCCCCCCCCCCCCCCC;5470001890.0;-43.19
0XAAAA5555AAAA5555AAAA5555AAAA5555AAAA5555AAAA5555AAAA5555AAAA5555;5470001880.0;-48.17
0XCCCCCCCC33333333CCCCCCCC33333333CCCCCCCC33333333CCCCCCCC33333333;5470001880.0;-48.17
0X00007FFE40025FFA500A57EA542A55AA55AA542A57EA500A5FFA40027FFE0000;5470001880.0;-48.66
0X000000003FFC3FFC300C300C33CC33CC33CC33CC300C300C3FFC3FFC00000000;5470001880.0;-47.43
0x0000000000000000000000000000000000000000000000000000000000000000;5500001890.0;-43.56
0xFFFFFFFFFFFFFFFFFFFFFFFFFFFFFFFFFFFFFFFFFFFFFFFFFFFFFFFFFFFFFFFF;5500001890.0;-40.92
0x8000000000000000000000000000000000000000000000000000000000000000;5500001890.0;-40.92
0x0000000000000000000000000000000000000000000000000000000000000001;5500001890.0;-43.59
0xFF00FF00FF00FF00FF00FF00FF00FF00FF00FF00FF00FF00FF00FF00FF00FF00;5500001890.0;-43.60
0xFFFFFFFFFFFFFFFFFFFFFFFFFFFFFFFF00000000000000000000000000000000;5500001890.0;-44.80
0xAAAAAAAAAAAAAAAAAAAAAAAAAAAAAAAAAAAAAAAAAAAAAAAAAAAAAAAAAAAAAAAA;5500001880.0;-47.98
0x5555555555555555555555555555555555555555555555555555555555555555;5500001880.0;-55.12
0xFFFF0000FFFF0000FFFF0000FFFF0000FFFF0000FFFF0000FFFF0000FFFF0000;5500001880.0;-54.94
0xAAAA5555AAAA5555AAAA5555AAAA5555AAAA5555AAAA5555AAAA5555AAAA5555;5500001880.0;-52.21
0x5555AAAA5555AAAA5555AAAA5555AAAA5555AAAA5555AAAA5555AAAA5555AAAA;5500001880.0;-52.08
0xF0F0F0F0F0F0F0F0F0F0F0F0F0F0F0F0F0F0F0F0F0F0F0F0F0F0F0F0F0F0F0F0;5500001880.0;-40.21
0x0F0F0F0F0F0F0F0F0F0F0F0F0F0F0F0F0F0F0F0F0F0F0F0F0F0F0F0F0F0F0F0F;5500001880.0;-40.22
0xFFFFFFFFFFFFFFFF0000000000000000FFFFFFFFFFFFFFFF0000000000000000;5500001880.0;-45.15
0x0000000000000000FFFFFFFFFFFFFFFF0000000000000000FFFFFFFFFFFFFFFF;5500001880.0;-46.58
0x3A7B2F4C6E8D1F0A2C4E6B8D1F2A3B5C7E9F0A2B4C6E8F1A3B5C7E9F0A2B4C6D;5500001880.0;-47.42
0x9F8D6B5A3C2E1D0F9B7A5C3E1D0F9B7A5C3E1D0F9B7A5C3E1D0F9B7A5C3E1D0F;5500001870.0;-42.54
0xD3E7F0A2B4C6E8D1F2A3B5C7E9F0A2B4C6E8D1F2A3B5C7E9F0A2B4C6E8D1F28C;5500001870.0;-42.51
0x5A3C2E1D0F9B7A5C3E1D0F9B7A5C3E1D0F9B7A5C3E1D0F9B7A5C3E1D0F9B7AB3;5500001870.0;-42.51
0XFFFFFFFF00000000FFFFFFFF00000000FFFFFFFF00000000FFFFFFFF00000000;5500001870.0;-44.57
0XCCCCCCCCCCCCCCCCCCCCCCCCCCCCCCCCCCCCCCCCCCCCCCCCCCCCCCCCCCCCCCCC;5500001870.0;-44.57
0XAAAA5555AAAA5555AAAA5555AAAA5555AAAA5555AAAA5555AAAA5555AAAA5555;5500001870.0;-52.22
0XCCCCCCCC33333333CCCCCCCC33333333CCCCCCCC33333333CCCCCCCC33333333;5500001870.0;-51.55
0X00007FFE40025FFA500A57EA542A55AA55AA542A57EA500A5FFA40027FFE0000;5500001870.0;-51.55
0X000000003FFC3FFC300C300C33CC33CC33CC33CC300C300C3FFC3FFC00000000;5500001870.0;-44.64
0x0000000000000000000000000000000000000000000000000000000000000000;5530001880.0;-42.17
0xFFFFFFFFFFFFFFFFFFFFFFFFFFFFFFFFFFFFFFFFFFFFFFFFFFFFFFFFFFFFFFFF;5530001870.0;-40.10
0x8000000000000000000000000000000000000000000000000000000000000000;5530001870.0;-40.10
0x0000000000000000000000000000000000000000000000000000000000000001;5530001870.0;-42.20
0xFF00FF00FF00FF00FF00FF00FF00FF00FF00FF00FF00FF00FF00FF00FF00FF00;5530001870.0;-42.20
0xFFFFFFFFFFFFFFFFFFFFFFFFFFFFFFFF00000000000000000000000000000000;5530001870.0;-42.24
0xAAAAAAAAAAAAAAAAAAAAAAAAAAAAAAAAAAAAAAAAAAAAAAAAAAAAAAAAAAAAAAAA;5530001870.0;-46.22
0x5555555555555555555555555555555555555555555555555555555555555555;5530001870.0;-50.62
0xFFFF0000FFFF0000FFFF0000FFFF0000FFFF0000FFFF0000FFFF0000FFFF0000;5530001870.0;-50.62
0xAAAA5555AAAA5555AAAA5555AAAA5555AAAA5555AAAA5555AAAA5555AAAA5555;5530001870.0;-52.01
0x5555AAAA5555AAAA5555AAAA5555AAAA5555AAAA5555AAAA5555AAAA5555AAAA;5530001870.0;-54.75
0xF0F0F0F0F0F0F0F0F0F0F0F0F0F0F0F0F0F0F0F0F0F0F0F0F0F0F0F0F0F0F0F0;5530001860.0;-39.06
0x0F0F0F0F0F0F0F0F0F0F0F0F0F0F0F0F0F0F0F0F0F0F0F0F0F0F0F0F0F0F0F0F;5530001860.0;-39.06
0xFFFFFFFFFFFFFFFF0000000000000000FFFFFFFFFFFFFFFF0000000000000000;5530001860.0;-42.60
0x0000000000000000FFFFFFFFFFFFFFFF0000000000000000FFFFFFFFFFFFFFFF;5530001860.0;-43.04
0x3A7B2F4C6E8D1F0A2C4E6B8D1F2A3B5C7E9F0A2B4C6E8F1A3B5C7E9F0A2B4C6D;5530001860.0;-43.36
0x9F8D6B5A3C2E1D0F9B7A5C3E1D0F9B7A5C3E1D0F9B7A5C3E1D0F9B7A5C3E1D0F;5530001860.0;-40.06
0xD3E7F0A2B4C6E8D1F2A3B5C7E9F0A2B4C6E8D1F2A3B5C7E9F0A2B4C6E8D1F28C;5530001860.0;-40.06
0x5A3C2E1D0F9B7A5C3E1D0F9B7A5C3E1D0F9B7A5C3E1D0F9B7A5C3E1D0F9B7AB3;5530001860.0;-41.38
0XFFFFFFFF00000000FFFFFFFF00000000FFFFFFFF00000000FFFFFFFF00000000;5530001860.0;-45.18
0XCCCCCCCCCCCCCCCCCCCCCCCCCCCCCCCCCCCCCCCCCCCCCCCCCCCCCCCCCCCCCCCC;5530001860.0;-45.19
0XAAAA5555AAAA5555AAAA5555AAAA5555AAAA5555AAAA5555AAAA5555AAAA5555;5530001860.0;-50.84
0XCCCCCCCC33333333CCCCCCCC33333333CCCCCCCC33333333CCCCCCCC33333333;5530001860.0;-54.96
0X00007FFE40025FFA500A57EA542A55AA55AA542A57EA500A5FFA40027FFE0000;5530001850.0;-49.09
0X000000003FFC3FFC300C300C33CC33CC33CC33CC300C300C3FFC3FFC00000000;5530001850.0;-42.72
0x0000000000000000000000000000000000000000000000000000000000000000;5560001860.0;-41.96
0xFFFFFFFFFFFFFFFFFFFFFFFFFFFFFFFFFFFFFFFFFFFFFFFFFFFFFFFFFFFFFFFF;5560001860.0;-41.96
0x8000000000000000000000000000000000000000000000000000000000000000;5560001860.0;-42.00
0x0000000000000000000000000000000000000000000000000000000000000001;5560001860.0;-41.98
0xFF00FF00FF00FF00FF00FF00FF00FF00FF00FF00FF00FF00FF00FF00FF00FF00;5560001860.0;-41.99
0xFFFFFFFFFFFFFFFFFFFFFFFFFFFFFFFF00000000000000000000000000000000;5560001860.0;-43.23
0xAAAAAAAAAAAAAAAAAAAAAAAAAAAAAAAAAAAAAAAAAAAAAAAAAAAAAAAAAAAAAAAA;5560001860.0;-48.49
0x5555555555555555555555555555555555555555555555555555555555555555;5560001860.0;-51.41
0xFFFF0000FFFF0000FFFF0000FFFF0000FFFF0000FFFF0000FFFF0000FFFF0000;5560001860.0;-51.23
0xAAAA5555AAAA5555AAAA5555AAAA5555AAAA5555AAAA5555AAAA5555AAAA5555;5560001850.0;-51.23
0x5555AAAA5555AAAA5555AAAA5555AAAA5555AAAA5555AAAA5555AAAA5555AAAA;5560001850.0;-63.96
0xF0F0F0F0F0F0F0F0F0F0F0F0F0F0F0F0F0F0F0F0F0F0F0F0F0F0F0F0F0F0F0F0;5560001850.0;-40.07
0x0F0F0F0F0F0F0F0F0F0F0F0F0F0F0F0F0F0F0F0F0F0F0F0F0F0F0F0F0F0F0F0F;5560001850.0;-40.07
0xFFFFFFFFFFFFFFFF0000000000000000FFFFFFFFFFFFFFFF0000000000000000;5560001850.0;-43.28
0x0000000000000000FFFFFFFFFFFFFFFF0000000000000000FFFFFFFFFFFFFFFF;5560001850.0;-43.28
0x3A7B2F4C6E8D1F0A2C4E6B8D1F2A3B5C7E9F0A2B4C6E8F1A3B5C7E9F0A2B4C6D;5560001850.0;-43.98
0x9F8D6B5A3C2E1D0F9B7A5C3E1D0F9B7A5C3E1D0F9B7A5C3E1D0F9B7A5C3E1D0F;5560001850.0;-40.84
0xD3E7F0A2B4C6E8D1F2A3B5C7E9F0A2B4C6E8D1F2A3B5C7E9F0A2B4C6E8D1F28C;5560001850.0;-40.84
0x5A3C2E1D0F9B7A5C3E1D0F9B7A5C3E1D0F9B7A5C3E1D0F9B7A5C3E1D0F9B7AB3;5560001850.0;-43.39
0XFFFFFFFF00000000FFFFFFFF00000000FFFFFFFF00000000FFFFFFFF00000000;5560001850.0;-45.97
0XCCCCCCCCCCCCCCCCCCCCCCCCCCCCCCCCCCCCCCCCCCCCCCCCCCCCCCCCCCCCCCCC;5560001850.0;-45.97
0XAAAA5555AAAA5555AAAA5555AAAA5555AAAA5555AAAA5555AAAA5555AAAA5555;5560001850.0;-47.56
0XCCCCCCCC33333333CCCCCCCC33333333CCCCCCCC33333333CCCCCCCC33333333;5560001840.0;-55.30
0X00007FFE40025FFA500A57EA542A55AA55AA542A57EA500A5FFA40027FFE0000;5560001840.0;-47.49
0X000000003FFC3FFC300C300C33CC33CC33CC33CC300C300C3FFC3FFC00000000;5560001840.0;-44.40
0x0000000000000000000000000000000000000000000000000000000000000000;5590001850.0;-39.03
0xFFFFFFFFFFFFFFFFFFFFFFFFFFFFFFFFFFFFFFFFFFFFFFFFFFFFFFFFFFFFFFFF;5590001850.0;-39.03
0x8000000000000000000000000000000000000000000000000000000000000000;5590001850.0;-39.04
0x0000000000000000000000000000000000000000000000000000000000000001;5590001850.0;-39.04
0xFF00FF00FF00FF00FF00FF00FF00FF00FF00FF00FF00FF00FF00FF00FF00FF00;5590001850.0;-39.07
0xFFFFFFFFFFFFFFFFFFFFFFFFFFFFFFFF00000000000000000000000000000000;5590001850.0;-42.20
0xAAAAAAAAAAAAAAAAAAAAAAAAAAAAAAAAAAAAAAAAAAAAAAAAAAAAAAAAAAAAAAAA;5590001850.0;-47.37
0x5555555555555555555555555555555555555555555555555555555555555555;5590001850.0;-50.76
0xFFFF0000FFFF0000FFFF0000FFFF0000FFFF0000FFFF0000FFFF0000FFFF0000;5590001850.0;-47.65
0xAAAA5555AAAA5555AAAA5555AAAA5555AAAA5555AAAA5555AAAA5555AAAA5555;5590001850.0;-47.65
0x5555AAAA5555AAAA5555AAAA5555AAAA5555AAAA5555AAAA5555AAAA5555AAAA;5590001850.0;-59.12
0xF0F0F0F0F0F0F0F0F0F0F0F0F0F0F0F0F0F0F0F0F0F0F0F0F0F0F0F0F0F0F0F0;5590001850.0;-39.00
0x0F0F0F0F0F0F0F0F0F0F0F0F0F0F0F0F0F0F0F0F0F0F0F0F0F0F0F0F0F0F0F0F;5590001840.0;-39.00
0xFFFFFFFFFFFFFFFF0000000000000000FFFFFFFFFFFFFFFF0000000000000000;5590001840.0;-40.86
0x0000000000000000FFFFFFFFFFFFFFFF0000000000000000FFFFFFFFFFFFFFFF;5590001840.0;-42.45
0x3A7B2F4C6E8D1F0A2C4E6B8D1F2A3B5C7E9F0A2B4C6E8F1A3B5C7E9F0A2B4C6D;5590001840.0;-42.49
0x9F8D6B5A3C2E1D0F9B7A5C3E1D0F9B7A5C3E1D0F9B7A5C3E1D0F9B7A5C3E1D0F;5590001840.0;-38.75
0xD3E7F0A2B4C6E8D1F2A3B5C7E9F0A2B4C6E8D1F2A3B5C7E9F0A2B4C6E8D1F28C;5590001840.0;-38.75
0x5A3C2E1D0F9B7A5C3E1D0F9B7A5C3E1D0F9B7A5C3E1D0F9B7A5C3E1D0F9B7AB3;5590001840.0;-43.29
0XFFFFFFFF00000000FFFFFFFF00000000FFFFFFFF00000000FFFFFFFF00000000;5590001840.0;-43.29
0XCCCCCCCCCCCCCCCCCCCCCCCCCCCCCCCCCCCCCCCCCCCCCCCCCCCCCCCCCCCCCCCC;5590001840.0;-43.91
0XAAAA5555AAAA5555AAAA5555AAAA5555AAAA5555AAAA5555AAAA5555AAAA5555;5590001840.0;-43.91
0XCCCCCCCC33333333CCCCCCCC33333333CCCCCCCC33333333CCCCCCCC33333333;5590001830.0;-46.71
0X00007FFE40025FFA500A57EA542A55AA55AA542A57EA500A5FFA40027FFE0000;5590001830.0;-43.79
0X000000003FFC3FFC300C300C33CC33CC33CC33CC300C300C3FFC3FFC00000000;5590001830.0;-43.79
0x0000000000000000000000000000000000000000000000000000000000000000;5620001840.0;-39.13
0xFFFFFFFFFFFFFFFFFFFFFFFFFFFFFFFFFFFFFFFFFFFFFFFFFFFFFFFFFFFFFFFF;5620001840.0;-39.13
0x8000000000000000000000000000000000000000000000000000000000000000;5620001840.0;-39.12
0x0000000000000000000000000000000000000000000000000000000000000001;5620001840.0;-39.13
0xFF00FF00FF00FF00FF00FF00FF00FF00FF00FF00FF00FF00FF00FF00FF00FF00;5620001840.0;-39.18
0xFFFFFFFFFFFFFFFFFFFFFFFFFFFFFFFF00000000000000000000000000000000;5620001840.0;-42.53
0xAAAAAAAAAAAAAAAAAAAAAAAAAAAAAAAAAAAAAAAAAAAAAAAAAAAAAAAAAAAAAAAA;5620001840.0;-49.16
0x5555555555555555555555555555555555555555555555555555555555555555;5620001840.0;-48.08
0xFFFF0000FFFF0000FFFF0000FFFF0000FFFF0000FFFF0000FFFF0000FFFF0000;5620001840.0;-45.56
0xAAAA5555AAAA5555AAAA5555AAAA5555AAAA5555AAAA5555AAAA5555AAAA5555;5620001840.0;-45.57
0x5555AAAA5555AAAA5555AAAA5555AAAA5555AAAA5555AAAA5555AAAA5555AAAA;5620001840.0;-53.56
0xF0F0F0F0F0F0F0F0F0F0F0F0F0F0F0F0F0F0F0F0F0F0F0F0F0F0F0F0F0F0F0F0;5620001830.0;-40.17
0x0F0F0F0F0F0F0F0F0F0F0F0F0F0F0F0F0F0F0F0F0F0F0F0F0F0F0F0F0F0F0F0F;5620001830.0;-40.17
0xFFFFFFFFFFFFFFFF0000000000000000FFFFFFFFFFFFFFFF0000000000000000;5620001830.0;-42.10
0x0000000000000000FFFFFFFFFFFFFFFF0000000000000000FFFFFFFFFFFFFFFF;5620001830.0;-44.76
0x3A7B2F4C6E8D1F0A2C4E6B8D1F2A3B5C7E9F0A2B4C6E8F1A3B5C7E9F0A2B4C6D;5620001830.0;-42.86
0x9F8D6B5A3C2E1D0F9B7A5C3E1D0F9B7A5C3E1D0F9B7A5C3E1D0F9B7A5C3E1D0F;5620001830.0;-39.87
0xD3E7F0A2B4C6E8D1F2A3B5C7E9F0A2B4C6E8D1F2A3B5C7E9F0A2B4C6E8D1F28C;5620001830.0;-39.86
0x5A3C2E1D0F9B7A5C3E1D0F9B7A5C3E1D0F9B7A5C3E1D0F9B7A5C3E1D0F9B7AB3;5620001830.0;-42.98
0XFFFFFFFF00000000FFFFFFFF00000000FFFFFFFF00000000FFFFFFFF00000000;5620001830.0;-42.98
0XCCCCCCCCCCCCCCCCCCCCCCCCCCCCCCCCCCCCCCCCCCCCCCCCCCCCCCCCCCCCCCCC;5620001830.0;-43.67
0XAAAA5555AAAA5555AAAA5555AAAA5555AAAA5555AAAA5555AAAA5555AAAA5555;5620001830.0;-44.52
0XCCCCCCCC33333333CCCCCCCC33333333CCCCCCCC33333333CCCCCCCC33333333;5620001830.0;-44.13
0X00007FFE40025FFA500A57EA542A55AA55AA542A57EA500A5FFA40027FFE0000;5620001830.0;-42.65
0X000000003FFC3FFC300C300C33CC33CC33CC33CC300C300C3FFC3FFC00000000;5620001830.0;-42.65
0x0000000000000000000000000000000000000000000000000000000000000000;5650001840.0;-38.12
0xFFFFFFFFFFFFFFFFFFFFFFFFFFFFFFFFFFFFFFFFFFFFFFFFFFFFFFFFFFFFFFFF;5650001830.0;-38.13
0x8000000000000000000000000000000000000000000000000000000000000000;5650001830.0;-38.11
0x0000000000000000000000000000000000000000000000000000000000000001;5650001830.0;-38.12
0xFF00FF00FF00FF00FF00FF00FF00FF00FF00FF00FF00FF00FF00FF00FF00FF00;5650001830.0;-38.17
0xFFFFFFFFFFFFFFFFFFFFFFFFFFFFFFFF00000000000000000000000000000000;5650001830.0;-41.61
0xAAAAAAAAAAAAAAAAAAAAAAAAAAAAAAAAAAAAAAAAAAAAAAAAAAAAAAAAAAAAAAAA;5650001830.0;-46.51
0x5555555555555555555555555555555555555555555555555555555555555555;5650001830.0;-45.46
0xFFFF0000FFFF0000FFFF0000FFFF0000FFFF0000FFFF0000FFFF0000FFFF0000;5650001830.0;-43.39
0xAAAA5555AAAA5555AAAA5555AAAA5555AAAA5555AAAA5555AAAA5555AAAA5555;5650001830.0;-43.39
0x5555AAAA5555AAAA5555AAAA5555AAAA5555AAAA5555AAAA5555AAAA5555AAAA;5650001830.0;-50.23
0xF0F0F0F0F0F0F0F0F0F0F0F0F0F0F0F0F0F0F0F0F0F0F0F0F0F0F0F0F0F0F0F0;5650001830.0;-39.41
0x0F0F0F0F0F0F0F0F0F0F0F0F0F0F0F0F0F0F0F0F0F0F0F0F0F0F0F0F0F0F0F0F;5650001830.0;-39.41
0xFFFFFFFFFFFFFFFF0000000000000000FFFFFFFFFFFFFFFF0000000000000000;5650001830.0;-42.00
0x0000000000000000FFFFFFFFFFFFFFFF0000000000000000FFFFFFFFFFFFFFFF;5650001830.0;-44.69
0x3A7B2F4C6E8D1F0A2C4E6B8D1F2A3B5C7E9F0A2B4C6E8F1A3B5C7E9F0A2B4C6D;5650001830.0;-42.64
0x9F8D6B5A3C2E1D0F9B7A5C3E1D0F9B7A5C3E1D0F9B7A5C3E1D0F9B7A5C3E1D0F;5650001830.0;-39.81
0xD3E7F0A2B4C6E8D1F2A3B5C7E9F0A2B4C6E8D1F2A3B5C7E9F0A2B4C6E8D1F28C;5650001830.0;-39.81
0x5A3C2E1D0F9B7A5C3E1D0F9B7A5C3E1D0F9B7A5C3E1D0F9B7A5C3E1D0F9B7AB3;5650001830.0;-42.31
0XFFFFFFFF00000000FFFFFFFF00000000FFFFFFFF00000000FFFFFFFF00000000;5650001830.0;-42.32
0XCCCCCCCCCCCCCCCCCCCCCCCCCCCCCCCCCCCCCCCCCCCCCCCCCCCCCCCCCCCCCCCC;5650001820.0;-42.62
0XAAAA5555AAAA5555AAAA5555AAAA5555AAAA5555AAAA5555AAAA5555AAAA5555;5650001820.0;-43.99
0XCCCCCCCC33333333CCCCCCCC33333333CCCCCCCC33333333CCCCCCCC33333333;5650001820.0;-41.78
0X00007FFE40025FFA500A57EA542A55AA55AA542A57EA500A5FFA40027FFE0000;5650001820.0;-41.26
0X000000003FFC3FFC300C300C33CC33CC33CC33CC300C300C3FFC3FFC00000000;5650001820.0;-41.27
0x0000000000000000000000000000000000000000000000000000000000000000;5680001830.0;-39.50
0xFFFFFFFFFFFFFFFFFFFFFFFFFFFFFFFFFFFFFFFFFFFFFFFFFFFFFFFFFFFFFFFF;5680001830.0;-39.50
0x8000000000000000000000000000000000000000000000000000000000000000;5680001830.0;-39.49
0x0000000000000000000000000000000000000000000000000000000000000001;5680001830.0;-39.50
0xFF00FF00FF00FF00FF00FF00FF00FF00FF00FF00FF00FF00FF00FF00FF00FF00;5680001830.0;-39.54
0xFFFFFFFFFFFFFFFFFFFFFFFFFFFFFFFF00000000000000000000000000000000;5680001830.0;-42.67
0xAAAAAAAAAAAAAAAAAAAAAAAAAAAAAAAAAAAAAAAAAAAAAAAAAAAAAAAAAAAAAAAA;5680001830.0;-46.38
0x5555555555555555555555555555555555555555555555555555555555555555;5680001830.0;-45.02
0xFFFF0000FFFF0000FFFF0000FFFF0000FFFF0000FFFF0000FFFF0000FFFF0000;5680001830.0;-43.19
0xAAAA5555AAAA5555AAAA5555AAAA5555AAAA5555AAAA5555AAAA5555AAAA5555;5680001820.0;-43.19
0x5555AAAA5555AAAA5555AAAA5555AAAA5555AAAA5555AAAA5555AAAA5555AAAA;5680001820.0;-48.57
0xF0F0F0F0F0F0F0F0F0F0F0F0F0F0F0F0F0F0F0F0F0F0F0F0F0F0F0F0F0F0F0F0;5680001820.0;-40.54
0x0F0F0F0F0F0F0F0F0F0F0F0F0F0F0F0F0F0F0F0F0F0F0F0F0F0F0F0F0F0F0F0F;5680001820.0;-40.54
0xFFFFFFFFFFFFFFFF0000000000000000FFFFFFFFFFFFFFFF0000000000000000;5680001820.0;-43.32
0x0000000000000000FFFFFFFFFFFFFFFF0000000000000000FFFFFFFFFFFFFFFF;5680001820.0;-46.48
0x3A7B2F4C6E8D1F0A2C4E6B8D1F2A3B5C7E9F0A2B4C6E8F1A3B5C7E9F0A2B4C6D;5680001820.0;-43.74
0x9F8D6B5A3C2E1D0F9B7A5C3E1D0F9B7A5C3E1D0F9B7A5C3E1D0F9B7A5C3E1D0F;5680001820.0;-40.89
0xD3E7F0A2B4C6E8D1F2A3B5C7E9F0A2B4C6E8D1F2A3B5C7E9F0A2B4C6E8D1F28C;5680001820.0;-40.89
0x5A3C2E1D0F9B7A5C3E1D0F9B7A5C3E1D0F9B7A5C3E1D0F9B7A5C3E1D0F9B7AB3;5680001820.0;-43.03
0XFFFFFFFF00000000FFFFFFFF00000000FFFFFFFF00000000FFFFFFFF00000000;5680001820.0;-43.03
0XCCCCCCCCCCCCCCCCCCCCCCCCCCCCCCCCCCCCCCCCCCCCCCCCCCCCCCCCCCCCCCCC;5680001820.0;-43.34
0XAAAA5555AAAA5555AAAA5555AAAA5555AAAA5555AAAA5555AAAA5555AAAA5555;5680001820.0;-44.91
0XCCCCCCCC33333333CCCCCCCC33333333CCCCCCCC33333333CCCCCCCC33333333;5680001820.0;-41.73
0X00007FFE40025FFA500A57EA542A55AA55AA542A57EA500A5FFA40027FFE0000;5680001820.0;-41.73
0X000000003FFC3FFC300C300C33CC33CC33CC33CC300C300C3FFC3FFC00000000;5680001820.0;-41.99
0x0000000000000000000000000000000000000000000000000000000000000000;5710001830.0;-39.03
0xFFFFFFFFFFFFFFFFFFFFFFFFFFFFFFFFFFFFFFFFFFFFFFFFFFFFFFFFFFFFFFFF;5710001830.0;-39.03
0x8000000000000000000000000000000000000000000000000000000000000000;5710001820.0;-39.03
0x0000000000000000000000000000000000000000000000000000000000000001;5710001820.0;-39.03
0xFF00FF00FF00FF00FF00FF00FF00FF00FF00FF00FF00FF00FF00FF00FF00FF00;5710001820.0;-39.05
0xFFFFFFFFFFFFFFFFFFFFFFFFFFFFFFFF00000000000000000000000000000000;5710001820.0;-43.15
0xAAAAAAAAAAAAAAAAAAAAAAAAAAAAAAAAAAAAAAAAAAAAAAAAAAAAAAAAAAAAAAAA;5710001820.0;-45.50
0x5555555555555555555555555555555555555555555555555555555555555555;5710001820.0;-43.57
0xFFFF0000FFFF0000FFFF0000FFFF0000FFFF0000FFFF0000FFFF0000FFFF0000;5710001820.0;-41.98
0xAAAA5555AAAA5555AAAA5555AAAA5555AAAA5555AAAA5555AAAA5555AAAA5555;5710001820.0;-41.98
0x5555AAAA5555AAAA5555AAAA5555AAAA5555AAAA5555AAAA5555AAAA5555AAAA;5710001820.0;-47.10
0xF0F0F0F0F0F0F0F0F0F0F0F0F0F0F0F0F0F0F0F0F0F0F0F0F0F0F0F0F0F0F0F0;5710001820.0;-39.39
0x0F0F0F0F0F0F0F0F0F0F0F0F0F0F0F0F0F0F0F0F0F0F0F0F0F0F0F0F0F0F0F0F;5710001820.0;-39.39
0xFFFFFFFFFFFFFFFF0000000000000000FFFFFFFFFFFFFFFF0000000000000000;5710001820.0;-44.27
0x0000000000000000FFFFFFFFFFFFFFFF0000000000000000FFFFFFFFFFFFFFFF;5710001820.0;-47.32
0x3A7B2F4C6E8D1F0A2C4E6B8D1F2A3B5C7E9F0A2B4C6E8F1A3B5C7E9F0A2B4C6D;5710001820.0;-43.89
0x9F8D6B5A3C2E1D0F9B7A5C3E1D0F9B7A5C3E1D0F9B7A5C3E1D0F9B7A5C3E1D0F;5710001810.0;-40.67
0xD3E7F0A2B4C6E8D1F2A3B5C7E9F0A2B4C6E8D1F2A3B5C7E9F0A2B4C6E8D1F28C;5710001810.0;-40.67
0x5A3C2E1D0F9B7A5C3E1D0F9B7A5C3E1D0F9B7A5C3E1D0F9B7A5C3E1D0F9B7AB3;5710001810.0;-42.62
0XFFFFFFFF00000000FFFFFFFF00000000FFFFFFFF00000000FFFFFFFF00000000;5710001810.0;-42.62
0XCCCCCCCCCCCCCCCCCCCCCCCCCCCCCCCCCCCCCCCCCCCCCCCCCCCCCCCCCCCCCCCC;5710001810.0;-43.55
0XAAAA5555AAAA5555AAAA5555AAAA5555AAAA5555AAAA5555AAAA5555AAAA5555;5710001810.0;-44.54
0XCCCCCCCC33333333CCCCCCCC33333333CCCCCCCC33333333CCCCCCCC33333333;5710001810.0;-40.99
0X00007FFE40025FFA500A57EA542A55AA55AA542A57EA500A5FFA40027FFE0000;5710001810.0;-40.99
0X000000003FFC3FFC300C300C33CC33CC33CC33CC300C300C3FFC3FFC00000000;5710001810.0;-41.71
0x0000000000000000000000000000000000000000000000000000000000000000;5740001820.0;-41.48
0xFFFFFFFFFFFFFFFFFFFFFFFFFFFFFFFFFFFFFFFFFFFFFFFFFFFFFFFFFFFFFFFF;5740001820.0;-41.49
0x8000000000000000000000000000000000000000000000000000000000000000;5740001820.0;-41.49
0x0000000000000000000000000000000000000000000000000000000000000001;5740001820.0;-41.49
0xFF00FF00FF00FF00FF00FF00FF00FF00FF00FF00FF00FF00FF00FF00FF00FF00;5740001820.0;-41.50
0xFFFFFFFFFFFFFFFFFFFFFFFFFFFFFFFF00000000000000000000000000000000;5740001820.0;-48.40
0xAAAAAAAAAAAAAAAAAAAAAAAAAAAAAAAAAAAAAAAAAAAAAAAAAAAAAAAAAAAAAAAA;5740001820.0;-47.42
0x5555555555555555555555555555555555555555555555555555555555555555;5740001820.0;-45.08
0xFFFF0000FFFF0000FFFF0000FFFF0000FFFF0000FFFF0000FFFF0000FFFF0000;5740001820.0;-44.00
0xAAAA5555AAAA5555AAAA5555AAAA5555AAAA5555AAAA5555AAAA5555AAAA5555;5740001810.0;-44.00
0x5555AAAA5555AAAA5555AAAA5555AAAA5555AAAA5555AAAA5555AAAA5555AAAA;5740001810.0;-48.02
0xF0F0F0F0F0F0F0F0F0F0F0F0F0F0F0F0F0F0F0F0F0F0F0F0F0F0F0F0F0F0F0F0;5740001810.0;-41.66
0x0F0F0F0F0F0F0F0F0F0F0F0F0F0F0F0F0F0F0F0F0F0F0F0F0F0F0F0F0F0F0F0F;5740001810.0;-41.66
0xFFFFFFFFFFFFFFFF0000000000000000FFFFFFFFFFFFFFFF0000000000000000;5740001810.0;-47.62
0x0000000000000000FFFFFFFFFFFFFFFF0000000000000000FFFFFFFFFFFFFFFF;5740001810.0;-49.63
0x3A7B2F4C6E8D1F0A2C4E6B8D1F2A3B5C7E9F0A2B4C6E8F1A3B5C7E9F0A2B4C6D;5740001810.0;-46.33
0x9F8D6B5A3C2E1D0F9B7A5C3E1D0F9B7A5C3E1D0F9B7A5C3E1D0F9B7A5C3E1D0F;5740001810.0;-42.61
0xD3E7F0A2B4C6E8D1F2A3B5C7E9F0A2B4C6E8D1F2A3B5C7E9F0A2B4C6E8D1F28C;5740001810.0;-42.61
0x5A3C2E1D0F9B7A5C3E1D0F9B7A5C3E1D0F9B7A5C3E1D0F9B7A5C3E1D0F9B7AB3;5740001810.0;-44.30
0XFFFFFFFF00000000FFFFFFFF00000000FFFFFFFF00000000FFFFFFFF00000000;5740001810.0;-44.30
0XCCCCCCCCCCCCCCCCCCCCCCCCCCCCCCCCCCCCCCCCCCCCCCCCCCCCCCCCCCCCCCCC;5740001810.0;-46.06
0XAAAA5555AAAA5555AAAA5555AAAA5555AAAA5555AAAA5555AAAA5555AAAA5555;5740001810.0;-46.16
0XCCCCCCCC33333333CCCCCCCC33333333CCCCCCCC33333333CCCCCCCC33333333;5740001810.0;-43.12
0X00007FFE40025FFA500A57EA542A55AA55AA542A57EA500A5FFA40027FFE0000;5740001810.0;-43.12
0X000000003FFC3FFC300C300C33CC33CC33CC33CC300C300C3FFC3FFC00000000;5740001810.0;-44.53
0x0000000000000000000000000000000000000000000000000000000000000000;5770001820.0;-40.53
0xFFFFFFFFFFFFFFFFFFFFFFFFFFFFFFFFFFFFFFFFFFFFFFFFFFFFFFFFFFFFFFFF;5770001820.0;-40.53
0x8000000000000000000000000000000000000000000000000000000000000000;5770001820.0;-40.53
0x0000000000000000000000000000000000000000000000000000000000000001;5770001820.0;-40.54
0xFF00FF00FF00FF00FF00FF00FF00FF00FF00FF00FF00FF00FF00FF00FF00FF00;5770001820.0;-40.55
0xFFFFFFFFFFFFFFFFFFFFFFFFFFFFFFFF00000000000000000000000000000000;5770001820.0;-47.88
0xAAAAAAAAAAAAAAAAAAAAAAAAAAAAAAAAAAAAAAAAAAAAAAAAAAAAAAAAAAAAAAAA;5770001820.0;-45.70
0x5555555555555555555555555555555555555555555555555555555555555555;5770001820.0;-43.55
0xFFFF0000FFFF0000FFFF0000FFFF0000FFFF0000FFFF0000FFFF0000FFFF0000;5770001820.0;-42.73
0xAAAA5555AAAA5555AAAA5555AAAA5555AAAA5555AAAA5555AAAA5555AAAA5555;5770001820.0;-42.73
0x5555AAAA5555AAAA5555AAAA5555AAAA5555AAAA5555AAAA5555AAAA5555AAAA;5770001820.0;-46.31
0xF0F0F0F0F0F0F0F0F0F0F0F0F0F0F0F0F0F0F0F0F0F0F0F0F0F0F0F0F0F0F0F0;5770001820.0;-40.59
0x0F0F0F0F0F0F0F0F0F0F0F0F0F0F0F0F0F0F0F0F0F0F0F0F0F0F0F0F0F0F0F0F;5770001820.0;-40.59
0xFFFFFFFFFFFFFFFF0000000000000000FFFFFFFFFFFFFFFF0000000000000000;5770001820.0;-50.16
0x0000000000000000FFFFFFFFFFFFFFFF0000000000000000FFFFFFFFFFFFFFFF;5770001810.0;-47.52
0x3A7B2F4C6E8D1F0A2C4E6B8D1F2A3B5C7E9F0A2B4C6E8F1A3B5C7E9F0A2B4C6D;5770001810.0;-46.63
0x9F8D6B5A3C2E1D0F9B7A5C3E1D0F9B7A5C3E1D0F9B7A5C3E1D0F9B7A5C3E1D0F;5770001810.0;-42.67
0xD3E7F0A2B4C6E8D1F2A3B5C7E9F0A2B4C6E8D1F2A3B5C7E9F0A2B4C6E8D1F28C;5770001810.0;-42.67
0x5A3C2E1D0F9B7A5C3E1D0F9B7A5C3E1D0F9B7A5C3E1D0F9B7A5C3E1D0F9B7AB3;5770001810.0;-43.93
0XFFFFFFFF00000000FFFFFFFF00000000FFFFFFFF00000000FFFFFFFF00000000;5770001810.0;-43.92
0XCCCCCCCCCCCCCCCCCCCCCCCCCCCCCCCCCCCCCCCCCCCCCCCCCCCCCCCCCCCCCCCC;5770001810.0;-44.31
0XAAAA5555AAAA5555AAAA5555AAAA5555AAAA5555AAAA5555AAAA5555AAAA5555;5770001810.0;-44.31
0XCCCCCCCC33333333CCCCCCCC33333333CCCCCCCC33333333CCCCCCCC33333333;5770001810.0;-42.29
0X00007FFE40025FFA500A57EA542A55AA55AA542A57EA500A5FFA40027FFE0000;5770001810.0;-42.29
0X000000003FFC3FFC300C300C33CC33CC33CC33CC300C300C3FFC3FFC00000000;5770001810.0;-44.28
0x0000000000000000000000000000000000000000000000000000000000000000;5800001580.0;-43.82
0xFFFFFFFFFFFFFFFFFFFFFFFFFFFFFFFFFFFFFFFFFFFFFFFFFFFFFFFFFFFFFFFF;5800001580.0;-44.21
0x8000000000000000000000000000000000000000000000000000000000000000;5800001580.0;-43.95
0x0000000000000000000000000000000000000000000000000000000000000001;5800001580.0;-43.90
0xFF00FF00FF00FF00FF00FF00FF00FF00FF00FF00FF00FF00FF00FF00FF00FF00;5800001580.0;-44.04
0xFFFFFFFFFFFFFFFFFFFFFFFFFFFFFFFF00000000000000000000000000000000;5800001580.0;-49.46
0xAAAAAAAAAAAAAAAAAAAAAAAAAAAAAAAAAAAAAAAAAAAAAAAAAAAAAAAAAAAAAAAA;5800001580.0;-46.60
0x5555555555555555555555555555555555555555555555555555555555555555;5800001580.0;-48.73
0xF0F0F0F0F0F0F0F0F0F0F0F0F0F0F0F0F0F0F0F0F0F0F0F0F0F0F0F0F0F0F0F0;5800001580.0;-43.14
0x0F0F0F0F0F0F0F0F0F0F0F0F0F0F0F0F0F0F0F0F0F0F0F0F0F0F0F0F0F0F0F0F;5800001580.0;-43.12
0xFFFFFFFFFFFFFFFF0000000000000000FFFFFFFFFFFFFFFF0000000000000000;5800001580.0;-49.73
0x0000000000000000FFFFFFFFFFFFFFFF0000000000000000FFFFFFFFFFFFFFFF;5800001580.0;-48.01
0x3A7B2F4C6E8D1F0A2C4E6B8D1F2A3B5C7E9F0A2B4C6E8F1A3B5C7E9F0A2B4C6D;5800001580.0;-48.23
0x9F8D6B5A3C2E1D0F9B7A5C3E1D0F9B7A5C3E1D0F9B7A5C3E1D0F9B7A5C3E1D0F;5800001580.0;-47.07
0xD3E7F0A2B4C6E8D1F2A3B5C7E9F0A2B4C6E8D1F2A3B5C7E9F0A2B4C6E8D1F28C;5800001580.0;-45.26
0x5A3C2E1D0F9B7A5C3E1D0F9B7A5C3E1D0F9B7A5C3E1D0F9B7A5C3E1D0F9B7AB3;5800001580.0;-45.32
0XFFFFFFFF00000000FFFFFFFF00000000FFFFFFFF00000000FFFFFFFF00000000;5800001580.0;-47.10
0XCCCCCCCCCCCCCCCCCCCCCCCCCCCCCCCCCCCCCCCCCCCCCCCCCCCCCCCCCCCCCCCC;5800001580.0;-45.66
0XAAAA5555AAAA5555AAAA5555AAAA5555AAAA5555AAAA5555AAAA5555AAAA5555;5800001580.0;-45.63
0XCCCCCCCC33333333CCCCCCCC33333333CCCCCCCC33333333CCCCCCCC33333333;5800001580.0;-45.31
0X00007FFE40025FFA500A57EA542A55AA55AA542A57EA500A5FFA40027FFE0000;5800001580.0;-45.32
0X000000003FFC3FFC300C300C33CC33CC33CC33CC300C300C3FFC3FFC00000000;5800001580.0;-47.84
0x0000000000000000000000000000000000000000000000000000000000000000;5830001590.0;-42.51
0xFFFFFFFFFFFFFFFFFFFFFFFFFFFFFFFFFFFFFFFFFFFFFFFFFFFFFFFFFFFFFFFF;5830001590.0;-41.96
0x8000000000000000000000000000000000000000000000000000000000000000;5830001590.0;-41.98
0x0000000000000000000000000000000000000000000000000000000000000001;5830001590.0;-42.52
0xFF00FF00FF00FF00FF00FF00FF00FF00FF00FF00FF00FF00FF00FF00FF00FF00;5830001590.0;-42.52
0xFFFFFFFFFFFFFFFFFFFFFFFFFFFFFFFF00000000000000000000000000000000;5830001590.0;-45.78
0xAAAAAAAAAAAAAAAAAAAAAAAAAAAAAAAAAAAAAAAAAAAAAAAAAAAAAAAAAAAAAAAA;5830001590.0;-44.17
0x5555555555555555555555555555555555555555555555555555555555555555;5830001590.0;-44.20
0xFFFF0000FFFF0000FFFF0000FFFF0000FFFF0000FFFF0000FFFF0000FFFF0000;5830001590.0;-43.41
0xAAAA5555AAAA5555AAAA5555AAAA5555AAAA5555AAAA5555AAAA5555AAAA5555;5830001590.0;-43.41
0x5555AAAA5555AAAA5555AAAA5555AAAA5555AAAA5555AAAA5555AAAA5555AAAA;5830001590.0;-45.56
0xF0F0F0F0F0F0F0F0F0F0F0F0F0F0F0F0F0F0F0F0F0F0F0F0F0F0F0F0F0F0F0F0;5830001590.0;-41.55
0x0F0F0F0F0F0F0F0F0F0F0F0F0F0F0F0F0F0F0F0F0F0F0F0F0F0F0F0F0F0F0F0F;5830001590.0;-41.54
0xFFFFFFFFFFFFFFFF0000000000000000FFFFFFFFFFFFFFFF0000000000000000;5830001590.0;-45.51
0x0000000000000000FFFFFFFFFFFFFFFF0000000000000000FFFFFFFFFFFFFFFF;5830001590.0;-44.54
0x3A7B2F4C6E8D1F0A2C4E6B8D1F2A3B5C7E9F0A2B4C6E8F1A3B5C7E9F0A2B4C6D;5830001590.0;-44.57
0x9F8D6B5A3C2E1D0F9B7A5C3E1D0F9B7A5C3E1D0F9B7A5C3E1D0F9B7A5C3E1D0F;5830001590.0;-44.19
0xD3E7F0A2B4C6E8D1F2A3B5C7E9F0A2B4C6E8D1F2A3B5C7E9F0A2B4C6E8D1F28C;5830001590.0;-42.34
0x5A3C2E1D0F9B7A5C3E1D0F9B7A5C3E1D0F9B7A5C3E1D0F9B7A5C3E1D0F9B7AB3;5830001590.0;-42.34
0XFFFFFFFF00000000FFFFFFFF00000000FFFFFFFF00000000FFFFFFFF00000000;5830001590.0;-43.78
0XCCCCCCCCCCCCCCCCCCCCCCCCCCCCCCCCCCCCCCCCCCCCCCCCCCCCCCCCCCCCCCCC;5830001590.0;-42.76
0XAAAA5555AAAA5555AAAA5555AAAA5555AAAA5555AAAA5555AAAA5555AAAA5555;5830001590.0;-42.75
0XCCCCCCCC33333333CCCCCCCC33333333CCCCCCCC33333333CCCCCCCC33333333;5830001590.0;-42.51
0X00007FFE40025FFA500A57EA542A55AA55AA542A57EA500A5FFA40027FFE0000;5830001590.0;-42.50
0X000000003FFC3FFC300C300C33CC33CC33CC33CC300C300C3FFC3FFC00000000;5830001580.0;-43.83
0x0000000000000000000000000000000000000000000000000000000000000000;5860001590.0;-44.32
0xFFFFFFFFFFFFFFFFFFFFFFFFFFFFFFFFFFFFFFFFFFFFFFFFFFFFFFFFFFFFFFFF;5860001590.0;-43.48
0x8000000000000000000000000000000000000000000000000000000000000000;5860001590.0;-43.50
0x0000000000000000000000000000000000000000000000000000000000000001;5860001590.0;-44.28
0xFF00FF00FF00FF00FF00FF00FF00FF00FF00FF00FF00FF00FF00FF00FF00FF00;5860001590.0;-44.29
0xFFFFFFFFFFFFFFFFFFFFFFFFFFFFFFFF00000000000000000000000000000000;5860001590.0;-46.40
0xAAAAAAAAAAAAAAAAAAAAAAAAAAAAAAAAAAAAAAAAAAAAAAAAAAAAAAAAAAAAAAAA;5860001590.0;-45.78
0x5555555555555555555555555555555555555555555555555555555555555555;5860001590.0;-45.80
0xFFFF0000FFFF0000FFFF0000FFFF0000FFFF0000FFFF0000FFFF0000FFFF0000;5860001590.0;-44.63
0xAAAA5555AAAA5555AAAA5555AAAA5555AAAA5555AAAA5555AAAA5555AAAA5555;5860001590.0;-44.63
0x5555AAAA5555AAAA5555AAAA5555AAAA5555AAAA5555AAAA5555AAAA5555AAAA;5860001590.0;-45.99
0xF0F0F0F0F0F0F0F0F0F0F0F0F0F0F0F0F0F0F0F0F0F0F0F0F0F0F0F0F0F0F0F0;5860001600.0;-44.06
0x0F0F0F0F0F0F0F0F0F0F0F0F0F0F0F0F0F0F0F0F0F0F0F0F0F0F0F0F0F0F0F0F;5860001600.0;-44.07
0xFFFFFFFFFFFFFFFF0000000000000000FFFFFFFFFFFFFFFF0000000000000000;5860001600.0;-45.71
0x0000000000000000FFFFFFFFFFFFFFFF0000000000000000FFFFFFFFFFFFFFFF;5860001600.0;-45.69
0x3A7B2F4C6E8D1F0A2C4E6B8D1F2A3B5C7E9F0A2B4C6E8F1A3B5C7E9F0A2B4C6D;5860001600.0;-45.98
0x9F8D6B5A3C2E1D0F9B7A5C3E1D0F9B7A5C3E1D0F9B7A5C3E1D0F9B7A5C3E1D0F;5860001600.0;-45.78
0xD3E7F0A2B4C6E8D1F2A3B5C7E9F0A2B4C6E8D1F2A3B5C7E9F0A2B4C6E8D1F28C;5860001600.0;-43.82
0x5A3C2E1D0F9B7A5C3E1D0F9B7A5C3E1D0F9B7A5C3E1D0F9B7A5C3E1D0F9B7AB3;5860001600.0;-43.82
0XFFFFFFFF00000000FFFFFFFF00000000FFFFFFFF00000000FFFFFFFF00000000;5860001600.0;-45.61
0XCCCCCCCCCCCCCCCCCCCCCCCCCCCCCCCCCCCCCCCCCCCCCCCCCCCCCCCCCCCCCCCC;5860001600.0;-45.19
0XAAAA5555AAAA5555AAAA5555AAAA5555AAAA5555AAAA5555AAAA5555AAAA5555;5860001590.0;-45.18
0XCCCCCCCC33333333CCCCCCCC33333333CCCCCCCC33333333CCCCCCCC33333333;5860001600.0;-44.14
0X00007FFE40025FFA500A57EA542A55AA55AA542A57EA500A5FFA40027FFE0000;5860001600.0;-44.14
0X000000003FFC3FFC300C300C33CC33CC33CC33CC300C300C3FFC3FFC00000000;5860001590.0;-44.58
0x0000000000000000000000000000000000000000000000000000000000000000;5890001600.0;-43.22
0xFFFFFFFFFFFFFFFFFFFFFFFFFFFFFFFFFFFFFFFFFFFFFFFFFFFFFFFFFFFFFFFF;5890001600.0;-40.96
0x8000000000000000000000000000000000000000000000000000000000000000;5890001600.0;-40.96
0x0000000000000000000000000000000000000000000000000000000000000001;5890001600.0;-44.12
0xFF00FF00FF00FF00FF00FF00FF00FF00FF00FF00FF00FF00FF00FF00FF00FF00;5890001600.0;-44.13
0xFFFFFFFFFFFFFFFFFFFFFFFFFFFFFFFF00000000000000000000000000000000;5890001600.0;-44.69
0xAAAAAAAAAAAAAAAAAAAAAAAAAAAAAAAAAAAAAAAAAAAAAAAAAAAAAAAAAAAAAAAA;5890001600.0;-44.71
0x5555555555555555555555555555555555555555555555555555555555555555;5890001600.0;-45.02
0xFFFF0000FFFF0000FFFF0000FFFF0000FFFF0000FFFF0000FFFF0000FFFF0000;5890001600.0;-43.84
0xAAAA5555AAAA5555AAAA5555AAAA5555AAAA5555AAAA5555AAAA5555AAAA5555;5890001600.0;-43.85
0x5555AAAA5555AAAA5555AAAA5555AAAA5555AAAA5555AAAA5555AAAA5555AAAA;5890001600.0;-45.13
0xF0F0F0F0F0F0F0F0F0F0F0F0F0F0F0F0F0F0F0F0F0F0F0F0F0F0F0F0F0F0F0F0;5890001600.0;-43.49
0x0F0F0F0F0F0F0F0F0F0F0F0F0F0F0F0F0F0F0F0F0F0F0F0F0F0F0F0F0F0F0F0F;5890001600.0;-43.46
0xFFFFFFFFFFFFFFFF0000000000000000FFFFFFFFFFFFFFFF0000000000000000;5890001600.0;-43.71
0x0000000000000000FFFFFFFFFFFFFFFF0000000000000000FFFFFFFFFFFFFFFF;5890001600.0;-43.67
0x3A7B2F4C6E8D1F0A2C4E6B8D1F2A3B5C7E9F0A2B4C6E8F1A3B5C7E9F0A2B4C6D;5890001600.0;-44.66
0x9F8D6B5A3C2E1D0F9B7A5C3E1D0F9B7A5C3E1D0F9B7A5C3E1D0F9B7A5C3E1D0F;5890001600.0;-44.17
0xD3E7F0A2B4C6E8D1F2A3B5C7E9F0A2B4C6E8D1F2A3B5C7E9F0A2B4C6E8D1F28C;5890001600.0;-43.15
0x5A3C2E1D0F9B7A5C3E1D0F9B7A5C3E1D0F9B7A5C3E1D0F9B7A5C3E1D0F9B7AB3;5890001600.0;-43.16
0XFFFFFFFF00000000FFFFFFFF00000000FFFFFFFF00000000FFFFFFFF00000000;5890001600.0;-44.53
0XCCCCCCCCCCCCCCCCCCCCCCCCCCCCCCCCCCCCCCCCCCCCCCCCCCCCCCCCCCCCCCCC;5890001600.0;-45.13
0XAAAA5555AAAA5555AAAA5555AAAA5555AAAA5555AAAA5555AAAA5555AAAA5555;5890001600.0;-45.22
0XCCCCCCCC33333333CCCCCCCC33333333CCCCCCCC33333333CCCCCCCC33333333;5890001600.0;-42.99
0X00007FFE40025FFA500A57EA542A55AA55AA542A57EA500A5FFA40027FFE0000;5890001600.0;-42.94
0X000000003FFC3FFC300C300C33CC33CC33CC33CC300C300C3FFC3FFC00000000;5890001600.0;-43.28
0x0000000000000000000000000000000000000000000000000000000000000000;5920001610.0;-43.42
0xFFFFFFFFFFFFFFFFFFFFFFFFFFFFFFFFFFFFFFFFFFFFFFFFFFFFFFFFFFFFFFFF;5920001610.0;-41.42
0x8000000000000000000000000000000000000000000000000000000000000000;5920001610.0;-41.43
0x0000000000000000000000000000000000000000000000000000000000000001;5920001610.0;-44.26
0xFF00FF00FF00FF00FF00FF00FF00FF00FF00FF00FF00FF00FF00FF00FF00FF00;5920001610.0;-43.41
0xFFFFFFFFFFFFFFFFFFFFFFFFFFFFFFFF00000000000000000000000000000000;5920001610.0;-43.38
0xAAAAAAAAAAAAAAAAAAAAAAAAAAAAAAAAAAAAAAAAAAAAAAAAAAAAAAAAAAAAAAAA;5920001610.0;-44.03
0x5555555555555555555555555555555555555555555555555555555555555555;5920001610.0;-44.86
0xFFFF0000FFFF0000FFFF0000FFFF0000FFFF0000FFFF0000FFFF0000FFFF0000;5920001610.0;-43.57
0xAAAA5555AAAA5555AAAA5555AAAA5555AAAA5555AAAA5555AAAA5555AAAA5555;5920001610.0;-43.77
0x5555AAAA5555AAAA5555AAAA5555AAAA5555AAAA5555AAAA5555AAAA5555AAAA;5920001610.0;-45.07
0xF0F0F0F0F0F0F0F0F0F0F0F0F0F0F0F0F0F0F0F0F0F0F0F0F0F0F0F0F0F0F0F0;5920001610.0;-43.84
0x0F0F0F0F0F0F0F0F0F0F0F0F0F0F0F0F0F0F0F0F0F0F0F0F0F0F0F0F0F0F0F0F;5920001610.0;-43.95
0xFFFFFFFFFFFFFFFF0000000000000000FFFFFFFFFFFFFFFF0000000000000000;5920001610.0;-43.85
0x0000000000000000FFFFFFFFFFFFFFFF0000000000000000FFFFFFFFFFFFFFFF;5920001610.0;-43.61
0x3A7B2F4C6E8D1F0A2C4E6B8D1F2A3B5C7E9F0A2B4C6E8F1A3B5C7E9F0A2B4C6D;5920001610.0;-44.29
0x9F8D6B5A3C2E1D0F9B7A5C3E1D0F9B7A5C3E1D0F9B7A5C3E1D0F9B7A5C3E1D0F;5920001610.0;-43.66
0xD3E7F0A2B4C6E8D1F2A3B5C7E9F0A2B4C6E8D1F2A3B5C7E9F0A2B4C6E8D1F28C;5920001610.0;-43.72
0x5A3C2E1D0F9B7A5C3E1D0F9B7A5C3E1D0F9B7A5C3E1D0F9B7A5C3E1D0F9B7AB3;5920001610.0;-43.78
0XFFFFFFFF00000000FFFFFFFF00000000FFFFFFFF00000000FFFFFFFF00000000;5920001610.0;-44.11
0XCCCCCCCCCCCCCCCCCCCCCCCCCCCCCCCCCCCCCCCCCCCCCCCCCCCCCCCCCCCCCCCC;5920001610.0;-45.51
0XAAAA5555AAAA5555AAAA5555AAAA5555AAAA5555AAAA5555AAAA5555AAAA5555;5920001610.0;-45.04
0XCCCCCCCC33333333CCCCCCCC33333333CCCCCCCC33333333CCCCCCCC33333333;5920001610.0;-42.92
0X00007FFE40025FFA500A57EA542A55AA55AA542A57EA500A5FFA40027FFE0000;5920001610.0;-42.92
0X000000003FFC3FFC300C300C33CC33CC33CC33CC300C300C3FFC3FFC00000000;5920001610.0;-43.28
