-80.29611366874093,0x36be7237ef0e877219d53f3761abf689e270fb47a3f6690186928eef42576b65
-80.25019861577631,0xb6be7237ef0e877219d53f3761abf689e270fb47a3f6690186928eef42576b65
-80.28720355724597,0x76be7237ef0e877219d53f3761abf689e270fb47a3f6690186928eef42576b65
-80.3147493909289,0x16be7237ef0e877219d53f3761abf689e270fb47a3f6690186928eef42576b65
-80.29124842442714,0x06be7237ef0e877219d53f3761abf689e270fb47a3f6690186928eef42576b65
-80.30304939048987,0x1ebe7237ef0e877219d53f3761abf689e270fb47a3f6690186928eef42576b65
-80.29370869456471,0x12be7237ef0e877219d53f3761abf689e270fb47a3f6690186928eef42576b65
-80.33067083215856,0x14be7237ef0e877219d53f3761abf689e270fb47a3f6690186928eef42576b65
-80.3655445735295,0x15be7237ef0e877219d53f3761abf689e270fb47a3f6690186928eef42576b65
-80.36125199873369,0x153e7237ef0e877219d53f3761abf689e270fb47a3f6690186928eef42576b65
-80.35599739615853,0x15fe7237ef0e877219d53f3761abf689e270fb47a3f6690186928eef42576b65
-80.35477579366434,0x159e7237ef0e877219d53f3761abf689e270fb47a3f6690186928eef42576b65
-80.33154674152752,0x15ae7237ef0e877219d53f3761abf689e270fb47a3f6690186928eef42576b65
-80.3250815804069,0x15b67237ef0e877219d53f3761abf689e270fb47a3f6690186928eef42576b65
-80.34384479960957,0x15ba7237ef0e877219d53f3761abf689e270fb47a3f6690186928eef42576b65
-80.34675158368243,0x15bc7237ef0e877219d53f3761abf689e270fb47a3f6690186928eef42576b65
-80.38213452044782,0x15bf7237ef0e877219d53f3761abf689e270fb47a3f6690186928eef42576b65
-80.33622773710664,0x15bff237ef0e877219d53f3761abf689e270fb47a3f6690186928eef42576b65
-80.42688285530387,0x15bf3237ef0e877219d53f3761abf689e270fb47a3f6690186928eef42576b65
-80.4670110239492,0x15bf1237ef0e877219d53f3761abf689e270fb47a3f6690186928eef42576b65
-80.5002224871686,0x15bf0237ef0e877219d53f3761abf689e270fb47a3f6690186928eef42576b65
-80.48907975264481,0x15bf0a37ef0e877219d53f3761abf689e270fb47a3f6690186928eef42576b65
-80.50194772878488,0x15bf0637ef0e877219d53f3761abf689e270fb47a3f6690186928eef42576b65
-80.49558045409181,0x15bf0437ef0e877219d53f3761abf689e270fb47a3f6690186928eef42576b65
-80.5065539700168,0x15bf0737ef0e877219d53f3761abf689e270fb47a3f6690186928eef42576b65
-80.49075889777947,0x15bf07b7ef0e877219d53f3761abf689e270fb47a3f6690186928eef42576b65
-80.50899935483218,0x15bf0777ef0e877219d53f3761abf689e270fb47a3f6690186928eef42576b65
-80.51594923783492,0x15bf0757ef0e877219d53f3761abf689e270fb47a3f6690186928eef42576b65
-80.54063375131948,0x15bf0747ef0e877219d53f3761abf689e270fb47a3f6690186928eef42576b65
-80.56478674523719,0x15bf074fef0e877219d53f3761abf689e270fb47a3f6690186928eef42576b65
-80.54297644036872,0x15bf074bef0e877219d53f3761abf689e270fb47a3f6690186928eef42576b65
-80.56130388471392,0x15bf074def0e877219d53f3761abf689e270fb47a3f6690186928eef42576b65
-80.57040376310701,0x15bf074eef0e877219d53f3761abf689e270fb47a3f6690186928eef42576b65
-80.61289491758242,0x15bf074e6f0e877219d53f3761abf689e270fb47a3f6690186928eef42576b65
-80.66328180181635,0x15bf074e2f0e877219d53f3761abf689e270fb47a3f6690186928eef42576b65
-80.72402846634567,0x15bf074e0f0e877219d53f3761abf689e270fb47a3f6690186928eef42576b65
-80.67508320994192,0x15bf074e1f0e877219d53f3761abf689e270fb47a3f6690186928eef42576b65
-80.71529553058026,0x15bf074e070e877219d53f3761abf689e270fb47a3f6690186928eef42576b65
-80.72315488923918,0x15bf074e0b0e877219d53f3761abf689e270fb47a3f6690186928eef42576b65
-80.72207274994292,0x15bf074e0d0e877219d53f3761abf689e270fb47a3f6690186928eef42576b65
-80.70433267751535,0x15bf074e0e0e877219d53f3761abf689e270fb47a3f6690186928eef42576b65
-80.71354798765688,0x15bf074e0f8e877219d53f3761abf689e270fb47a3f6690186928eef42576b65
-80.73138763092376,0x15bf074e0f4e877219d53f3761abf689e270fb47a3f6690186928eef42576b65
-80.70331812809992,0x15bf074e0f6e877219d53f3761abf689e270fb47a3f6690186928eef42576b65
-80.71369216873215,0x15bf074e0f5e877219d53f3761abf689e270fb47a3f6690186928eef42576b65
-80.73753148859197,0x15bf074e0f46877219d53f3761abf689e270fb47a3f6690186928eef42576b65
-80.73630897910684,0x15bf074e0f42877219d53f3761abf689e270fb47a3f6690186928eef42576b65
-80.75646086244078,0x15bf074e0f44877219d53f3761abf689e270fb47a3f6690186928eef42576b65
-80.71108468405374,0x15bf074e0f45877219d53f3761abf689e270fb47a3f6690186928eef42576b65
-80.80154301570012,0x15bf074e0f44077219d53f3761abf689e270fb47a3f6690186928eef42576b65
-80.74889588713289,0x15bf074e0f44477219d53f3761abf689e270fb47a3f6690186928eef42576b65
-80.78716449566059,0x15bf074e0f44277219d53f3761abf689e270fb47a3f6690186928eef42576b65
-80.8270765032087,0x15bf074e0f44177219d53f3761abf689e270fb47a3f6690186928eef42576b65
-80.82336600319846,0x15bf074e0f441f7219d53f3761abf689e270fb47a3f6690186928eef42576b65
-80.80126878431626,0x15bf074e0f44137219d53f3761abf689e270fb47a3f6690186928eef42576b65
-80.82126043512152,0x15bf074e0f44157219d53f3761abf689e270fb47a3f6690186928eef42576b65
-80.81536510059765,0x15bf074e0f44167219d53f3761abf689e270fb47a3f6690186928eef42576b65
-80.8229657610456,0x15bf074e0f4417f219d53f3761abf689e270fb47a3f6690186928eef42576b65
-80.82209498112971,0x15bf074e0f44173219d53f3761abf689e270fb47a3f6690186928eef42576b65
-80.80861056363071,0x15bf074e0f44175219d53f3761abf689e270fb47a3f6690186928eef42576b65
-80.8225590327641,0x15bf074e0f44176219d53f3761abf689e270fb47a3f6690186928eef42576b65
-80.82763709221686,0x15bf074e0f44177a19d53f3761abf689e270fb47a3f6690186928eef42576b65
-80.84412420617713,0x15bf074e0f44177e19d53f3761abf689e270fb47a3f6690186928eef42576b65
-80.8619479046954,0x15bf074e0f44177c19d53f3761abf689e270fb47a3f6690186928eef42576b65
-80.8427609835233,0x15bf074e0f44177d19d53f3761abf689e270fb47a3f6690186928eef42576b65
-80.83718327875738,0x15bf074e0f44177c99d53f3761abf689e270fb47a3f6690186928eef42576b65
-80.82462815352372,0x15bf074e0f44177c59d53f3761abf689e270fb47a3f6690186928eef42576b65
-80.86943962714531,0x15bf074e0f44177c39d53f3761abf689e270fb47a3f6690186928eef42576b65
-80.83108853579282,0x15bf074e0f44177c29d53f3761abf689e270fb47a3f6690186928eef42576b65
-80.81296537782286,0x15bf074e0f44177c31d53f3761abf689e270fb47a3f6690186928eef42576b65
-80.85770308030592,0x15bf074e0f44177c3dd53f3761abf689e270fb47a3f6690186928eef42576b65
-80.83492924616887,0x15bf074e0f44177c3bd53f3761abf689e270fb47a3f6690186928eef42576b65
-80.87954698194872,0x15bf074e0f44177c38d53f3761abf689e270fb47a3f6690186928eef42576b65
-80.8417690097988,0x15bf074e0f44177c38553f3761abf689e270fb47a3f6690186928eef42576b65
-80.90048378592843,0x15bf074e0f44177c38953f3761abf689e270fb47a3f6690186928eef42576b65
-80.92048151128657,0x15bf074e0f44177c38b53f3761abf689e270fb47a3f6690186928eef42576b65
-80.88926617510907,0x15bf074e0f44177c38a53f3761abf689e270fb47a3f6690186928eef42576b65
-80.9479766449371,0x15bf074e0f44177c38bd3f3761abf689e270fb47a3f6690186928eef42576b65
-80.93916174462744,0x15bf074e0f44177c38b93f3761abf689e270fb47a3f6690186928eef42576b65
-80.98804388513098,0x15bf074e0f44177c38bf3f3761abf689e270fb47a3f6690186928eef42576b65
-80.9986485529851,0x15bf074e0f44177c38be3f3761abf689e270fb47a3f6690186928eef42576b65
-80.95400200690423,0x15bf074e0f44177c38bebf3761abf689e270fb47a3f6690186928eef42576b65
-80.98631865113646,0x15bf074e0f44177c38be7f3761abf689e270fb47a3f6690186928eef42576b65
-80.97796063799481,0x15bf074e0f44177c38be1f3761abf689e270fb47a3f6690186928eef42576b65
-80.93471606366046,0x15bf074e0f44177c38be2f3761abf689e270fb47a3f6690186928eef42576b65
-80.94387902746668,0x15bf074e0f44177c38be373761abf689e270fb47a3f6690186928eef42576b65
-80.8929068139502,0x15bf074e0f44177c38be3b3761abf689e270fb47a3f6690186928eef42576b65
-80.89441935475413,0x15bf074e0f44177c38be3d3761abf689e270fb47a3f6690186928eef42576b65
-80.97501958643163,0x15bf074e0f44177c38be3e3761abf689e270fb47a3f6690186928eef42576b65
-80.94637226177143,0x15bf074e0f44177c38be3fb761abf689e270fb47a3f6690186928eef42576b65
-80.96743697434158,0x15bf074e0f44177c38be3f7761abf689e270fb47a3f6690186928eef42576b65
-80.95221739929993,0x15bf074e0f44177c38be3f1761abf689e270fb47a3f6690186928eef42576b65
-80.96085710554094,0x15bf074e0f44177c38be3f2761abf689e270fb47a3f6690186928eef42576b65
-81.00479931597943,0x15bf074e0f44177c38be3f3f61abf689e270fb47a3f6690186928eef42576b65
-80.98136698354136,0x15bf074e0f44177c38be3f3b61abf689e270fb47a3f6690186928eef42576b65
-80.99435474346211,0x15bf074e0f44177c38be3f3d61abf689e270fb47a3f6690186928eef42576b65
-81.03055607569921,0x15bf074e0f44177c38be3f3e61abf689e270fb47a3f6690186928eef42576b65
-80.99544409295538,0x15bf074e0f44177c38be3f3ee1abf689e270fb47a3f6690186928eef42576b65
-81.04711324899466,0x15bf074e0f44177c38be3f3e21abf689e270fb47a3f6690186928eef42576b65
-81.02316707188075,0x15bf074e0f44177c38be3f3e01abf689e270fb47a3f6690186928eef42576b65
-81.07116219809244,0x15bf074e0f44177c38be3f3e31abf689e270fb47a3f6690186928eef42576b65
-81.0885223785004,0x15bf074e0f44177c38be3f3e39abf689e270fb47a3f6690186928eef42576b65
-81.09335550466379,0x15bf074e0f44177c38be3f3e3dabf689e270fb47a3f6690186928eef42576b65
-81.08872538441783,0x15bf074e0f44177c38be3f3e3fabf689e270fb47a3f6690186928eef42576b65
-81.09266897348257,0x15bf074e0f44177c38be3f3e3cabf689e270fb47a3f6690186928eef42576b65
-81.07835949908247,0x15bf074e0f44177c38be3f3e3d2bf689e270fb47a3f6690186928eef42576b65
-81.11423557978887,0x15bf074e0f44177c38be3f3e3debf689e270fb47a3f6690186928eef42576b65
-81.11553943645465,0x15bf074e0f44177c38be3f3e3dcbf689e270fb47a3f6690186928eef42576b65
-81.09976524787469,0x15bf074e0f44177c38be3f3e3ddbf689e270fb47a3f6690186928eef42576b65
-81.10092811698799,0x15bf074e0f44177c38be3f3e3dc3f689e270fb47a3f6690186928eef42576b65
-81.1263980846424,0x15bf074e0f44177c38be3f3e3dcff689e270fb47a3f6690186928eef42576b65
-81.1337141099867,0x15bf074e0f44177c38be3f3e3dcdf689e270fb47a3f6690186928eef42576b65
-81.16143816358202,0x15bf074e0f44177c38be3f3e3dccf689e270fb47a3f6690186928eef42576b65
-81.1844046532691,0x15bf074e0f44177c38be3f3e3dcc7689e270fb47a3f6690186928eef42576b65
-81.2037132179344,0x15bf074e0f44177c38be3f3e3dcc3689e270fb47a3f6690186928eef42576b65
-81.18644292871436,0x15bf074e0f44177c38be3f3e3dcc1689e270fb47a3f6690186928eef42576b65
-81.16807070645419,0x15bf074e0f44177c38be3f3e3dcc2689e270fb47a3f6690186928eef42576b65
-81.19979527613499,0x15bf074e0f44177c38be3f3e3dcc3e89e270fb47a3f6690186928eef42576b65
-81.17324174391283,0x15bf074e0f44177c38be3f3e3dcc3289e270fb47a3f6690186928eef42576b65
-81.16887981860668,0x15bf074e0f44177c38be3f3e3dcc3489e270fb47a3f6690186928eef42576b65
-81.18098137976526,0x15bf074e0f44177c38be3f3e3dcc3789e270fb47a3f6690186928eef42576b65
-81.20177841567612,0x15bf074e0f44177c38be3f3e3dcc3609e270fb47a3f6690186928eef42576b65
-81.18502748929538,0x15bf074e0f44177c38be3f3e3dcc36c9e270fb47a3f6690186928eef42576b65
-81.18751484721334,0x15bf074e0f44177c38be3f3e3dcc36a9e270fb47a3f6690186928eef42576b65
-81.17664887450196,0x15bf074e0f44177c38be3f3e3dcc3699e270fb47a3f6690186928eef42576b65
-81.22520718112455,0x15bf074e0f44177c38be3f3e3dcc3681e270fb47a3f6690186928eef42576b65
-81.18507114680973,0x15bf074e0f44177c38be3f3e3dcc3685e270fb47a3f6690186928eef42576b65
-81.17642846045555,0x15bf074e0f44177c38be3f3e3dcc3683e270fb47a3f6690186928eef42576b65
-81.29662233823305,0x15bf074e0f44177c38be3f3e3dcc3680e270fb47a3f6690186928eef42576b65
-81.32876272134848,0x15bf074e0f44177c38be3f3e3dcc36806270fb47a3f6690186928eef42576b65
-81.35501981996275,0x15bf074e0f44177c38be3f3e3dcc36802270fb47a3f6690186928eef42576b65
-81.33829659872598,0x15bf074e0f44177c38be3f3e3dcc36800270fb47a3f6690186928eef42576b65
-81.35544634960986,0x15bf074e0f44177c38be3f3e3dcc36803270fb47a3f6690186928eef42576b65
-81.36793325235556,0x15bf074e0f44177c38be3f3e3dcc36803a70fb47a3f6690186928eef42576b65
-81.35735055045052,0x15bf074e0f44177c38be3f3e3dcc36803e70fb47a3f6690186928eef42576b65
-81.39766121482278,0x15bf074e0f44177c38be3f3e3dcc36803870fb47a3f6690186928eef42576b65
-81.39598555283827,0x15bf074e0f44177c38be3f3e3dcc36803970fb47a3f6690186928eef42576b65
-81.3635126851298,0x15bf074e0f44177c38be3f3e3dcc368038f0fb47a3f6690186928eef42576b65
-81.44762547175725,0x15bf074e0f44177c38be3f3e3dcc36803830fb47a3f6690186928eef42576b65
-81.49879589709607,0x15bf074e0f44177c38be3f3e3dcc36803810fb47a3f6690186928eef42576b65
-81.51369361229591,0x15bf074e0f44177c38be3f3e3dcc36803800fb47a3f6690186928eef42576b65
-81.44220396760223,0x15bf074e0f44177c38be3f3e3dcc36803808fb47a3f6690186928eef42576b65
-81.47818637966037,0x15bf074e0f44177c38be3f3e3dcc36803804fb47a3f6690186928eef42576b65
-81.49226731520433,0x15bf074e0f44177c38be3f3e3dcc36803802fb47a3f6690186928eef42576b65
-81.50501615541441,0x15bf074e0f44177c38be3f3e3dcc36803801fb47a3f6690186928eef42576b65
-81.55534148621155,0x15bf074e0f44177c38be3f3e3dcc368038007b47a3f6690186928eef42576b65
-81.5632500510354,0x15bf074e0f44177c38be3f3e3dcc368038003b47a3f6690186928eef42576b65
-81.56613996050336,0x15bf074e0f44177c38be3f3e3dcc368038001b47a3f6690186928eef42576b65
-81.52139865292179,0x15bf074e0f44177c38be3f3e3dcc368038000b47a3f6690186928eef42576b65
-81.53087372832246,0x15bf074e0f44177c38be3f3e3dcc368038001347a3f6690186928eef42576b65
-81.59517425781006,0x15bf074e0f44177c38be3f3e3dcc368038001f47a3f6690186928eef42576b65
-81.60553420578445,0x15bf074e0f44177c38be3f3e3dcc368038001d47a3f6690186928eef42576b65
-81.58186920348938,0x15bf074e0f44177c38be3f3e3dcc368038001c47a3f6690186928eef42576b65
-81.59910759559044,0x15bf074e0f44177c38be3f3e3dcc368038001dc7a3f6690186928eef42576b65
-81.62727455802255,0x15bf074e0f44177c38be3f3e3dcc368038001d07a3f6690186928eef42576b65
-81.60574147989462,0x15bf074e0f44177c38be3f3e3dcc368038001d27a3f6690186928eef42576b65
-81.6236525544158,0x15bf074e0f44177c38be3f3e3dcc368038001d17a3f6690186928eef42576b65
-81.60211548247895,0x15bf074e0f44177c38be3f3e3dcc368038001d0fa3f6690186928eef42576b65
-81.63458997362501,0x15bf074e0f44177c38be3f3e3dcc368038001d03a3f6690186928eef42576b65
-81.64214599334991,0x15bf074e0f44177c38be3f3e3dcc368038001d01a3f6690186928eef42576b65
-81.67553715510563,0x15bf074e0f44177c38be3f3e3dcc368038001d00a3f6690186928eef42576b65
-81.73619988105156,0x15bf074e0f44177c38be3f3e3dcc368038001d0023f6690186928eef42576b65
-81.73517455444946,0x15bf074e0f44177c38be3f3e3dcc368038001d0063f6690186928eef42576b65
-81.72389896480473,0x15bf074e0f44177c38be3f3e3dcc368038001d0003f6690186928eef42576b65
-81.75579862184934,0x15bf074e0f44177c38be3f3e3dcc368038001d0033f6690186928eef42576b65
-81.74945171253307,0x15bf074e0f44177c38be3f3e3dcc368038001d003bf6690186928eef42576b65
-81.76269845267038,0x15bf074e0f44177c38be3f3e3dcc368038001d0037f6690186928eef42576b65
-81.74834946700028,0x15bf074e0f44177c38be3f3e3dcc368038001d0035f6690186928eef42576b65
-81.80383050787104,0x15bf074e0f44177c38be3f3e3dcc368038001d0036f6690186928eef42576b65
-81.74735612135667,0x15bf074e0f44177c38be3f3e3dcc368038001d003676690186928eef42576b65
-81.79106053248509,0x15bf074e0f44177c38be3f3e3dcc368038001d0036b6690186928eef42576b65
-81.7976613382955,0x15bf074e0f44177c38be3f3e3dcc368038001d0036d6690186928eef42576b65
-81.88284450382382,0x15bf074e0f44177c38be3f3e3dcc368038001d0036e6690186928eef42576b65
-81.85409241789705,0x15bf074e0f44177c38be3f3e3dcc368038001d0036ee690186928eef42576b65
-81.89050142819826,0x15bf074e0f44177c38be3f3e3dcc368038001d0036e2690186928eef42576b65
-81.94809531593894,0x15bf074e0f44177c38be3f3e3dcc368038001d0036e0690186928eef42576b65
-81.91451651375968,0x15bf074e0f44177c38be3f3e3dcc368038001d0036e1690186928eef42576b65
-81.9479892894581,0x15bf074e0f44177c38be3f3e3dcc368038001d0036e0e90186928eef42576b65
-81.95264579628136,0x15bf074e0f44177c38be3f3e3dcc368038001d0036e0290186928eef42576b65
-81.93296691254302,0x15bf074e0f44177c38be3f3e3dcc368038001d0036e0090186928eef42576b65
-81.96970638766751,0x15bf074e0f44177c38be3f3e3dcc368038001d0036e0390186928eef42576b65
-81.97245284775039,0x15bf074e0f44177c38be3f3e3dcc368038001d0036e0310186928eef42576b65
-81.95433544421887,0x15bf074e0f44177c38be3f3e3dcc368038001d0036e0350186928eef42576b65
-81.96971015282325,0x15bf074e0f44177c38be3f3e3dcc368038001d0036e0330186928eef42576b65
-81.96938936002962,0x15bf074e0f44177c38be3f3e3dcc368038001d0036e0300186928eef42576b65
-81.95272705200074,0x15bf074e0f44177c38be3f3e3dcc368038001d0036e0318186928eef42576b65
-81.95916231290683,0x15bf074e0f44177c38be3f3e3dcc368038001d0036e0314186928eef42576b65
-81.96536685512973,0x15bf074e0f44177c38be3f3e3dcc368038001d0036e0312186928eef42576b65
-81.92166369397205,0x15bf074e0f44177c38be3f3e3dcc368038001d0036e0311186928eef42576b65
-81.96917787107911,0x15bf074e0f44177c38be3f3e3dcc368038001d0036e0310986928eef42576b65
-81.96877605884106,0x15bf074e0f44177c38be3f3e3dcc368038001d0036e0310586928eef42576b65
-81.97956871772027,0x15bf074e0f44177c38be3f3e3dcc368038001d0036e0310386928eef42576b65
-82.0552504822448,0x15bf074e0f44177c38be3f3e3dcc368038001d0036e0310286928eef42576b65
-82.06730829442775,0x15bf074e0f44177c38be3f3e3dcc368038001d0036e0310206928eef42576b65
-82.09250566937945,0x15bf074e0f44177c38be3f3e3dcc368038001d0036e0310246928eef42576b65
-82.11524973287212,0x15bf074e0f44177c38be3f3e3dcc368038001d0036e0310266928eef42576b65
-82.14352456625406,0x15bf074e0f44177c38be3f3e3dcc368038001d0036e0310276928eef42576b65
-82.13997650908662,0x15bf074e0f44177c38be3f3e3dcc368038001d0036e031027e928eef42576b65
-82.11798489748777,0x15bf074e0f44177c38be3f3e3dcc368038001d0036e0310272928eef42576b65
-82.08383889060158,0x15bf074e0f44177c38be3f3e3dcc368038001d0036e0310274928eef42576b65
-82.16724542852167,0x15bf074e0f44177c38be3f3e3dcc368038001d0036e0310277928eef42576b65
-82.14209030867814,0x15bf074e0f44177c38be3f3e3dcc368038001d0036e0310277128eef42576b65
-82.14819002103853,0x15bf074e0f44177c38be3f3e3dcc368038001d0036e0310277d28eef42576b65
-82.14867186951233,0x15bf074e0f44177c38be3f3e3dcc368038001d0036e0310277b28eef42576b65
-82.17176856194342,0x15bf074e0f44177c38be3f3e3dcc368038001d0036e0310277828eef42576b65
-82.17535686207104,0x15bf074e0f44177c38be3f3e3dcc368038001d0036e03102778a8eef42576b65
-82.17231229921202,0x15bf074e0f44177c38be3f3e3dcc368038001d0036e03102778e8eef42576b65
-82.13817011845576,0x15bf074e0f44177c38be3f3e3dcc368038001d0036e0310277888eef42576b65
-82.16937140770607,0x15bf074e0f44177c38be3f3e3dcc368038001d0036e03102778b8eef42576b65
-82.2104973426232,0x15bf074e0f44177c38be3f3e3dcc368038001d0036e03102778a0eef42576b65
-82.22291022271186,0x15bf074e0f44177c38be3f3e3dcc368038001d0036e03102778a4eef42576b65
-82.27027126316067,0x15bf074e0f44177c38be3f3e3dcc368038001d0036e03102778a6eef42576b65
-82.32314840158621,0x15bf074e0f44177c38be3f3e3dcc368038001d0036e03102778a7eef42576b65
-82.26021771045117,0x15bf074e0f44177c38be3f3e3dcc368038001d0036e03102778a76ef42576b65
-82.28425073766566,0x15bf074e0f44177c38be3f3e3dcc368038001d0036e03102778a7aef42576b65
-82.29895122425182,0x15bf074e0f44177c38be3f3e3dcc368038001d0036e03102778a7cef42576b65
-82.33948900220872,0x15bf074e0f44177c38be3f3e3dcc368038001d0036e03102778a7fef42576b65
-82.28468924873954,0x15bf074e0f44177c38be3f3e3dcc368038001d0036e03102778a7f6f42576b65
-82.3172323739493,0x15bf074e0f44177c38be3f3e3dcc368038001d0036e03102778a7faf42576b65
-82.33924496828855,0x15bf074e0f44177c38be3f3e3dcc368038001d0036e03102778a7fcf42576b65
-82.34406394081992,0x15bf074e0f44177c38be3f3e3dcc368038001d0036e03102778a7fff42576b65
-82.33159126792397,0x15bf074e0f44177c38be3f3e3dcc368038001d0036e03102778a7ff742576b65
-82.34366601568597,0x15bf074e0f44177c38be3f3e3dcc368038001d0036e03102778a7ffb42576b65
-82.35266635372685,0x15bf074e0f44177c38be3f3e3dcc368038001d0036e03102778a7ffd42576b65
-82.37262061973671,0x15bf074e0f44177c38be3f3e3dcc368038001d0036e03102778a7ffc42576b65
-82.3688357998203,0x15bf074e0f44177c38be3f3e3dcc368038001d0036e03102778a7ffcc2576b65
-82.37010943615711,0x15bf074e0f44177c38be3f3e3dcc368038001d0036e03102778a7ffc02576b65
-82.39258076975514,0x15bf074e0f44177c38be3f3e3dcc368038001d0036e03102778a7ffc62576b65
-82.44431139539172,0x15bf074e0f44177c38be3f3e3dcc368038001d0036e03102778a7ffc72576b65
-82.43346187046596,0x15bf074e0f44177c38be3f3e3dcc368038001d0036e03102778a7ffc7a576b65
-82.44770903687377,0x15bf074e0f44177c38be3f3e3dcc368038001d0036e03102778a7ffc76576b65
-82.45327728301972,0x15bf074e0f44177c38be3f3e3dcc368038001d0036e03102778a7ffc74576b65
-82.436343929508,0x15bf074e0f44177c38be3f3e3dcc368038001d0036e03102778a7ffc75576b65
-82.45820244208916,0x15bf074e0f44177c38be3f3e3dcc368038001d0036e03102778a7ffc74d76b65
-82.44481184861282,0x15bf074e0f44177c38be3f3e3dcc368038001d0036e03102778a7ffc74976b65
-82.45528116902629,0x15bf074e0f44177c38be3f3e3dcc368038001d0036e03102778a7ffc74f76b65
-82.46209267112282,0x15bf074e0f44177c38be3f3e3dcc368038001d0036e03102778a7ffc74c76b65
-82.45727441503809,0x15bf074e0f44177c38be3f3e3dcc368038001d0036e03102778a7ffc74cf6b65
-82.44174724811322,0x15bf074e0f44177c38be3f3e3dcc368038001d0036e03102778a7ffc74c36b65
-82.60223563210471,0x15bf074e0f44177c38be3f3e3dcc368038001d0036e03102778a7ffc74c56b65
-82.68154478882933,0x15bf074e0f44177c38be3f3e3dcc368038001d0036e03102778a7ffc74c46b65
-82.6682230733134,0x15bf074e0f44177c38be3f3e3dcc368038001d0036e03102778a7ffc74c4eb65
-82.68994914234935,0x15bf074e0f44177c38be3f3e3dcc368038001d0036e03102778a7ffc74c42b65
-82.69166785210639,0x15bf074e0f44177c38be3f3e3dcc368038001d0036e03102778a7ffc74c40b65
-82.68875788213252,0x15bf074e0f44177c38be3f3e3dcc368038001d0036e03102778a7ffc74c41b65
-82.6649192025016,0x15bf074e0f44177c38be3f3e3dcc368038001d0036e03102778a7ffc74c40365
-82.65103939791898,0x15bf074e0f44177c38be3f3e3dcc368038001d0036e03102778a7ffc74c40f65
-82.64909834580702,0x15bf074e0f44177c38be3f3e3dcc368038001d0036e03102778a7ffc74c40965
-82.68708813464367,0x15bf074e0f44177c38be3f3e3dcc368038001d0036e03102778a7ffc74c40a65
-82.62378210930915,0x15bf074e0f44177c38be3f3e3dcc368038001d0036e03102778a7ffc74c40be5
-82.69776480538505,0x15bf074e0f44177c38be3f3e3dcc368038001d0036e03102778a7ffc74c40b25
-82.72643869954508,0x15bf074e0f44177c38be3f3e3dcc368038001d0036e03102778a7ffc74c40b05
-82.67181060364196,0x15bf074e0f44177c38be3f3e3dcc368038001d0036e03102778a7ffc74c40b15
-82.70327755740354,0x15bf074e0f44177c38be3f3e3dcc368038001d0036e03102778a7ffc74c40b0d
-82.72652878889909,0x15bf074e0f44177c38be3f3e3dcc368038001d0036e03102778a7ffc74c40b01
-82.67103307611578,0x15bf074e0f44177c38be3f3e3dcc368038001d0036e03102778a7ffc74c40b03
-82.78354276643766,0x15bf074e0f44177c38be3f3e3dcc368038001d0036e03102778a7ffc74c40b00
-80.28693104838277,0x36be7237ef0e877219d53f3761abf689e270fb47a3f6690186928eef42576b65
-80.23254389196009,0xb6be7237ef0e877219d53f3761abf689e270fb47a3f6690186928eef42576b65
-80.23091286307687,0xf6be7237ef0e877219d53f3761abf689e270fb47a3f6690186928eef42576b65
-80.233554500919,0xd6be7237ef0e877219d53f3761abf689e270fb47a3f6690186928eef42576b65
-80.2109672401573,0xe6be7237ef0e877219d53f3761abf689e270fb47a3f6690186928eef42576b65
-80.20911822095141,0xeebe7237ef0e877219d53f3761abf689e270fb47a3f6690186928eef42576b65
-80.18906708983155,0xeabe7237ef0e877219d53f3761abf689e270fb47a3f6690186928eef42576b65
-80.19473681226,0xe8be7237ef0e877219d53f3761abf689e270fb47a3f6690186928eef42576b65
-80.23364341652001,0xebbe7237ef0e877219d53f3761abf689e270fb47a3f6690186928eef42576b65
-80.18517373587106,0xea3e7237ef0e877219d53f3761abf689e270fb47a3f6690186928eef42576b65
-80.16424463750361,0xea7e7237ef0e877219d53f3761abf689e270fb47a3f6690186928eef42576b65
-80.138380845229,0xea5e7237ef0e877219d53f3761abf689e270fb47a3f6690186928eef42576b65
-80.10190311702458,0xea4e7237ef0e877219d53f3761abf689e270fb47a3f6690186928eef42576b65
-80.06576484733529,0xea467237ef0e877219d53f3761abf689e270fb47a3f6690186928eef42576b65
-80.04430848235017,0xea427237ef0e877219d53f3761abf689e270fb47a3f6690186928eef42576b65
-80.02154078374019,0xea407237ef0e877219d53f3761abf689e270fb47a3f6690186928eef42576b65
-80.04440019514178,0xea417237ef0e877219d53f3761abf689e270fb47a3f6690186928eef42576b65
-79.98808383084202,0xea40f237ef0e877219d53f3761abf689e270fb47a3f6690186928eef42576b65
-79.99662347082848,0xea40b237ef0e877219d53f3761abf689e270fb47a3f6690186928eef42576b65
-79.99357703301337,0xea40d237ef0e877219d53f3761abf689e270fb47a3f6690186928eef42576b65
-79.99540120524007,0xea40e237ef0e877219d53f3761abf689e270fb47a3f6690186928eef42576b65
-79.96829763254324,0xea40fa37ef0e877219d53f3761abf689e270fb47a3f6690186928eef42576b65
-79.9872488961234,0xea40fe37ef0e877219d53f3761abf689e270fb47a3f6690186928eef42576b65
-79.98540276556939,0xea40f837ef0e877219d53f3761abf689e270fb47a3f6690186928eef42576b65
-80.03049708317805,0xea40fb37ef0e877219d53f3761abf689e270fb47a3f6690186928eef42576b65
-80.0140468433544,0xea40fab7ef0e877219d53f3761abf689e270fb47a3f6690186928eef42576b65
-79.9943669154332,0xea40fa77ef0e877219d53f3761abf689e270fb47a3f6690186928eef42576b65
-79.98188030231488,0xea40fa17ef0e877219d53f3761abf689e270fb47a3f6690186928eef42576b65
-80.02827137309711,0xea40fa27ef0e877219d53f3761abf689e270fb47a3f6690186928eef42576b65
-79.99845380144758,0xea40fa3fef0e877219d53f3761abf689e270fb47a3f6690186928eef42576b65
-79.99111831009567,0xea40fa33ef0e877219d53f3761abf689e270fb47a3f6690186928eef42576b65
-80.01374463244275,0xea40fa35ef0e877219d53f3761abf689e270fb47a3f6690186928eef42576b65
-80.03193828418895,0xea40fa36ef0e877219d53f3761abf689e270fb47a3f6690186928eef42576b65
-80.0292715554709,0xea40fa376f0e877219d53f3761abf689e270fb47a3f6690186928eef42576b65
-80.0274726189338,0xea40fa37af0e877219d53f3761abf689e270fb47a3f6690186928eef42576b65
-80.01706809883233,0xea40fa37cf0e877219d53f3761abf689e270fb47a3f6690186928eef42576b65
-79.97804860087422,0xea40fa37ff0e877219d53f3761abf689e270fb47a3f6690186928eef42576b65
-79.98596173113995,0xea40fa37e70e877219d53f3761abf689e270fb47a3f6690186928eef42576b65
-79.97632196447351,0xea40fa37eb0e877219d53f3761abf689e270fb47a3f6690186928eef42576b65
-79.98601679082635,0xea40fa37ed0e877219d53f3761abf689e270fb47a3f6690186928eef42576b65
-79.94914378986492,0xea40fa37ee0e877219d53f3761abf689e270fb47a3f6690186928eef42576b65
-79.96016981218244,0xea40fa37ee8e877219d53f3761abf689e270fb47a3f6690186928eef42576b65
-79.97737313650705,0xea40fa37ee4e877219d53f3761abf689e270fb47a3f6690186928eef42576b65
-79.94296539794433,0xea40fa37ee2e877219d53f3761abf689e270fb47a3f6690186928eef42576b65
-79.96614338420369,0xea40fa37ee3e877219d53f3761abf689e270fb47a3f6690186928eef42576b65
-79.97244819846901,0xea40fa37ee26877219d53f3761abf689e270fb47a3f6690186928eef42576b65
-79.95206452178194,0xea40fa37ee2a877219d53f3761abf689e270fb47a3f6690186928eef42576b65
-79.98639323780468,0xea40fa37ee2c877219d53f3761abf689e270fb47a3f6690186928eef42576b65
-79.95428487375662,0xea40fa37ee2f877219d53f3761abf689e270fb47a3f6690186928eef42576b65
-80.00311633709309,0xea40fa37ee2e077219d53f3761abf689e270fb47a3f6690186928eef42576b65
-79.93442646678272,0xea40fa37ee2ec77219d53f3761abf689e270fb47a3f6690186928eef42576b65
-79.94207243104796,0xea40fa37ee2ee77219d53f3761abf689e270fb47a3f6690186928eef42576b65
-79.9607765967553,0xea40fa37ee2ed77219d53f3761abf689e270fb47a3f6690186928eef42576b65
-79.93585610556435,0xea40fa37ee2ecf7219d53f3761abf689e270fb47a3f6690186928eef42576b65
-79.90555247822246,0xea40fa37ee2ec37219d53f3761abf689e270fb47a3f6690186928eef42576b65
-79.88877324457769,0xea40fa37ee2ec17219d53f3761abf689e270fb47a3f6690186928eef42576b65
-79.86555650160386,0xea40fa37ee2ec07219d53f3761abf689e270fb47a3f6690186928eef42576b65
-79.86264114303665,0xea40fa37ee2ec0f219d53f3761abf689e270fb47a3f6690186928eef42576b65
-79.85805082368803,0xea40fa37ee2ec0b219d53f3761abf689e270fb47a3f6690186928eef42576b65
-79.84458375334383,0xea40fa37ee2ec09219d53f3761abf689e270fb47a3f6690186928eef42576b65
-79.8147911353783,0xea40fa37ee2ec08219d53f3761abf689e270fb47a3f6690186928eef42576b65
-79.83853159322368,0xea40fa37ee2ec08a19d53f3761abf689e270fb47a3f6690186928eef42576b65
-79.84086688915333,0xea40fa37ee2ec08619d53f3761abf689e270fb47a3f6690186928eef42576b65
-79.82076800000537,0xea40fa37ee2ec08019d53f3761abf689e270fb47a3f6690186928eef42576b65
-79.81699079423994,0xea40fa37ee2ec08319d53f3761abf689e270fb47a3f6690186928eef42576b65
-79.80337551090267,0xea40fa37ee2ec08299d53f3761abf689e270fb47a3f6690186928eef42576b65
-79.79104264418443,0xea40fa37ee2ec082d9d53f3761abf689e270fb47a3f6690186928eef42576b65
-79.80953235607166,0xea40fa37ee2ec082f9d53f3761abf689e270fb47a3f6690186928eef42576b65
-79.74900641808144,0xea40fa37ee2ec082c9d53f3761abf689e270fb47a3f6690186928eef42576b65
-79.67689625438038,0xea40fa37ee2ec082c1d53f3761abf689e270fb47a3f6690186928eef42576b65
-79.72123376044122,0xea40fa37ee2ec082c5d53f3761abf689e270fb47a3f6690186928eef42576b65
-79.68846275946953,0xea40fa37ee2ec082c3d53f3761abf689e270fb47a3f6690186928eef42576b65
-79.6601949152532,0xea40fa37ee2ec082c0d53f3761abf689e270fb47a3f6690186928eef42576b65
-79.6204862794676,0xea40fa37ee2ec082c0553f3761abf689e270fb47a3f6690186928eef42576b65
-79.63021682906937,0xea40fa37ee2ec082c0153f3761abf689e270fb47a3f6690186928eef42576b65
-79.66666314794824,0xea40fa37ee2ec082c0753f3761abf689e270fb47a3f6690186928eef42576b65
-79.61514119120625,0xea40fa37ee2ec082c0453f3761abf689e270fb47a3f6690186928eef42576b65
-79.6526765547075,0xea40fa37ee2ec082c04d3f3761abf689e270fb47a3f6690186928eef42576b65
-79.63039233563067,0xea40fa37ee2ec082c0413f3761abf689e270fb47a3f6690186928eef42576b65
-79.6537219723026,0xea40fa37ee2ec082c0473f3761abf689e270fb47a3f6690186928eef42576b65
-79.63461934031545,0xea40fa37ee2ec082c0443f3761abf689e270fb47a3f6690186928eef42576b65
-79.5706327135389,0xea40fa37ee2ec082c045bf3761abf689e270fb47a3f6690186928eef42576b65
-79.57513127436528,0xea40fa37ee2ec082c045ff3761abf689e270fb47a3f6690186928eef42576b65
-79.54851964136937,0xea40fa37ee2ec082c0459f3761abf689e270fb47a3f6690186928eef42576b65
-79.50644723471109,0xea40fa37ee2ec082c0458f3761abf689e270fb47a3f6690186928eef42576b65
-79.4373579530211,0xea40fa37ee2ec082c045873761abf689e270fb47a3f6690186928eef42576b65
-79.35175043005091,0xea40fa37ee2ec082c045833761abf689e270fb47a3f6690186928eef42576b65
-79.27573527394236,0xea40fa37ee2ec082c045813761abf689e270fb47a3f6690186928eef42576b65
-79.23772617915532,0xea40fa37ee2ec082c045803761abf689e270fb47a3f6690186928eef42576b65
-79.30910997266894,0xea40fa37ee2ec082c04580b761abf689e270fb47a3f6690186928eef42576b65
-79.2465377106414,0xea40fa37ee2ec082c045807761abf689e270fb47a3f6690186928eef42576b65
-79.20009810441024,0xea40fa37ee2ec082c045801761abf689e270fb47a3f6690186928eef42576b65
-79.20051807933278,0xea40fa37ee2ec082c045800761abf689e270fb47a3f6690186928eef42576b65
-79.22156489598048,0xea40fa37ee2ec082c045801f61abf689e270fb47a3f6690186928eef42576b65
-79.19339350529842,0xea40fa37ee2ec082c045801361abf689e270fb47a3f6690186928eef42576b65
-79.18109032538507,0xea40fa37ee2ec082c045801161abf689e270fb47a3f6690186928eef42576b65
-79.18641527692279,0xea40fa37ee2ec082c045801061abf689e270fb47a3f6690186928eef42576b65
-79.16072862226885,0xea40fa37ee2ec082c0458011e1abf689e270fb47a3f6690186928eef42576b65
-79.17922052160486,0xea40fa37ee2ec082c0458011a1abf689e270fb47a3f6690186928eef42576b65
-79.15345709283392,0xea40fa37ee2ec082c0458011c1abf689e270fb47a3f6690186928eef42576b65
-79.18597552349993,0xea40fa37ee2ec082c0458011d1abf689e270fb47a3f6690186928eef42576b65
-79.18530885465853,0xea40fa37ee2ec082c0458011c9abf689e270fb47a3f6690186928eef42576b65
-79.19904785461121,0xea40fa37ee2ec082c0458011c5abf689e270fb47a3f6690186928eef42576b65
-79.20024342875142,0xea40fa37ee2ec082c0458011c3abf689e270fb47a3f6690186928eef42576b65
-79.12113133296147,0xea40fa37ee2ec082c0458011c0abf689e270fb47a3f6690186928eef42576b65
-79.08253012551414,0xea40fa37ee2ec082c0458011c02bf689e270fb47a3f6690186928eef42576b65
-79.11764223020631,0xea40fa37ee2ec082c0458011c06bf689e270fb47a3f6690186928eef42576b65
-79.0553643591516,0xea40fa37ee2ec082c0458011c00bf689e270fb47a3f6690186928eef42576b65
-79.05021130907666,0xea40fa37ee2ec082c0458011c01bf689e270fb47a3f6690186928eef42576b65
-79.05171431504287,0xea40fa37ee2ec082c0458011c013f689e270fb47a3f6690186928eef42576b65
-79.04086767114721,0xea40fa37ee2ec082c0458011c01ff689e270fb47a3f6690186928eef42576b65
-79.07325697373915,0xea40fa37ee2ec082c0458011c01df689e270fb47a3f6690186928eef42576b65
-79.04158484947669,0xea40fa37ee2ec082c0458011c01ef689e270fb47a3f6690186928eef42576b65
-79.06222416042209,0xea40fa37ee2ec082c0458011c01f7689e270fb47a3f6690186928eef42576b65
-79.05250904491017,0xea40fa37ee2ec082c0458011c01fb689e270fb47a3f6690186928eef42576b65
-79.04448163378369,0xea40fa37ee2ec082c0458011c01fd689e270fb47a3f6690186928eef42576b65
-79.02350861113983,0xea40fa37ee2ec082c0458011c01fe689e270fb47a3f6690186928eef42576b65
-79.05247634750503,0xea40fa37ee2ec082c0458011c01fee89e270fb47a3f6690186928eef42576b65
-78.99011032302658,0xea40fa37ee2ec082c0458011c01fe289e270fb47a3f6690186928eef42576b65
-78.93813898656275,0xea40fa37ee2ec082c0458011c01fe089e270fb47a3f6690186928eef42576b65
-78.9681949901295,0xea40fa37ee2ec082c0458011c01fe189e270fb47a3f6690186928eef42576b65
-78.94194578005003,0xea40fa37ee2ec082c0458011c01fe009e270fb47a3f6690186928eef42576b65
-78.94392971987729,0xea40fa37ee2ec082c0458011c01fe0c9e270fb47a3f6690186928eef42576b65
-78.93988341218108,0xea40fa37ee2ec082c0458011c01fe0a9e270fb47a3f6690186928eef42576b65
-78.95501597706493,0xea40fa37ee2ec082c0458011c01fe099e270fb47a3f6690186928eef42576b65
-78.9511543601662,0xea40fa37ee2ec082c0458011c01fe081e270fb47a3f6690186928eef42576b65
-78.92448970249721,0xea40fa37ee2ec082c0458011c01fe08de270fb47a3f6690186928eef42576b65
-78.92198964670584,0xea40fa37ee2ec082c0458011c01fe08fe270fb47a3f6690186928eef42576b65
-78.9290634368683,0xea40fa37ee2ec082c0458011c01fe08ee270fb47a3f6690186928eef42576b65
-78.94194939277031,0xea40fa37ee2ec082c0458011c01fe08f6270fb47a3f6690186928eef42576b65
-78.91113433685454,0xea40fa37ee2ec082c0458011c01fe08fa270fb47a3f6690186928eef42576b65
-78.89704094733392,0xea40fa37ee2ec082c0458011c01fe08f8270fb47a3f6690186928eef42576b65
-78.92232132339096,0xea40fa37ee2ec082c0458011c01fe08f9270fb47a3f6690186928eef42576b65
-78.92829925506622,0xea40fa37ee2ec082c0458011c01fe08f8a70fb47a3f6690186928eef42576b65
-78.94242617276522,0xea40fa37ee2ec082c0458011c01fe08f8670fb47a3f6690186928eef42576b65
-78.90376267256913,0xea40fa37ee2ec082c0458011c01fe08f8070fb47a3f6690186928eef42576b65
-78.91177313287298,0xea40fa37ee2ec082c0458011c01fe08f8370fb47a3f6690186928eef42576b65
-78.86134270545129,0xea40fa37ee2ec082c0458011c01fe08f82f0fb47a3f6690186928eef42576b65
-78.89582596816025,0xea40fa37ee2ec082c0458011c01fe08f82b0fb47a3f6690186928eef42576b65
-78.9021848893904,0xea40fa37ee2ec082c0458011c01fe08f82d0fb47a3f6690186928eef42576b65
-78.89279248735883,0xea40fa37ee2ec082c0458011c01fe08f82e0fb47a3f6690186928eef42576b65
-78.87211855832156,0xea40fa37ee2ec082c0458011c01fe08f82f8fb47a3f6690186928eef42576b65
-78.89347010106593,0xea40fa37ee2ec082c0458011c01fe08f82f4fb47a3f6690186928eef42576b65
-78.89757283274587,0xea40fa37ee2ec082c0458011c01fe08f82f2fb47a3f6690186928eef42576b65
-78.87558246349597,0xea40fa37ee2ec082c0458011c01fe08f82f1fb47a3f6690186928eef42576b65
-78.89638944582029,0xea40fa37ee2ec082c0458011c01fe08f82f07b47a3f6690186928eef42576b65
-78.86148407409242,0xea40fa37ee2ec082c0458011c01fe08f82f0bb47a3f6690186928eef42576b65
-78.86925028706645,0xea40fa37ee2ec082c0458011c01fe08f82f0db47a3f6690186928eef42576b65
-78.833442428848,0xea40fa37ee2ec082c0458011c01fe08f82f0eb47a3f6690186928eef42576b65
-78.78947075263603,0xea40fa37ee2ec082c0458011c01fe08f82f0e347a3f6690186928eef42576b65
-78.83261898776273,0xea40fa37ee2ec082c0458011c01fe08f82f0e747a3f6690186928eef42576b65
-78.81815908243368,0xea40fa37ee2ec082c0458011c01fe08f82f0e147a3f6690186928eef42576b65
-78.77132136814602,0xea40fa37ee2ec082c0458011c01fe08f82f0e247a3f6690186928eef42576b65
-78.7747197565618,0xea40fa37ee2ec082c0458011c01fe08f82f0e2c7a3f6690186928eef42576b65
-78.81458587341614,0xea40fa37ee2ec082c0458011c01fe08f82f0e207a3f6690186928eef42576b65
-78.7746240423395,0xea40fa37ee2ec082c0458011c01fe08f82f0e267a3f6690186928eef42576b65
-78.77259582001251,0xea40fa37ee2ec082c0458011c01fe08f82f0e257a3f6690186928eef42576b65
-78.7681512060937,0xea40fa37ee2ec082c0458011c01fe08f82f0e24fa3f6690186928eef42576b65
-78.78956772445085,0xea40fa37ee2ec082c0458011c01fe08f82f0e24ba3f6690186928eef42576b65
-78.78171831220537,0xea40fa37ee2ec082c0458011c01fe08f82f0e24da3f6690186928eef42576b65
-78.78384781264877,0xea40fa37ee2ec082c0458011c01fe08f82f0e24ea3f6690186928eef42576b65
-78.77665484082569,0xea40fa37ee2ec082c0458011c01fe08f82f0e24f23f6690186928eef42576b65
-78.75457471757979,0xea40fa37ee2ec082c0458011c01fe08f82f0e24fe3f6690186928eef42576b65
-78.75050218336351,0xea40fa37ee2ec082c0458011c01fe08f82f0e24fc3f6690186928eef42576b65
-78.80347874019292,0xea40fa37ee2ec082c0458011c01fe08f82f0e24fd3f6690186928eef42576b65
-78.76106170745759,0xea40fa37ee2ec082c0458011c01fe08f82f0e24fcbf6690186928eef42576b65
-78.80234587037718,0xea40fa37ee2ec082c0458011c01fe08f82f0e24fc7f6690186928eef42576b65
-78.72992032534117,0xea40fa37ee2ec082c0458011c01fe08f82f0e24fc1f6690186928eef42576b65
-78.72734799990049,0xea40fa37ee2ec082c0458011c01fe08f82f0e24fc0f6690186928eef42576b65
-78.6674381374241,0xea40fa37ee2ec082c0458011c01fe08f82f0e24fc076690186928eef42576b65
-78.64955196323452,0xea40fa37ee2ec082c0458011c01fe08f82f0e24fc036690186928eef42576b65
-78.64686865716071,0xea40fa37ee2ec082c0458011c01fe08f82f0e24fc016690186928eef42576b65
-78.69293680867473,0xea40fa37ee2ec082c0458011c01fe08f82f0e24fc006690186928eef42576b65
-78.63705763688216,0xea40fa37ee2ec082c0458011c01fe08f82f0e24fc01e690186928eef42576b65
-78.64051707569774,0xea40fa37ee2ec082c0458011c01fe08f82f0e24fc01a690186928eef42576b65
-78.65852590707632,0xea40fa37ee2ec082c0458011c01fe08f82f0e24fc01c690186928eef42576b65
-78.62486747261528,0xea40fa37ee2ec082c0458011c01fe08f82f0e24fc01f690186928eef42576b65
-78.62069571816123,0xea40fa37ee2ec082c0458011c01fe08f82f0e24fc01fe90186928eef42576b65
-78.61194694435204,0xea40fa37ee2ec082c0458011c01fe08f82f0e24fc01fa90186928eef42576b65
-78.59735630275486,0xea40fa37ee2ec082c0458011c01fe08f82f0e24fc01f890186928eef42576b65
-78.62920734051106,0xea40fa37ee2ec082c0458011c01fe08f82f0e24fc01f990186928eef42576b65
-78.58031678557039,0xea40fa37ee2ec082c0458011c01fe08f82f0e24fc01f810186928eef42576b65
-78.60561413531536,0xea40fa37ee2ec082c0458011c01fe08f82f0e24fc01f850186928eef42576b65
-78.64845640199644,0xea40fa37ee2ec082c0458011c01fe08f82f0e24fc01f830186928eef42576b65
-78.55999640008429,0xea40fa37ee2ec082c0458011c01fe08f82f0e24fc01f800186928eef42576b65
-78.60386414580293,0xea40fa37ee2ec082c0458011c01fe08f82f0e24fc01f808186928eef42576b65
-78.59371263044817,0xea40fa37ee2ec082c0458011c01fe08f82f0e24fc01f804186928eef42576b65
-78.56642683640823,0xea40fa37ee2ec082c0458011c01fe08f82f0e24fc01f802186928eef42576b65
-78.57078165822215,0xea40fa37ee2ec082c0458011c01fe08f82f0e24fc01f801186928eef42576b65
-78.5693603652817,0xea40fa37ee2ec082c0458011c01fe08f82f0e24fc01f800986928eef42576b65
-78.59320118663075,0xea40fa37ee2ec082c0458011c01fe08f82f0e24fc01f800586928eef42576b65
-78.59364327231606,0xea40fa37ee2ec082c0458011c01fe08f82f0e24fc01f800386928eef42576b65
-78.59097479821205,0xea40fa37ee2ec082c0458011c01fe08f82f0e24fc01f800086928eef42576b65
-78.57035372616885,0xea40fa37ee2ec082c0458011c01fe08f82f0e24fc01f800106928eef42576b65
-78.5663867763706,0xea40fa37ee2ec082c0458011c01fe08f82f0e24fc01f8001c6928eef42576b65
-78.5720715365567,0xea40fa37ee2ec082c0458011c01fe08f82f0e24fc01f8001a6928eef42576b65
-78.58187172629617,0xea40fa37ee2ec082c0458011c01fe08f82f0e24fc01f800196928eef42576b65
-78.58160135152933,0xea40fa37ee2ec082c0458011c01fe08f82f0e24fc01f80018e928eef42576b65
-78.56239193088406,0xea40fa37ee2ec082c0458011c01fe08f82f0e24fc01f800182928eef42576b65
-78.5456855766304,0xea40fa37ee2ec082c0458011c01fe08f82f0e24fc01f800184928eef42576b65
-78.57340706931008,0xea40fa37ee2ec082c0458011c01fe08f82f0e24fc01f800185928eef42576b65
-78.52852530007834,0xea40fa37ee2ec082c0458011c01fe08f82f0e24fc01f800184128eef42576b65
-78.53674255432068,0xea40fa37ee2ec082c0458011c01fe08f82f0e24fc01f800184528eef42576b65
-78.53988126131681,0xea40fa37ee2ec082c0458011c01fe08f82f0e24fc01f800184328eef42576b65
-78.56101261104618,0xea40fa37ee2ec082c0458011c01fe08f82f0e24fc01f800184028eef42576b65
-78.5320374815614,0xea40fa37ee2ec082c0458011c01fe08f82f0e24fc01f8001841a8eef42576b65
-78.55341447340501,0xea40fa37ee2ec082c0458011c01fe08f82f0e24fc01f800184168eef42576b65
-78.52650765677194,0xea40fa37ee2ec082c0458011c01fe08f82f0e24fc01f800184108eef42576b65
-78.52005999524158,0xea40fa37ee2ec082c0458011c01fe08f82f0e24fc01f800184118eef42576b65
-78.51976664845165,0xea40fa37ee2ec082c0458011c01fe08f82f0e24fc01f800184110eef42576b65
-78.52201543726049,0xea40fa37ee2ec082c0458011c01fe08f82f0e24fc01f800184114eef42576b65
-78.54498690396518,0xea40fa37ee2ec082c0458011c01fe08f82f0e24fc01f800184112eef42576b65
-78.55188130046223,0xea40fa37ee2ec082c0458011c01fe08f82f0e24fc01f800184111eef42576b65
-78.45230456951496,0xea40fa37ee2ec082c0458011c01fe08f82f0e24fc01f8001841106ef42576b65
-78.41573984639628,0xea40fa37ee2ec082c0458011c01fe08f82f0e24fc01f8001841102ef42576b65
-78.4010122796515,0xea40fa37ee2ec082c0458011c01fe08f82f0e24fc01f8001841100ef42576b65
-78.44898836667483,0xea40fa37ee2ec082c0458011c01fe08f82f0e24fc01f8001841101ef42576b65
-78.36337874771712,0xea40fa37ee2ec082c0458011c01fe08f82f0e24fc01f80018411006f42576b65
-78.35405155757329,0xea40fa37ee2ec082c0458011c01fe08f82f0e24fc01f80018411002f42576b65
-78.37816203724255,0xea40fa37ee2ec082c0458011c01fe08f82f0e24fc01f80018411000f42576b65
-78.36044801603425,0xea40fa37ee2ec082c0458011c01fe08f82f0e24fc01f80018411003f42576b65
-78.37500575443843,0xea40fa37ee2ec082c0458011c01fe08f82f0e24fc01f80018411002742576b65
-78.39278738839286,0xea40fa37ee2ec082c0458011c01fe08f82f0e24fc01f80018411002b42576b65
-78.39331382423728,0xea40fa37ee2ec082c0458011c01fe08f82f0e24fc01f80018411002d42576b65
-78.37233669345791,0xea40fa37ee2ec082c0458011c01fe08f82f0e24fc01f80018411002e42576b65
-78.37155160513315,0xea40fa37ee2ec082c0458011c01fe08f82f0e24fc01f80018411002fc2576b65
-78.3667005068296,0xea40fa37ee2ec082c0458011c01fe08f82f0e24fc01f80018411002f02576b65
-78.40119315194083,0xea40fa37ee2ec082c0458011c01fe08f82f0e24fc01f80018411002f62576b65
-78.43677066494297,0xea40fa37ee2ec082c0458011c01fe08f82f0e24fc01f80018411002f52576b65
-78.3937928678987,0xea40fa37ee2ec082c0458011c01fe08f82f0e24fc01f80018411002f4a576b65
-78.42864781397802,0xea40fa37ee2ec082c0458011c01fe08f82f0e24fc01f80018411002f46576b65
-78.31719636107302,0xea40fa37ee2ec082c0458011c01fe08f82f0e24fc01f80018411002f40576b65
-78.35088904015906,0xea40fa37ee2ec082c0458011c01fe08f82f0e24fc01f80018411002f41576b65
-78.35215296635738,0xea40fa37ee2ec082c0458011c01fe08f82f0e24fc01f80018411002f40d76b65
-78.28135556917448,0xea40fa37ee2ec082c0458011c01fe08f82f0e24fc01f80018411002f40176b65
-78.2946294428228,0xea40fa37ee2ec082c0458011c01fe08f82f0e24fc01f80018411002f40376b65
-78.32018595570689,0xea40fa37ee2ec082c0458011c01fe08f82f0e24fc01f80018411002f40076b65
-78.28916136963622,0xea40fa37ee2ec082c0458011c01fe08f82f0e24fc01f80018411002f401f6b65
-78.30236519919289,0xea40fa37ee2ec082c0458011c01fe08f82f0e24fc01f80018411002f40136b65
-78.34774574485573,0xea40fa37ee2ec082c0458011c01fe08f82f0e24fc01f80018411002f40156b65
-78.32547680743329,0xea40fa37ee2ec082c0458011c01fe08f82f0e24fc01f80018411002f40166b65
-78.29437722311867,0xea40fa37ee2ec082c0458011c01fe08f82f0e24fc01f80018411002f4017eb65
-78.30478790161254,0xea40fa37ee2ec082c0458011c01fe08f82f0e24fc01f80018411002f40172b65
-78.28612615869238,0xea40fa37ee2ec082c0458011c01fe08f82f0e24fc01f80018411002f40174b65
-78.33134229509504,0xea40fa37ee2ec082c0458011c01fe08f82f0e24fc01f80018411002f40177b65
-78.26489114523172,0xea40fa37ee2ec082c0458011c01fe08f82f0e24fc01f80018411002f40176365
-78.28543683032056,0xea40fa37ee2ec082c0458011c01fe08f82f0e24fc01f80018411002f40176765
-78.18963479757547,0xea40fa37ee2ec082c0458011c01fe08f82f0e24fc01f80018411002f40176165
-78.13823822661713,0xea40fa37ee2ec082c0458011c01fe08f82f0e24fc01f80018411002f40176065
-78.1487214796312,0xea40fa37ee2ec082c0458011c01fe08f82f0e24fc01f80018411002f401760e5
-78.11424202018685,0xea40fa37ee2ec082c0458011c01fe08f82f0e24fc01f80018411002f40176025
-78.10315445967606,0xea40fa37ee2ec082c0458011c01fe08f82f0e24fc01f80018411002f40176005
-78.10533901980588,0xea40fa37ee2ec082c0458011c01fe08f82f0e24fc01f80018411002f40176015
-78.1016832822329,0xea40fa37ee2ec082c0458011c01fe08f82f0e24fc01f80018411002f4017600d
-78.11338758897352,0xea40fa37ee2ec082c0458011c01fe08f82f0e24fc01f80018411002f40176009
-78.10785181157954,0xea40fa37ee2ec082c0458011c01fe08f82f0e24fc01f80018411002f4017600f
-78.14410661055253,0xea40fa37ee2ec082c0458011c01fe08f82f0e24fc01f80018411002f4017600c
