-70.67732833267806,0x5550b2c510ba944a8d2ef66d0c4cbf79df45e6976231d644b8a05266926bf354
-70.65312765694998,0xd550b2c510ba944a8d2ef66d0c4cbf79df45e6976231d644b8a05266926bf354
-70.49142752541648,0x1550b2c510ba944a8d2ef66d0c4cbf79df45e6976231d644b8a05266926bf354
-70.74393749713421,0x7550b2c510ba944a8d2ef66d0c4cbf79df45e6976231d644b8a05266926bf354
-70.7917790217595,0x6550b2c510ba944a8d2ef66d0c4cbf79df45e6976231d644b8a05266926bf354
-70.74137124624643,0x6d50b2c510ba944a8d2ef66d0c4cbf79df45e6976231d644b8a05266926bf354
-70.89493492957239,0x6150b2c510ba944a8d2ef66d0c4cbf79df45e6976231d644b8a05266926bf354
-70.90752250831444,0x6350b2c510ba944a8d2ef66d0c4cbf79df45e6976231d644b8a05266926bf354
-70.82299673593009,0x6250b2c510ba944a8d2ef66d0c4cbf79df45e6976231d644b8a05266926bf354
-70.95332920253574,0x63d0b2c510ba944a8d2ef66d0c4cbf79df45e6976231d644b8a05266926bf354
-70.89278719784853,0x6390b2c510ba944a8d2ef66d0c4cbf79df45e6976231d644b8a05266926bf354
-70.97012749823419,0x63f0b2c510ba944a8d2ef66d0c4cbf79df45e6976231d644b8a05266926bf354
-71.02150144014921,0x63e0b2c510ba944a8d2ef66d0c4cbf79df45e6976231d644b8a05266926bf354
-70.8514793464592,0x63e8b2c510ba944a8d2ef66d0c4cbf79df45e6976231d644b8a05266926bf354
-70.95040042964848,0x63e4b2c510ba944a8d2ef66d0c4cbf79df45e6976231d644b8a05266926bf354
-70.99894727312483,0x63e2b2c510ba944a8d2ef66d0c4cbf79df45e6976231d644b8a05266926bf354
-71.0713805237731,0x63e1b2c510ba944a8d2ef66d0c4cbf79df45e6976231d644b8a05266926bf354
-71.18980796425254,0x63e132c510ba944a8d2ef66d0c4cbf79df45e6976231d644b8a05266926bf354
-71.19705960086057,0x63e172c510ba944a8d2ef66d0c4cbf79df45e6976231d644b8a05266926bf354
-71.11267653092757,0x63e152c510ba944a8d2ef66d0c4cbf79df45e6976231d644b8a05266926bf354
-71.10181590870067,0x63e162c510ba944a8d2ef66d0c4cbf79df45e6976231d644b8a05266926bf354
-71.1830879539162,0x63e17ac510ba944a8d2ef66d0c4cbf79df45e6976231d644b8a05266926bf354
-71.07273236712018,0x63e176c510ba944a8d2ef66d0c4cbf79df45e6976231d644b8a05266926bf354
-71.33146275721349,0x63e170c510ba944a8d2ef66d0c4cbf79df45e6976231d644b8a05266926bf354
-71.28456491476054,0x63e171c510ba944a8d2ef66d0c4cbf79df45e6976231d644b8a05266926bf354
-71.28269824352893,0x63e1704510ba944a8d2ef66d0c4cbf79df45e6976231d644b8a05266926bf354
-71.16394456831011,0x63e1708510ba944a8d2ef66d0c4cbf79df45e6976231d644b8a05266926bf354
-71.38770243123575,0x63e170e510ba944a8d2ef66d0c4cbf79df45e6976231d644b8a05266926bf354
-71.36503319830804,0x63e170f510ba944a8d2ef66d0c4cbf79df45e6976231d644b8a05266926bf354
-71.29585756955447,0x63e170ed10ba944a8d2ef66d0c4cbf79df45e6976231d644b8a05266926bf354
-71.59841842727585,0x63e170e110ba944a8d2ef66d0c4cbf79df45e6976231d644b8a05266926bf354
-71.53639504721353,0x63e170e310ba944a8d2ef66d0c4cbf79df45e6976231d644b8a05266926bf354
-71.62688162514975,0x63e170e010ba944a8d2ef66d0c4cbf79df45e6976231d644b8a05266926bf354
-71.59884283044836,0x63e170e090ba944a8d2ef66d0c4cbf79df45e6976231d644b8a05266926bf354
-71.63684834300221,0x63e170e050ba944a8d2ef66d0c4cbf79df45e6976231d644b8a05266926bf354
-71.68767273223602,0x63e170e070ba944a8d2ef66d0c4cbf79df45e6976231d644b8a05266926bf354
-71.6846527114853,0x63e170e060ba944a8d2ef66d0c4cbf79df45e6976231d644b8a05266926bf354
-71.55016680554553,0x63e170e078ba944a8d2ef66d0c4cbf79df45e6976231d644b8a05266926bf354
-71.57065549501768,0x63e170e074ba944a8d2ef66d0c4cbf79df45e6976231d644b8a05266926bf354
-71.4549716945652,0x63e170e072ba944a8d2ef66d0c4cbf79df45e6976231d644b8a05266926bf354
-71.62947116055331,0x63e170e071ba944a8d2ef66d0c4cbf79df45e6976231d644b8a05266926bf354
-71.60084264642828,0x63e170e0703a944a8d2ef66d0c4cbf79df45e6976231d644b8a05266926bf354
-71.7491139765386,0x63e170e070fa944a8d2ef66d0c4cbf79df45e6976231d644b8a05266926bf354
-71.6918979153171,0x63e170e070da944a8d2ef66d0c4cbf79df45e6976231d644b8a05266926bf354
-71.74431855528505,0x63e170e070ea944a8d2ef66d0c4cbf79df45e6976231d644b8a05266926bf354
-71.8209874841955,0x63e170e070f2944a8d2ef66d0c4cbf79df45e6976231d644b8a05266926bf354
-71.69064599341088,0x63e170e070f6944a8d2ef66d0c4cbf79df45e6976231d644b8a05266926bf354
-71.92256345948972,0x63e170e070f0944a8d2ef66d0c4cbf79df45e6976231d644b8a05266926bf354
-71.88414819281061,0x63e170e070f1944a8d2ef66d0c4cbf79df45e6976231d644b8a05266926bf354
-71.979149672654,0x63e170e070f0144a8d2ef66d0c4cbf79df45e6976231d644b8a05266926bf354
-72.15830207847573,0x63e170e070f0544a8d2ef66d0c4cbf79df45e6976231d644b8a05266926bf354
-72.25152712125521,0x63e170e070f0744a8d2ef66d0c4cbf79df45e6976231d644b8a05266926bf354
-72.3010338660363,0x63e170e070f0644a8d2ef66d0c4cbf79df45e6976231d644b8a05266926bf354
-72.18855813833383,0x63e170e070f06c4a8d2ef66d0c4cbf79df45e6976231d644b8a05266926bf354
-72.46464049256407,0x63e170e070f0604a8d2ef66d0c4cbf79df45e6976231d644b8a05266926bf354
-72.34848991950432,0x63e170e070f0624a8d2ef66d0c4cbf79df45e6976231d644b8a05266926bf354
-72.54627764356006,0x63e170e070f0614a8d2ef66d0c4cbf79df45e6976231d644b8a05266926bf354
-72.70665951327724,0x63e170e070f061ca8d2ef66d0c4cbf79df45e6976231d644b8a05266926bf354
-72.54041827618182,0x63e170e070f0618a8d2ef66d0c4cbf79df45e6976231d644b8a05266926bf354
-72.65103250021463,0x63e170e070f061ea8d2ef66d0c4cbf79df45e6976231d644b8a05266926bf354
-72.58307287957403,0x63e170e070f061da8d2ef66d0c4cbf79df45e6976231d644b8a05266926bf354
-72.83699314601414,0x63e170e070f061c28d2ef66d0c4cbf79df45e6976231d644b8a05266926bf354
-72.7705411044034,0x63e170e070f061c68d2ef66d0c4cbf79df45e6976231d644b8a05266926bf354
-72.86672489650242,0x63e170e070f061c08d2ef66d0c4cbf79df45e6976231d644b8a05266926bf354
-72.91883564281177,0x63e170e070f061c18d2ef66d0c4cbf79df45e6976231d644b8a05266926bf354
-72.98045193636929,0x63e170e070f061c10d2ef66d0c4cbf79df45e6976231d644b8a05266926bf354
-73.13862461238712,0x63e170e070f061c14d2ef66d0c4cbf79df45e6976231d644b8a05266926bf354
-73.20162578967663,0x63e170e070f061c16d2ef66d0c4cbf79df45e6976231d644b8a05266926bf354
-73.16492283808721,0x63e170e070f061c17d2ef66d0c4cbf79df45e6976231d644b8a05266926bf354
-73.26989700363113,0x63e170e070f061c1652ef66d0c4cbf79df45e6976231d644b8a05266926bf354
-73.4720105334119,0x63e170e070f061c1612ef66d0c4cbf79df45e6976231d644b8a05266926bf354
-73.4144964761191,0x63e170e070f061c1632ef66d0c4cbf79df45e6976231d644b8a05266926bf354
-73.3926179106538,0x63e170e070f061c1602ef66d0c4cbf79df45e6976231d644b8a05266926bf354
-73.624888142863,0x63e170e070f061c161aef66d0c4cbf79df45e6976231d644b8a05266926bf354
-73.64736269284914,0x63e170e070f061c161eef66d0c4cbf79df45e6976231d644b8a05266926bf354
-73.59262751866054,0x63e170e070f061c161cef66d0c4cbf79df45e6976231d644b8a05266926bf354
-73.4638001768739,0x63e170e070f061c161fef66d0c4cbf79df45e6976231d644b8a05266926bf354
-73.79669408198004,0x63e170e070f061c161e6f66d0c4cbf79df45e6976231d644b8a05266926bf354
-73.91140315677974,0x63e170e070f061c161e2f66d0c4cbf79df45e6976231d644b8a05266926bf354
-73.93842207444655,0x63e170e070f061c161e0f66d0c4cbf79df45e6976231d644b8a05266926bf354
-73.96440145852682,0x63e170e070f061c161e1f66d0c4cbf79df45e6976231d644b8a05266926bf354
-74.02176769153698,0x63e170e070f061c161e1766d0c4cbf79df45e6976231d644b8a05266926bf354
-73.90102617414324,0x63e170e070f061c161e1366d0c4cbf79df45e6976231d644b8a05266926bf354
-73.90181274109192,0x63e170e070f061c161e1566d0c4cbf79df45e6976231d644b8a05266926bf354
-73.88315712607705,0x63e170e070f061c161e1666d0c4cbf79df45e6976231d644b8a05266926bf354
-73.96521034202614,0x63e170e070f061c161e17e6d0c4cbf79df45e6976231d644b8a05266926bf354
-74.18422096854562,0x63e170e070f061c161e1726d0c4cbf79df45e6976231d644b8a05266926bf354
-74.50169950288969,0x63e170e070f061c161e1706d0c4cbf79df45e6976231d644b8a05266926bf354
-74.39151702941834,0x63e170e070f061c161e1716d0c4cbf79df45e6976231d644b8a05266926bf354
-74.5702783925669,0x63e170e070f061c161e170ed0c4cbf79df45e6976231d644b8a05266926bf354
-74.53901509257344,0x63e170e070f061c161e170ad0c4cbf79df45e6976231d644b8a05266926bf354
-74.50028006966178,0x63e170e070f061c161e170cd0c4cbf79df45e6976231d644b8a05266926bf354
-74.43737584132177,0x63e170e070f061c161e170fd0c4cbf79df45e6976231d644b8a05266926bf354
-74.69941408079225,0x63e170e070f061c161e170e50c4cbf79df45e6976231d644b8a05266926bf354
-74.91912251109486,0x63e170e070f061c161e170e10c4cbf79df45e6976231d644b8a05266926bf354
-74.82214871462766,0x63e170e070f061c161e170e30c4cbf79df45e6976231d644b8a05266926bf354
-74.92738044273841,0x63e170e070f061c161e170e00c4cbf79df45e6976231d644b8a05266926bf354
-74.95227804574576,0x63e170e070f061c161e170e08c4cbf79df45e6976231d644b8a05266926bf354
-75.19826365803387,0x63e170e070f061c161e170e0cc4cbf79df45e6976231d644b8a05266926bf354
-75.22607920338939,0x63e170e070f061c161e170e0ec4cbf79df45e6976231d644b8a05266926bf354
-75.10315265331592,0x63e170e070f061c161e170e0fc4cbf79df45e6976231d644b8a05266926bf354
-75.46598440926749,0x63e170e070f061c161e170e0e44cbf79df45e6976231d644b8a05266926bf354
-75.66626965868603,0x63e170e070f061c161e170e0e04cbf79df45e6976231d644b8a05266926bf354
-75.44573526449136,0x63e170e070f061c161e170e0e24cbf79df45e6976231d644b8a05266926bf354
-75.59439762965306,0x63e170e070f061c161e170e0e14cbf79df45e6976231d644b8a05266926bf354
-75.87824618923557,0x63e170e070f061c161e170e0e0ccbf79df45e6976231d644b8a05266926bf354
-75.76791033520922,0x63e170e070f061c161e170e0e08cbf79df45e6976231d644b8a05266926bf354
-75.81202736624947,0x63e170e070f061c161e170e0e0ecbf79df45e6976231d644b8a05266926bf354
-75.79279544613102,0x63e170e070f061c161e170e0e0dcbf79df45e6976231d644b8a05266926bf354
-75.99644355126075,0x63e170e070f061c161e170e0e0c4bf79df45e6976231d644b8a05266926bf354
-76.23820086316272,0x63e170e070f061c161e170e0e0c0bf79df45e6976231d644b8a05266926bf354
-76.09302029147611,0x63e170e070f061c161e170e0e0c2bf79df45e6976231d644b8a05266926bf354
-76.35583226282995,0x63e170e070f061c161e170e0e0c1bf79df45e6976231d644b8a05266926bf354
-76.30554427871932,0x63e170e070f061c161e170e0e0c13f79df45e6976231d644b8a05266926bf354
-76.51702290171986,0x63e170e070f061c161e170e0e0c1ff79df45e6976231d644b8a05266926bf354
-76.3728749201848,0x63e170e070f061c161e170e0e0c1df79df45e6976231d644b8a05266926bf354
-76.63616104964372,0x63e170e070f061c161e170e0e0c1ef79df45e6976231d644b8a05266926bf354
-76.86541459943865,0x63e170e070f061c161e170e0e0c1e779df45e6976231d644b8a05266926bf354
-77.11395038829579,0x63e170e070f061c161e170e0e0c1e379df45e6976231d644b8a05266926bf354
-77.19235540460517,0x63e170e070f061c161e170e0e0c1e179df45e6976231d644b8a05266926bf354
-77.05263585596532,0x63e170e070f061c161e170e0e0c1e079df45e6976231d644b8a05266926bf354
-77.45911376983612,0x63e170e070f061c161e170e0e0c1e1f9df45e6976231d644b8a05266926bf354
-77.37340152370822,0x63e170e070f061c161e170e0e0c1e1b9df45e6976231d644b8a05266926bf354
-77.39912055565284,0x63e170e070f061c161e170e0e0c1e1d9df45e6976231d644b8a05266926bf354
-77.53103795466009,0x63e170e070f061c161e170e0e0c1e1e9df45e6976231d644b8a05266926bf354
-77.85040904377605,0x63e170e070f061c161e170e0e0c1e1e1df45e6976231d644b8a05266926bf354
-77.61006148545059,0x63e170e070f061c161e170e0e0c1e1e5df45e6976231d644b8a05266926bf354
-77.95855578747424,0x63e170e070f061c161e170e0e0c1e1e3df45e6976231d644b8a05266926bf354
-77.76580823503889,0x63e170e070f061c161e170e0e0c1e1e2df45e6976231d644b8a05266926bf354
-77.90259179297266,0x63e170e070f061c161e170e0e0c1e1e35f45e6976231d644b8a05266926bf354
-77.66593962068205,0x63e170e070f061c161e170e0e0c1e1e39f45e6976231d644b8a05266926bf354
-78.07421917681927,0x63e170e070f061c161e170e0e0c1e1e3ff45e6976231d644b8a05266926bf354
-77.96734718985849,0x63e170e070f061c161e170e0e0c1e1e3ef45e6976231d644b8a05266926bf354
-78.15865251996539,0x63e170e070f061c161e170e0e0c1e1e3f745e6976231d644b8a05266926bf354
-78.41734695053482,0x63e170e070f061c161e170e0e0c1e1e3f345e6976231d644b8a05266926bf354
-78.5071433388389,0x63e170e070f061c161e170e0e0c1e1e3f145e6976231d644b8a05266926bf354
-78.2508856881034,0x63e170e070f061c161e170e0e0c1e1e3f045e6976231d644b8a05266926bf354
-78.6060467547589,0x63e170e070f061c161e170e0e0c1e1e3f1c5e6976231d644b8a05266926bf354
-78.39436424933709,0x63e170e070f061c161e170e0e0c1e1e3f185e6976231d644b8a05266926bf354
-78.51131778377872,0x63e170e070f061c161e170e0e0c1e1e3f1e5e6976231d644b8a05266926bf354
-78.40386287601558,0x63e170e070f061c161e170e0e0c1e1e3f1d5e6976231d644b8a05266926bf354
-78.29474485170591,0x63e170e070f061c161e170e0e0c1e1e3f1cde6976231d644b8a05266926bf354
-78.69705104923153,0x63e170e070f061c161e170e0e0c1e1e3f1c1e6976231d644b8a05266926bf354
-78.93514795141382,0x63e170e070f061c161e170e0e0c1e1e3f1c3e6976231d644b8a05266926bf354
-78.8144101229581,0x63e170e070f061c161e170e0e0c1e1e3f1c2e6976231d644b8a05266926bf354
-78.87143262926038,0x63e170e070f061c161e170e0e0c1e1e3f1c366976231d644b8a05266926bf354
-78.66635943554736,0x63e170e070f061c161e170e0e0c1e1e3f1c3a6976231d644b8a05266926bf354
-78.77878947834392,0x63e170e070f061c161e170e0e0c1e1e3f1c3c6976231d644b8a05266926bf354
-78.9410929189219,0x63e170e070f061c161e170e0e0c1e1e3f1c3f6976231d644b8a05266926bf354
-78.85579106714819,0x63e170e070f061c161e170e0e0c1e1e3f1c3fe976231d644b8a05266926bf354
-79.21907104431213,0x63e170e070f061c161e170e0e0c1e1e3f1c3f2976231d644b8a05266926bf354
-79.53972719480227,0x63e170e070f061c161e170e0e0c1e1e3f1c3f0976231d644b8a05266926bf354
-79.68418464317665,0x63e170e070f061c161e170e0e0c1e1e3f1c3f1976231d644b8a05266926bf354
-79.33276583645846,0x63e170e070f061c161e170e0e0c1e1e3f1c3f1176231d644b8a05266926bf354
-79.97688333852427,0x63e170e070f061c161e170e0e0c1e1e3f1c3f1d76231d644b8a05266926bf354
-79.84134565843092,0x63e170e070f061c161e170e0e0c1e1e3f1c3f1f76231d644b8a05266926bf354
-80.18356256170587,0x63e170e070f061c161e170e0e0c1e1e3f1c3f1c76231d644b8a05266926bf354
-79.8621769389668,0x63e170e070f061c161e170e0e0c1e1e3f1c3f1cf6231d644b8a05266926bf354
-80.51984484021837,0x63e170e070f061c161e170e0e0c1e1e3f1c3f1c36231d644b8a05266926bf354
-80.57870962045767,0x63e170e070f061c161e170e0e0c1e1e3f1c3f1c16231d644b8a05266926bf354
-80.40106054833838,0x63e170e070f061c161e170e0e0c1e1e3f1c3f1c06231d644b8a05266926bf354
-80.66886100044975,0x63e170e070f061c161e170e0e0c1e1e3f1c3f1c1e231d644b8a05266926bf354
-80.27265079585942,0x63e170e070f061c161e170e0e0c1e1e3f1c3f1c1a231d644b8a05266926bf354
-80.34763773671396,0x63e170e070f061c161e170e0e0c1e1e3f1c3f1c1c231d644b8a05266926bf354
-80.52011594667539,0x63e170e070f061c161e170e0e0c1e1e3f1c3f1c1f231d644b8a05266926bf354
-80.12947024594058,0x63e170e070f061c161e170e0e0c1e1e3f1c3f1c1ea31d644b8a05266926bf354
-80.41058553110707,0x63e170e070f061c161e170e0e0c1e1e3f1c3f1c1e631d644b8a05266926bf354
-80.99123235468146,0x63e170e070f061c161e170e0e0c1e1e3f1c3f1c1e031d644b8a05266926bf354
-81.15905950738714,0x63e170e070f061c161e170e0e0c1e1e3f1c3f1c1e131d644b8a05266926bf354
-81.89937763042622,0x63e170e070f061c161e170e0e0c1e1e3f1c3f1c1e1b1d644b8a05266926bf354
-82.062522606178,0x63e170e070f061c161e170e0e0c1e1e3f1c3f1c1e1f1d644b8a05266926bf354
-81.76518941568685,0x63e170e070f061c161e170e0e0c1e1e3f1c3f1c1e1d1d644b8a05266926bf354
-82.20338276835469,0x63e170e070f061c161e170e0e0c1e1e3f1c3f1c1e1e1d644b8a05266926bf354
-81.77640769722221,0x63e170e070f061c161e170e0e0c1e1e3f1c3f1c1e1e9d644b8a05266926bf354
-81.89403736674703,0x63e170e070f061c161e170e0e0c1e1e3f1c3f1c1e1e5d644b8a05266926bf354
-81.9643258124322,0x63e170e070f061c161e170e0e0c1e1e3f1c3f1c1e1e3d644b8a05266926bf354
-82.11196345311183,0x63e170e070f061c161e170e0e0c1e1e3f1c3f1c1e1e0d644b8a05266926bf354
-82.29054049892979,0x63e170e070f061c161e170e0e0c1e1e3f1c3f1c1e1e15644b8a05266926bf354
-81.76427681510384,0x63e170e070f061c161e170e0e0c1e1e3f1c3f1c1e1e11644b8a05266926bf354
-82.38347851336896,0x63e170e070f061c161e170e0e0c1e1e3f1c3f1c1e1e17644b8a05266926bf354
-82.1738855626795,0x63e170e070f061c161e170e0e0c1e1e3f1c3f1c1e1e16644b8a05266926bf354
-81.99069363253933,0x63e170e070f061c161e170e0e0c1e1e3f1c3f1c1e1e17e44b8a05266926bf354
-83.21961288375931,0x63e170e070f061c161e170e0e0c1e1e3f1c3f1c1e1e17244b8a05266926bf354
-83.78248783687016,0x63e170e070f061c161e170e0e0c1e1e3f1c3f1c1e1e17044b8a05266926bf354
-84.2637295413327,0x63e170e070f061c161e170e0e0c1e1e3f1c3f1c1e1e17144b8a05266926bf354
-84.57685971712614,0x63e170e070f061c161e170e0e0c1e1e3f1c3f1c1e1e171c4b8a05266926bf354
-84.00871042104868,0x63e170e070f061c161e170e0e0c1e1e3f1c3f1c1e1e17184b8a05266926bf354
-84.51347793899215,0x63e170e070f061c161e170e0e0c1e1e3f1c3f1c1e1e171e4b8a05266926bf354
-84.36277706211025,0x63e170e070f061c161e170e0e0c1e1e3f1c3f1c1e1e171d4b8a05266926bf354
-84.12514034732358,0x63e170e070f061c161e170e0e0c1e1e3f1c3f1c1e1e171ccb8a05266926bf354
-85.307750309383,0x63e170e070f061c161e170e0e0c1e1e3f1c3f1c1e1e171c0b8a05266926bf354
-85.06209005533042,0x63e170e070f061c161e170e0e0c1e1e3f1c3f1c1e1e171c2b8a05266926bf354
-85.2173027854104,0x63e170e070f061c161e170e0e0c1e1e3f1c3f1c1e1e171c1b8a05266926bf354
-85.60976004433799,0x63e170e070f061c161e170e0e0c1e1e3f1c3f1c1e1e171c038a05266926bf354
-85.71001908400437,0x63e170e070f061c161e170e0e0c1e1e3f1c3f1c1e1e171c078a05266926bf354
-85.47076928960932,0x63e170e070f061c161e170e0e0c1e1e3f1c3f1c1e1e171c058a05266926bf354
-85.77221818403764,0x63e170e070f061c161e170e0e0c1e1e3f1c3f1c1e1e171c068a05266926bf354
-86.37756761518511,0x63e170e070f061c161e170e0e0c1e1e3f1c3f1c1e1e171c060a05266926bf354
-85.33644747281527,0x63e170e070f061c161e170e0e0c1e1e3f1c3f1c1e1e171c064a05266926bf354
-86.02179394854413,0x63e170e070f061c161e170e0e0c1e1e3f1c3f1c1e1e171c062a05266926bf354
-86.79514839408638,0x63e170e070f061c161e170e0e0c1e1e3f1c3f1c1e1e171c061a05266926bf354
-86.11661491432152,0x63e170e070f061c161e170e0e0c1e1e3f1c3f1c1e1e171c061205266926bf354
-86.92880002840177,0x63e170e070f061c161e170e0e0c1e1e3f1c3f1c1e1e171c061e05266926bf354
-86.95442270589518,0x63e170e070f061c161e170e0e0c1e1e3f1c3f1c1e1e171c061c05266926bf354
-87.06361880002322,0x63e170e070f061c161e170e0e0c1e1e3f1c3f1c1e1e171c061d05266926bf354
-86.42395567536711,0x63e170e070f061c161e170e0e0c1e1e3f1c3f1c1e1e171c061d85266926bf354
-86.76908662626435,0x63e170e070f061c161e170e0e0c1e1e3f1c3f1c1e1e171c061d45266926bf354
-87.32017606264586,0x63e170e070f061c161e170e0e0c1e1e3f1c3f1c1e1e171c061d25266926bf354
-87.56973707902205,0x63e170e070f061c161e170e0e0c1e1e3f1c3f1c1e1e171c061d35266926bf354
-87.57058279092733,0x63e170e070f061c161e170e0e0c1e1e3f1c3f1c1e1e171c061d3d266926bf354
-87.01859279636379,0x63e170e070f061c161e170e0e0c1e1e3f1c3f1c1e1e171c061d39266926bf354
-88.21224419958703,0x63e170e070f061c161e170e0e0c1e1e3f1c3f1c1e1e171c061d3f266926bf354
-88.1392354746084,0x63e170e070f061c161e170e0e0c1e1e3f1c3f1c1e1e171c061d3e266926bf354
-88.37049352015173,0x63e170e070f061c161e170e0e0c1e1e3f1c3f1c1e1e171c061d3fa66926bf354
-87.65704574356307,0x63e170e070f061c161e170e0e0c1e1e3f1c3f1c1e1e171c061d3fe66926bf354
-89.31565426303433,0x63e170e070f061c161e170e0e0c1e1e3f1c3f1c1e1e171c061d3f866926bf354
-89.07099385599751,0x63e170e070f061c161e170e0e0c1e1e3f1c3f1c1e1e171c061d3f966926bf354
-89.96328514320153,0x63e170e070f061c161e170e0e0c1e1e3f1c3f1c1e1e171c061d3f8e6926bf354
-89.55283136205836,0x63e170e070f061c161e170e0e0c1e1e3f1c3f1c1e1e171c061d3f8a6926bf354
-89.96209233576482,0x63e170e070f061c161e170e0e0c1e1e3f1c3f1c1e1e171c061d3f8c6926bf354
-89.37470234690846,0x63e170e070f061c161e170e0e0c1e1e3f1c3f1c1e1e171c061d3f8f6926bf354
-89.59416056203318,0x63e170e070f061c161e170e0e0c1e1e3f1c3f1c1e1e171c061d3f8ee926bf354
-90.98606570736392,0x63e170e070f061c161e170e0e0c1e1e3f1c3f1c1e1e171c061d3f8e2926bf354
-90.59191200187752,0x63e170e070f061c161e170e0e0c1e1e3f1c3f1c1e1e171c061d3f8e0926bf354
-91.84974063717044,0x63e170e070f061c161e170e0e0c1e1e3f1c3f1c1e1e171c061d3f8e3926bf354
-91.50077784764063,0x63e170e070f061c161e170e0e0c1e1e3f1c3f1c1e1e171c061d3f8e3126bf354
-93.37606928898738,0x63e170e070f061c161e170e0e0c1e1e3f1c3f1c1e1e171c061d3f8e3d26bf354
-93.76103653274215,0x63e170e070f061c161e170e0e0c1e1e3f1c3f1c1e1e171c061d3f8e3f26bf354
-94.79409142950556,0x63e170e070f061c161e170e0e0c1e1e3f1c3f1c1e1e171c061d3f8e3e26bf354
-93.37021992899679,0x63e170e070f061c161e170e0e0c1e1e3f1c3f1c1e1e171c061d3f8e3ea6bf354
-92.80872750449014,0x63e170e070f061c161e170e0e0c1e1e3f1c3f1c1e1e171c061d3f8e3e66bf354
-97.65071549544206,0x63e170e070f061c161e170e0e0c1e1e3f1c3f1c1e1e171c061d3f8e3e06bf354
-96.86384752485064,0x63e170e070f061c161e170e0e0c1e1e3f1c3f1c1e1e171c061d3f8e3e16bf354
-101.66095368559662,0x63e170e070f061c161e170e0e0c1e1e3f1c3f1c1e1e171c061d3f8e3e0ebf354
-99.90423015400127,0x63e170e070f061c161e170e0e0c1e1e3f1c3f1c1e1e171c061d3f8e3e0abf354
-99.0913690572733,0x63e170e070f061c161e170e0e0c1e1e3f1c3f1c1e1e171c061d3f8e3e0cbf354
-97.91240416992676,0x63e170e070f061c161e170e0e0c1e1e3f1c3f1c1e1e171c061d3f8e3e0fbf354
-109.0020843719269,0x63e170e070f061c161e170e0e0c1e1e3f1c3f1c1e1e171c061d3f8e3e0e3f354
-103.16128572812686,0x63e170e070f061c161e170e0e0c1e1e3f1c3f1c1e1e171c061d3f8e3e0e7f354
-108.580845965253,0x63e170e070f061c161e170e0e0c1e1e3f1c3f1c1e1e171c061d3f8e3e0e1f354
-106.31815743613076,0x63e170e070f061c161e170e0e0c1e1e3f1c3f1c1e1e171c061d3f8e3e0e2f354
-106.88268488103694,0x63e170e070f061c161e170e0e0c1e1e3f1c3f1c1e1e171c061d3f8e3e0e37354
-102.49691510271954,0x63e170e070f061c161e170e0e0c1e1e3f1c3f1c1e1e171c061d3f8e3e0e3b354
-102.64766065081159,0x63e170e070f061c161e170e0e0c1e1e3f1c3f1c1e1e171c061d3f8e3e0e3d354
-100.0847622607495,0x63e170e070f061c161e170e0e0c1e1e3f1c3f1c1e1e171c061d3f8e3e0e3e354
-100.77737158471412,0x63e170e070f061c161e170e0e0c1e1e3f1c3f1c1e1e171c061d3f8e3e0e3fb54
-102.57489235465462,0x63e170e070f061c161e170e0e0c1e1e3f1c3f1c1e1e171c061d3f8e3e0e3f754
-110.67072495833024,0x63e170e070f061c161e170e0e0c1e1e3f1c3f1c1e1e171c061d3f8e3e0e3f154
-103.44476631614235,0x63e170e070f061c161e170e0e0c1e1e3f1c3f1c1e1e171c061d3f8e3e0e3f054
-108.33709479759742,0x63e170e070f061c161e170e0e0c1e1e3f1c3f1c1e1e171c061d3f8e3e0e3f1d4
-103.49481883320537,0x63e170e070f061c161e170e0e0c1e1e3f1c3f1c1e1e171c061d3f8e3e0e3f114
-103.30616174901759,0x63e170e070f061c161e170e0e0c1e1e3f1c3f1c1e1e171c061d3f8e3e0e3f174
-102.15322285289173,0x63e170e070f061c161e170e0e0c1e1e3f1c3f1c1e1e171c061d3f8e3e0e3f144
-104.14081756408875,0x63e170e070f061c161e170e0e0c1e1e3f1c3f1c1e1e171c061d3f8e3e0e3f15c
-106.06410606757744,0x63e170e070f061c161e170e0e0c1e1e3f1c3f1c1e1e171c061d3f8e3e0e3f150
-117.51127373755395,0x63e170e070f061c161e170e0e0c1e1e3f1c3f1c1e1e171c061d3f8e3e0e3f156
-109.80023538625682,0x63e170e070f061c161e170e0e0c1e1e3f1c3f1c1e1e171c061d3f8e3e0e3f157
-70.48686645080993,0x5550b2c510ba944a8d2ef66d0c4cbf79df45e6976231d644b8a05266926bf354
-70.46499213067206,0xd550b2c510ba944a8d2ef66d0c4cbf79df45e6976231d644b8a05266926bf354
-70.26918492426762,0x9550b2c510ba944a8d2ef66d0c4cbf79df45e6976231d644b8a05266926bf354
-70.38750260359757,0xb550b2c510ba944a8d2ef66d0c4cbf79df45e6976231d644b8a05266926bf354
-70.2661304607258,0x8550b2c510ba944a8d2ef66d0c4cbf79df45e6976231d644b8a05266926bf354
-70.22921476259336,0x8d50b2c510ba944a8d2ef66d0c4cbf79df45e6976231d644b8a05266926bf354
-70.34146346055068,0x8950b2c510ba944a8d2ef66d0c4cbf79df45e6976231d644b8a05266926bf354
-70.26169811786114,0x8f50b2c510ba944a8d2ef66d0c4cbf79df45e6976231d644b8a05266926bf354
-70.17051349986683,0x8c50b2c510ba944a8d2ef66d0c4cbf79df45e6976231d644b8a05266926bf354
-70.22836976713472,0x8cd0b2c510ba944a8d2ef66d0c4cbf79df45e6976231d644b8a05266926bf354
-70.08126288384467,0x8c10b2c510ba944a8d2ef66d0c4cbf79df45e6976231d644b8a05266926bf354
-70.13232646717296,0x8c30b2c510ba944a8d2ef66d0c4cbf79df45e6976231d644b8a05266926bf354
-70.0820817518663,0x8c00b2c510ba944a8d2ef66d0c4cbf79df45e6976231d644b8a05266926bf354
-69.9140189949211,0x8c18b2c510ba944a8d2ef66d0c4cbf79df45e6976231d644b8a05266926bf354
-69.87871583525117,0x8c1cb2c510ba944a8d2ef66d0c4cbf79df45e6976231d644b8a05266926bf354
-69.88888150423794,0x8c1eb2c510ba944a8d2ef66d0c4cbf79df45e6976231d644b8a05266926bf354
-69.92981555340411,0x8c1db2c510ba944a8d2ef66d0c4cbf79df45e6976231d644b8a05266926bf354
-69.95760776851323,0x8c1c32c510ba944a8d2ef66d0c4cbf79df45e6976231d644b8a05266926bf354
-69.9252526495721,0x8c1cf2c510ba944a8d2ef66d0c4cbf79df45e6976231d644b8a05266926bf354
-69.77619618540639,0x8c1c92c510ba944a8d2ef66d0c4cbf79df45e6976231d644b8a05266926bf354
-69.65073629525992,0x8c1c82c510ba944a8d2ef66d0c4cbf79df45e6976231d644b8a05266926bf354
-69.63190188107791,0x8c1c8ac510ba944a8d2ef66d0c4cbf79df45e6976231d644b8a05266926bf354
-69.51685949853369,0x8c1c8ec510ba944a8d2ef66d0c4cbf79df45e6976231d644b8a05266926bf354
-69.6735986181787,0x8c1c8cc510ba944a8d2ef66d0c4cbf79df45e6976231d644b8a05266926bf354
-69.45026159905768,0x8c1c8fc510ba944a8d2ef66d0c4cbf79df45e6976231d644b8a05266926bf354
-69.38084369701343,0x8c1c8f4510ba944a8d2ef66d0c4cbf79df45e6976231d644b8a05266926bf354
-69.18891480681184,0x8c1c8f0510ba944a8d2ef66d0c4cbf79df45e6976231d644b8a05266926bf354
-69.31536566460883,0x8c1c8f2510ba944a8d2ef66d0c4cbf79df45e6976231d644b8a05266926bf354
-69.1530594420838,0x8c1c8f1510ba944a8d2ef66d0c4cbf79df45e6976231d644b8a05266926bf354
-69.07889250489501,0x8c1c8f1d10ba944a8d2ef66d0c4cbf79df45e6976231d644b8a05266926bf354
-69.18492087593803,0x8c1c8f1910ba944a8d2ef66d0c4cbf79df45e6976231d644b8a05266926bf354
-69.05207787360345,0x8c1c8f1f10ba944a8d2ef66d0c4cbf79df45e6976231d644b8a05266926bf354
-69.07831377606769,0x8c1c8f1e10ba944a8d2ef66d0c4cbf79df45e6976231d644b8a05266926bf354
-69.0386022821173,0x8c1c8f1f90ba944a8d2ef66d0c4cbf79df45e6976231d644b8a05266926bf354
-69.03243333357317,0x8c1c8f1fd0ba944a8d2ef66d0c4cbf79df45e6976231d644b8a05266926bf354
-69.08094376784105,0x8c1c8f1ff0ba944a8d2ef66d0c4cbf79df45e6976231d644b8a05266926bf354
-68.96295390095744,0x8c1c8f1fc0ba944a8d2ef66d0c4cbf79df45e6976231d644b8a05266926bf354
-68.86345588005744,0x8c1c8f1fc8ba944a8d2ef66d0c4cbf79df45e6976231d644b8a05266926bf354
-68.79331795676248,0x8c1c8f1fccba944a8d2ef66d0c4cbf79df45e6976231d644b8a05266926bf354
-68.71856405161002,0x8c1c8f1fceba944a8d2ef66d0c4cbf79df45e6976231d644b8a05266926bf354
-68.73655169446033,0x8c1c8f1fcfba944a8d2ef66d0c4cbf79df45e6976231d644b8a05266926bf354
-68.68933182448654,0x8c1c8f1fce3a944a8d2ef66d0c4cbf79df45e6976231d644b8a05266926bf354
-68.71964380529138,0x8c1c8f1fce7a944a8d2ef66d0c4cbf79df45e6976231d644b8a05266926bf354
-68.59032924930294,0x8c1c8f1fce1a944a8d2ef66d0c4cbf79df45e6976231d644b8a05266926bf354
-68.58522032167052,0x8c1c8f1fce0a944a8d2ef66d0c4cbf79df45e6976231d644b8a05266926bf354
-68.66836213255739,0x8c1c8f1fce02944a8d2ef66d0c4cbf79df45e6976231d644b8a05266926bf354
-68.5257529183463,0x8c1c8f1fce0e944a8d2ef66d0c4cbf79df45e6976231d644b8a05266926bf354
-68.53342200707007,0x8c1c8f1fce0c944a8d2ef66d0c4cbf79df45e6976231d644b8a05266926bf354
-68.56177568006945,0x8c1c8f1fce0f944a8d2ef66d0c4cbf79df45e6976231d644b8a05266926bf354
-68.54905589405712,0x8c1c8f1fce0e144a8d2ef66d0c4cbf79df45e6976231d644b8a05266926bf354
-68.67536942275254,0x8c1c8f1fce0ed44a8d2ef66d0c4cbf79df45e6976231d644b8a05266926bf354
-68.64278570398108,0x8c1c8f1fce0eb44a8d2ef66d0c4cbf79df45e6976231d644b8a05266926bf354
-68.52880713799141,0x8c1c8f1fce0e844a8d2ef66d0c4cbf79df45e6976231d644b8a05266926bf354
-68.47866117037259,0x8c1c8f1fce0e9c4a8d2ef66d0c4cbf79df45e6976231d644b8a05266926bf354
-68.55781951507964,0x8c1c8f1fce0e984a8d2ef66d0c4cbf79df45e6976231d644b8a05266926bf354
-68.45447836007986,0x8c1c8f1fce0e9e4a8d2ef66d0c4cbf79df45e6976231d644b8a05266926bf354
-68.50802090975431,0x8c1c8f1fce0e9f4a8d2ef66d0c4cbf79df45e6976231d644b8a05266926bf354
-68.54546735765456,0x8c1c8f1fce0e9eca8d2ef66d0c4cbf79df45e6976231d644b8a05266926bf354
-68.33386400434283,0x8c1c8f1fce0e9e0a8d2ef66d0c4cbf79df45e6976231d644b8a05266926bf354
-68.37134387371661,0x8c1c8f1fce0e9e2a8d2ef66d0c4cbf79df45e6976231d644b8a05266926bf354
-68.2731906993763,0x8c1c8f1fce0e9e1a8d2ef66d0c4cbf79df45e6976231d644b8a05266926bf354
-68.33184242820168,0x8c1c8f1fce0e9e128d2ef66d0c4cbf79df45e6976231d644b8a05266926bf354
-68.27315761326076,0x8c1c8f1fce0e9e1e8d2ef66d0c4cbf79df45e6976231d644b8a05266926bf354
-68.25403583538044,0x8c1c8f1fce0e9e1c8d2ef66d0c4cbf79df45e6976231d644b8a05266926bf354
-68.29995575865784,0x8c1c8f1fce0e9e1d8d2ef66d0c4cbf79df45e6976231d644b8a05266926bf354
-68.28517079996419,0x8c1c8f1fce0e9e1c0d2ef66d0c4cbf79df45e6976231d644b8a05266926bf354
-68.42501563530463,0x8c1c8f1fce0e9e1ccd2ef66d0c4cbf79df45e6976231d644b8a05266926bf354
-68.37939889852579,0x8c1c8f1fce0e9e1cad2ef66d0c4cbf79df45e6976231d644b8a05266926bf354
-68.23615308336683,0x8c1c8f1fce0e9e1c9d2ef66d0c4cbf79df45e6976231d644b8a05266926bf354
-68.31493190189937,0x8c1c8f1fce0e9e1c952ef66d0c4cbf79df45e6976231d644b8a05266926bf354
-68.29942366745803,0x8c1c8f1fce0e9e1c992ef66d0c4cbf79df45e6976231d644b8a05266926bf354
-68.23857219593151,0x8c1c8f1fce0e9e1c9f2ef66d0c4cbf79df45e6976231d644b8a05266926bf354
-68.24765684602264,0x8c1c8f1fce0e9e1c9c2ef66d0c4cbf79df45e6976231d644b8a05266926bf354
-68.33701382388364,0x8c1c8f1fce0e9e1c9daef66d0c4cbf79df45e6976231d644b8a05266926bf354
-68.3222889323811,0x8c1c8f1fce0e9e1c9d6ef66d0c4cbf79df45e6976231d644b8a05266926bf354
-68.20844373217115,0x8c1c8f1fce0e9e1c9d0ef66d0c4cbf79df45e6976231d644b8a05266926bf354
-68.13118218756341,0x8c1c8f1fce0e9e1c9d1ef66d0c4cbf79df45e6976231d644b8a05266926bf354
-68.18222359915475,0x8c1c8f1fce0e9e1c9d16f66d0c4cbf79df45e6976231d644b8a05266926bf354
-68.13702862841504,0x8c1c8f1fce0e9e1c9d1af66d0c4cbf79df45e6976231d644b8a05266926bf354
-68.15477287757409,0x8c1c8f1fce0e9e1c9d1cf66d0c4cbf79df45e6976231d644b8a05266926bf354
-68.12706899118947,0x8c1c8f1fce0e9e1c9d1ff66d0c4cbf79df45e6976231d644b8a05266926bf354
-68.1464173110215,0x8c1c8f1fce0e9e1c9d1f766d0c4cbf79df45e6976231d644b8a05266926bf354
-68.04432989953162,0x8c1c8f1fce0e9e1c9d1fb66d0c4cbf79df45e6976231d644b8a05266926bf354
-67.93856888503342,0x8c1c8f1fce0e9e1c9d1f966d0c4cbf79df45e6976231d644b8a05266926bf354
-67.85237661965719,0x8c1c8f1fce0e9e1c9d1f866d0c4cbf79df45e6976231d644b8a05266926bf354
-67.82746816324544,0x8c1c8f1fce0e9e1c9d1f8e6d0c4cbf79df45e6976231d644b8a05266926bf354
-67.89157206623942,0x8c1c8f1fce0e9e1c9d1f8a6d0c4cbf79df45e6976231d644b8a05266926bf354
-67.93863267927141,0x8c1c8f1fce0e9e1c9d1f8c6d0c4cbf79df45e6976231d644b8a05266926bf354
-67.80358113108815,0x8c1c8f1fce0e9e1c9d1f8f6d0c4cbf79df45e6976231d644b8a05266926bf354
-67.86383160296735,0x8c1c8f1fce0e9e1c9d1f8fed0c4cbf79df45e6976231d644b8a05266926bf354
-67.71352850640571,0x8c1c8f1fce0e9e1c9d1f8f2d0c4cbf79df45e6976231d644b8a05266926bf354
-67.58535919037017,0x8c1c8f1fce0e9e1c9d1f8f0d0c4cbf79df45e6976231d644b8a05266926bf354
-67.5624091789558,0x8c1c8f1fce0e9e1c9d1f8f1d0c4cbf79df45e6976231d644b8a05266926bf354
-67.62417244315743,0x8c1c8f1fce0e9e1c9d1f8f150c4cbf79df45e6976231d644b8a05266926bf354
-67.58501786452074,0x8c1c8f1fce0e9e1c9d1f8f190c4cbf79df45e6976231d644b8a05266926bf354
-67.58212503591379,0x8c1c8f1fce0e9e1c9d1f8f1f0c4cbf79df45e6976231d644b8a05266926bf354
-67.55353133804672,0x8c1c8f1fce0e9e1c9d1f8f1c0c4cbf79df45e6976231d644b8a05266926bf354
-67.57076059164224,0x8c1c8f1fce0e9e1c9d1f8f1c8c4cbf79df45e6976231d644b8a05266926bf354
-67.64185447578545,0x8c1c8f1fce0e9e1c9d1f8f1c4c4cbf79df45e6976231d644b8a05266926bf354
-67.63068907410948,0x8c1c8f1fce0e9e1c9d1f8f1c2c4cbf79df45e6976231d644b8a05266926bf354
-67.58506225372528,0x8c1c8f1fce0e9e1c9d1f8f1c1c4cbf79df45e6976231d644b8a05266926bf354
-67.5965109185858,0x8c1c8f1fce0e9e1c9d1f8f1c044cbf79df45e6976231d644b8a05266926bf354
-67.62448863240031,0x8c1c8f1fce0e9e1c9d1f8f1c084cbf79df45e6976231d644b8a05266926bf354
-67.54668649069437,0x8c1c8f1fce0e9e1c9d1f8f1c0e4cbf79df45e6976231d644b8a05266926bf354
-67.5878470055945,0x8c1c8f1fce0e9e1c9d1f8f1c0f4cbf79df45e6976231d644b8a05266926bf354
-67.65496047988876,0x8c1c8f1fce0e9e1c9d1f8f1c0eccbf79df45e6976231d644b8a05266926bf354
-67.48311880990104,0x8c1c8f1fce0e9e1c9d1f8f1c0e0cbf79df45e6976231d644b8a05266926bf354
-67.525833190857,0x8c1c8f1fce0e9e1c9d1f8f1c0e2cbf79df45e6976231d644b8a05266926bf354
-67.4593778947493,0x8c1c8f1fce0e9e1c9d1f8f1c0e1cbf79df45e6976231d644b8a05266926bf354
-67.49723590313495,0x8c1c8f1fce0e9e1c9d1f8f1c0e14bf79df45e6976231d644b8a05266926bf354
-67.54372225369845,0x8c1c8f1fce0e9e1c9d1f8f1c0e18bf79df45e6976231d644b8a05266926bf354
-67.41124514218691,0x8c1c8f1fce0e9e1c9d1f8f1c0e1ebf79df45e6976231d644b8a05266926bf354
-67.49059012886528,0x8c1c8f1fce0e9e1c9d1f8f1c0e1fbf79df45e6976231d644b8a05266926bf354
-67.47320890474272,0x8c1c8f1fce0e9e1c9d1f8f1c0e1e3f79df45e6976231d644b8a05266926bf354
-67.47562218665124,0x8c1c8f1fce0e9e1c9d1f8f1c0e1eff79df45e6976231d644b8a05266926bf354
-67.3161671473668,0x8c1c8f1fce0e9e1c9d1f8f1c0e1e9f79df45e6976231d644b8a05266926bf354
-67.30554314307518,0x8c1c8f1fce0e9e1c9d1f8f1c0e1e8f79df45e6976231d644b8a05266926bf354
-67.36682987117862,0x8c1c8f1fce0e9e1c9d1f8f1c0e1e8779df45e6976231d644b8a05266926bf354
-67.3388882540799,0x8c1c8f1fce0e9e1c9d1f8f1c0e1e8b79df45e6976231d644b8a05266926bf354
-67.29103752997491,0x8c1c8f1fce0e9e1c9d1f8f1c0e1e8d79df45e6976231d644b8a05266926bf354
-67.27731346107505,0x8c1c8f1fce0e9e1c9d1f8f1c0e1e8c79df45e6976231d644b8a05266926bf354
-67.36063684545435,0x8c1c8f1fce0e9e1c9d1f8f1c0e1e8cf9df45e6976231d644b8a05266926bf354
-67.23562523749445,0x8c1c8f1fce0e9e1c9d1f8f1c0e1e8c39df45e6976231d644b8a05266926bf354
-67.21750896960705,0x8c1c8f1fce0e9e1c9d1f8f1c0e1e8c19df45e6976231d644b8a05266926bf354
-67.23688132851035,0x8c1c8f1fce0e9e1c9d1f8f1c0e1e8c09df45e6976231d644b8a05266926bf354
-67.28642343069528,0x8c1c8f1fce0e9e1c9d1f8f1c0e1e8c11df45e6976231d644b8a05266926bf354
-67.19526458953644,0x8c1c8f1fce0e9e1c9d1f8f1c0e1e8c1ddf45e6976231d644b8a05266926bf354
-67.23239141077428,0x8c1c8f1fce0e9e1c9d1f8f1c0e1e8c1fdf45e6976231d644b8a05266926bf354
-67.17591912024743,0x8c1c8f1fce0e9e1c9d1f8f1c0e1e8c1cdf45e6976231d644b8a05266926bf354
-67.16028234460852,0x8c1c8f1fce0e9e1c9d1f8f1c0e1e8c1c5f45e6976231d644b8a05266926bf354
-67.05509614134645,0x8c1c8f1fce0e9e1c9d1f8f1c0e1e8c1c1f45e6976231d644b8a05266926bf354
-67.14090572513425,0x8c1c8f1fce0e9e1c9d1f8f1c0e1e8c1c3f45e6976231d644b8a05266926bf354
-67.0274048003998,0x8c1c8f1fce0e9e1c9d1f8f1c0e1e8c1c0f45e6976231d644b8a05266926bf354
-67.054586610594,0x8c1c8f1fce0e9e1c9d1f8f1c0e1e8c1c0745e6976231d644b8a05266926bf354
-67.05470732423095,0x8c1c8f1fce0e9e1c9d1f8f1c0e1e8c1c0b45e6976231d644b8a05266926bf354
-67.04050895241234,0x8c1c8f1fce0e9e1c9d1f8f1c0e1e8c1c0d45e6976231d644b8a05266926bf354
-67.03891411932794,0x8c1c8f1fce0e9e1c9d1f8f1c0e1e8c1c0e45e6976231d644b8a05266926bf354
-67.07223269131991,0x8c1c8f1fce0e9e1c9d1f8f1c0e1e8c1c0fc5e6976231d644b8a05266926bf354
-66.86808647285332,0x8c1c8f1fce0e9e1c9d1f8f1c0e1e8c1c0f05e6976231d644b8a05266926bf354
-66.88625882936644,0x8c1c8f1fce0e9e1c9d1f8f1c0e1e8c1c0f25e6976231d644b8a05266926bf354
-66.79957915924408,0x8c1c8f1fce0e9e1c9d1f8f1c0e1e8c1c0f15e6976231d644b8a05266926bf354
-66.75126200551158,0x8c1c8f1fce0e9e1c9d1f8f1c0e1e8c1c0f1de6976231d644b8a05266926bf354
-66.75496864128303,0x8c1c8f1fce0e9e1c9d1f8f1c0e1e8c1c0f19e6976231d644b8a05266926bf354
-66.78434332696112,0x8c1c8f1fce0e9e1c9d1f8f1c0e1e8c1c0f1fe6976231d644b8a05266926bf354
-66.7463983236612,0x8c1c8f1fce0e9e1c9d1f8f1c0e1e8c1c0f1ce6976231d644b8a05266926bf354
-66.76770945576641,0x8c1c8f1fce0e9e1c9d1f8f1c0e1e8c1c0f1c66976231d644b8a05266926bf354
-66.6791144189063,0x8c1c8f1fce0e9e1c9d1f8f1c0e1e8c1c0f1ca6976231d644b8a05266926bf354
-66.55516166572686,0x8c1c8f1fce0e9e1c9d1f8f1c0e1e8c1c0f1c86976231d644b8a05266926bf354
-66.63936062411709,0x8c1c8f1fce0e9e1c9d1f8f1c0e1e8c1c0f1c96976231d644b8a05266926bf354
-66.56675473269406,0x8c1c8f1fce0e9e1c9d1f8f1c0e1e8c1c0f1c8e976231d644b8a05266926bf354
-66.61081788542268,0x8c1c8f1fce0e9e1c9d1f8f1c0e1e8c1c0f1c82976231d644b8a05266926bf354
-66.5441875248165,0x8c1c8f1fce0e9e1c9d1f8f1c0e1e8c1c0f1c84976231d644b8a05266926bf354
-66.59548202499406,0x8c1c8f1fce0e9e1c9d1f8f1c0e1e8c1c0f1c85976231d644b8a05266926bf354
-66.49578189754581,0x8c1c8f1fce0e9e1c9d1f8f1c0e1e8c1c0f1c84176231d644b8a05266926bf354
-66.58320172564252,0x8c1c8f1fce0e9e1c9d1f8f1c0e1e8c1c0f1c84576231d644b8a05266926bf354
-66.50289386516803,0x8c1c8f1fce0e9e1c9d1f8f1c0e1e8c1c0f1c84376231d644b8a05266926bf354
-66.54869866918969,0x8c1c8f1fce0e9e1c9d1f8f1c0e1e8c1c0f1c84076231d644b8a05266926bf354
-66.43704087965257,0x8c1c8f1fce0e9e1c9d1f8f1c0e1e8c1c0f1c841f6231d644b8a05266926bf354
-66.46942277388139,0x8c1c8f1fce0e9e1c9d1f8f1c0e1e8c1c0f1c841b6231d644b8a05266926bf354
-66.43165786544998,0x8c1c8f1fce0e9e1c9d1f8f1c0e1e8c1c0f1c841d6231d644b8a05266926bf354
-66.40770749636106,0x8c1c8f1fce0e9e1c9d1f8f1c0e1e8c1c0f1c841c6231d644b8a05266926bf354
-66.42686222316502,0x8c1c8f1fce0e9e1c9d1f8f1c0e1e8c1c0f1c841ce231d644b8a05266926bf354
-66.32451820945168,0x8c1c8f1fce0e9e1c9d1f8f1c0e1e8c1c0f1c841c2231d644b8a05266926bf354
-66.22534595836292,0x8c1c8f1fce0e9e1c9d1f8f1c0e1e8c1c0f1c841c0231d644b8a05266926bf354
-66.29646351573231,0x8c1c8f1fce0e9e1c9d1f8f1c0e1e8c1c0f1c841c1231d644b8a05266926bf354
-66.17232410533802,0x8c1c8f1fce0e9e1c9d1f8f1c0e1e8c1c0f1c841c0a31d644b8a05266926bf354
-66.13295754233559,0x8c1c8f1fce0e9e1c9d1f8f1c0e1e8c1c0f1c841c0e31d644b8a05266926bf354
-66.18859405974885,0x8c1c8f1fce0e9e1c9d1f8f1c0e1e8c1c0f1c841c0c31d644b8a05266926bf354
-66.20603735558875,0x8c1c8f1fce0e9e1c9d1f8f1c0e1e8c1c0f1c841c0f31d644b8a05266926bf354
-66.23221280977323,0x8c1c8f1fce0e9e1c9d1f8f1c0e1e8c1c0f1c841c0eb1d644b8a05266926bf354
-66.17046739576341,0x8c1c8f1fce0e9e1c9d1f8f1c0e1e8c1c0f1c841c0e71d644b8a05266926bf354
-66.07782932856938,0x8c1c8f1fce0e9e1c9d1f8f1c0e1e8c1c0f1c841c0e11d644b8a05266926bf354
-66.07493197262941,0x8c1c8f1fce0e9e1c9d1f8f1c0e1e8c1c0f1c841c0e01d644b8a05266926bf354
-66.00259143322498,0x8c1c8f1fce0e9e1c9d1f8f1c0e1e8c1c0f1c841c0e09d644b8a05266926bf354
-65.98027343445129,0x8c1c8f1fce0e9e1c9d1f8f1c0e1e8c1c0f1c841c0e0dd644b8a05266926bf354
-65.9707998452963,0x8c1c8f1fce0e9e1c9d1f8f1c0e1e8c1c0f1c841c0e0fd644b8a05266926bf354
-65.95856113033695,0x8c1c8f1fce0e9e1c9d1f8f1c0e1e8c1c0f1c841c0e0ed644b8a05266926bf354
-66.01171790398323,0x8c1c8f1fce0e9e1c9d1f8f1c0e1e8c1c0f1c841c0e0e5644b8a05266926bf354
-65.85603282215831,0x8c1c8f1fce0e9e1c9d1f8f1c0e1e8c1c0f1c841c0e0e9644b8a05266926bf354
-65.89725032505336,0x8c1c8f1fce0e9e1c9d1f8f1c0e1e8c1c0f1c841c0e0eb644b8a05266926bf354
-65.85796051330261,0x8c1c8f1fce0e9e1c9d1f8f1c0e1e8c1c0f1c841c0e0e8644b8a05266926bf354
-65.82958895962436,0x8c1c8f1fce0e9e1c9d1f8f1c0e1e8c1c0f1c841c0e0e9e44b8a05266926bf354
-65.90002941394543,0x8c1c8f1fce0e9e1c9d1f8f1c0e1e8c1c0f1c841c0e0e9a44b8a05266926bf354
-65.88759597031387,0x8c1c8f1fce0e9e1c9d1f8f1c0e1e8c1c0f1c841c0e0e9c44b8a05266926bf354
-65.85860699968977,0x8c1c8f1fce0e9e1c9d1f8f1c0e1e8c1c0f1c841c0e0e9f44b8a05266926bf354
-65.88468460555558,0x8c1c8f1fce0e9e1c9d1f8f1c0e1e8c1c0f1c841c0e0e9ec4b8a05266926bf354
-65.70415553989467,0x8c1c8f1fce0e9e1c9d1f8f1c0e1e8c1c0f1c841c0e0e9e04b8a05266926bf354
-65.75975881875692,0x8c1c8f1fce0e9e1c9d1f8f1c0e1e8c1c0f1c841c0e0e9e24b8a05266926bf354
-65.69892481633357,0x8c1c8f1fce0e9e1c9d1f8f1c0e1e8c1c0f1c841c0e0e9e14b8a05266926bf354
-65.65672609403536,0x8c1c8f1fce0e9e1c9d1f8f1c0e1e8c1c0f1c841c0e0e9e1cb8a05266926bf354
-65.70668471085799,0x8c1c8f1fce0e9e1c9d1f8f1c0e1e8c1c0f1c841c0e0e9e18b8a05266926bf354
-65.66320858706723,0x8c1c8f1fce0e9e1c9d1f8f1c0e1e8c1c0f1c841c0e0e9e1eb8a05266926bf354
-65.63653780149293,0x8c1c8f1fce0e9e1c9d1f8f1c0e1e8c1c0f1c841c0e0e9e1db8a05266926bf354
-65.66285341245668,0x8c1c8f1fce0e9e1c9d1f8f1c0e1e8c1c0f1c841c0e0e9e1d38a05266926bf354
-65.66832120363767,0x8c1c8f1fce0e9e1c9d1f8f1c0e1e8c1c0f1c841c0e0e9e1df8a05266926bf354
-65.57076673479109,0x8c1c8f1fce0e9e1c9d1f8f1c0e1e8c1c0f1c841c0e0e9e1d98a05266926bf354
-65.57545862950526,0x8c1c8f1fce0e9e1c9d1f8f1c0e1e8c1c0f1c841c0e0e9e1d88a05266926bf354
-65.63308032909474,0x8c1c8f1fce0e9e1c9d1f8f1c0e1e8c1c0f1c841c0e0e9e1d90a05266926bf354
-65.51259628280656,0x8c1c8f1fce0e9e1c9d1f8f1c0e1e8c1c0f1c841c0e0e9e1d9ca05266926bf354
-65.50499008132981,0x8c1c8f1fce0e9e1c9d1f8f1c0e1e8c1c0f1c841c0e0e9e1d9ea05266926bf354
-65.51309030325143,0x8c1c8f1fce0e9e1c9d1f8f1c0e1e8c1c0f1c841c0e0e9e1d9fa05266926bf354
-65.44502047939854,0x8c1c8f1fce0e9e1c9d1f8f1c0e1e8c1c0f1c841c0e0e9e1d9e205266926bf354
-65.528985251199,0x8c1c8f1fce0e9e1c9d1f8f1c0e1e8c1c0f1c841c0e0e9e1d9e605266926bf354
-65.4110014512465,0x8c1c8f1fce0e9e1c9d1f8f1c0e1e8c1c0f1c841c0e0e9e1d9e005266926bf354
-65.37716074971172,0x8c1c8f1fce0e9e1c9d1f8f1c0e1e8c1c0f1c841c0e0e9e1d9e105266926bf354
-65.33468788749093,0x8c1c8f1fce0e9e1c9d1f8f1c0e1e8c1c0f1c841c0e0e9e1d9e185266926bf354
-65.32502082725624,0x8c1c8f1fce0e9e1c9d1f8f1c0e1e8c1c0f1c841c0e0e9e1d9e1c5266926bf354
-65.37105197506351,0x8c1c8f1fce0e9e1c9d1f8f1c0e1e8c1c0f1c841c0e0e9e1d9e1e5266926bf354
-65.36989544726514,0x8c1c8f1fce0e9e1c9d1f8f1c0e1e8c1c0f1c841c0e0e9e1d9e1d5266926bf354
-65.33605578229144,0x8c1c8f1fce0e9e1c9d1f8f1c0e1e8c1c0f1c841c0e0e9e1d9e1cd266926bf354
-65.29798184908353,0x8c1c8f1fce0e9e1c9d1f8f1c0e1e8c1c0f1c841c0e0e9e1d9e1c1266926bf354
-65.36391850642033,0x8c1c8f1fce0e9e1c9d1f8f1c0e1e8c1c0f1c841c0e0e9e1d9e1c3266926bf354
-65.27092485304003,0x8c1c8f1fce0e9e1c9d1f8f1c0e1e8c1c0f1c841c0e0e9e1d9e1c0266926bf354
-65.25630801540989,0x8c1c8f1fce0e9e1c9d1f8f1c0e1e8c1c0f1c841c0e0e9e1d9e1c0a66926bf354
-65.2159857506995,0x8c1c8f1fce0e9e1c9d1f8f1c0e1e8c1c0f1c841c0e0e9e1d9e1c0e66926bf354
-65.22702550745153,0x8c1c8f1fce0e9e1c9d1f8f1c0e1e8c1c0f1c841c0e0e9e1d9e1c0c66926bf354
-65.22090299074705,0x8c1c8f1fce0e9e1c9d1f8f1c0e1e8c1c0f1c841c0e0e9e1d9e1c0f66926bf354
-65.24176582542214,0x8c1c8f1fce0e9e1c9d1f8f1c0e1e8c1c0f1c841c0e0e9e1d9e1c0ee6926bf354
-65.16522277771057,0x8c1c8f1fce0e9e1c9d1f8f1c0e1e8c1c0f1c841c0e0e9e1d9e1c0e26926bf354
-65.14946447290502,0x8c1c8f1fce0e9e1c9d1f8f1c0e1e8c1c0f1c841c0e0e9e1d9e1c0e06926bf354
-65.10050665581977,0x8c1c8f1fce0e9e1c9d1f8f1c0e1e8c1c0f1c841c0e0e9e1d9e1c0e16926bf354
-65.07949019669296,0x8c1c8f1fce0e9e1c9d1f8f1c0e1e8c1c0f1c841c0e0e9e1d9e1c0e1e926bf354
-65.10036041686585,0x8c1c8f1fce0e9e1c9d1f8f1c0e1e8c1c0f1c841c0e0e9e1d9e1c0e1a926bf354
-65.10226602773447,0x8c1c8f1fce0e9e1c9d1f8f1c0e1e8c1c0f1c841c0e0e9e1d9e1c0e1c926bf354
-65.10203730595576,0x8c1c8f1fce0e9e1c9d1f8f1c0e1e8c1c0f1c841c0e0e9e1d9e1c0e1f926bf354
-65.10863257835913,0x8c1c8f1fce0e9e1c9d1f8f1c0e1e8c1c0f1c841c0e0e9e1d9e1c0e1e126bf354
-65.12067153427627,0x8c1c8f1fce0e9e1c9d1f8f1c0e1e8c1c0f1c841c0e0e9e1d9e1c0e1ed26bf354
-65.14296603512454,0x8c1c8f1fce0e9e1c9d1f8f1c0e1e8c1c0f1c841c0e0e9e1d9e1c0e1eb26bf354
-65.01969130722793,0x8c1c8f1fce0e9e1c9d1f8f1c0e1e8c1c0f1c841c0e0e9e1d9e1c0e1e826bf354
-65.02540252258727,0x8c1c8f1fce0e9e1c9d1f8f1c0e1e8c1c0f1c841c0e0e9e1d9e1c0e1e8a6bf354
-64.96626792397056,0x8c1c8f1fce0e9e1c9d1f8f1c0e1e8c1c0f1c841c0e0e9e1d9e1c0e1e866bf354
-65.00319350754226,0x8c1c8f1fce0e9e1c9d1f8f1c0e1e8c1c0f1c841c0e0e9e1d9e1c0e1e846bf354
-64.999567563479,0x8c1c8f1fce0e9e1c9d1f8f1c0e1e8c1c0f1c841c0e0e9e1d9e1c0e1e876bf354
-65.03646882597383,0x8c1c8f1fce0e9e1c9d1f8f1c0e1e8c1c0f1c841c0e0e9e1d9e1c0e1e86ebf354
-64.92072117793096,0x8c1c8f1fce0e9e1c9d1f8f1c0e1e8c1c0f1c841c0e0e9e1d9e1c0e1e862bf354
-64.87057200916759,0x8c1c8f1fce0e9e1c9d1f8f1c0e1e8c1c0f1c841c0e0e9e1d9e1c0e1e860bf354
-64.85997842337106,0x8c1c8f1fce0e9e1c9d1f8f1c0e1e8c1c0f1c841c0e0e9e1d9e1c0e1e861bf354
-64.92981178824837,0x8c1c8f1fce0e9e1c9d1f8f1c0e1e8c1c0f1c841c0e0e9e1d9e1c0e1e8613f354
-64.84689256361314,0x8c1c8f1fce0e9e1c9d1f8f1c0e1e8c1c0f1c841c0e0e9e1d9e1c0e1e861ff354
-64.83978449833857,0x8c1c8f1fce0e9e1c9d1f8f1c0e1e8c1c0f1c841c0e0e9e1d9e1c0e1e861df354
-64.87163178618256,0x8c1c8f1fce0e9e1c9d1f8f1c0e1e8c1c0f1c841c0e0e9e1d9e1c0e1e861cf354
-64.82301367913092,0x8c1c8f1fce0e9e1c9d1f8f1c0e1e8c1c0f1c841c0e0e9e1d9e1c0e1e861d7354
-64.75230486219102,0x8c1c8f1fce0e9e1c9d1f8f1c0e1e8c1c0f1c841c0e0e9e1d9e1c0e1e861d3354
-64.6979241842752,0x8c1c8f1fce0e9e1c9d1f8f1c0e1e8c1c0f1c841c0e0e9e1d9e1c0e1e861d1354
-64.66691537527414,0x8c1c8f1fce0e9e1c9d1f8f1c0e1e8c1c0f1c841c0e0e9e1d9e1c0e1e861d0354
-64.62576276415236,0x8c1c8f1fce0e9e1c9d1f8f1c0e1e8c1c0f1c841c0e0e9e1d9e1c0e1e861d0b54
-64.58937392868363,0x8c1c8f1fce0e9e1c9d1f8f1c0e1e8c1c0f1c841c0e0e9e1d9e1c0e1e861d0f54
-64.58807096376523,0x8c1c8f1fce0e9e1c9d1f8f1c0e1e8c1c0f1c841c0e0e9e1d9e1c0e1e861d0d54
-64.57970205911032,0x8c1c8f1fce0e9e1c9d1f8f1c0e1e8c1c0f1c841c0e0e9e1d9e1c0e1e861d0c54
-64.63178322531961,0x8c1c8f1fce0e9e1c9d1f8f1c0e1e8c1c0f1c841c0e0e9e1d9e1c0e1e861d0cd4
-64.50917293308498,0x8c1c8f1fce0e9e1c9d1f8f1c0e1e8c1c0f1c841c0e0e9e1d9e1c0e1e861d0c14
-64.51974452244532,0x8c1c8f1fce0e9e1c9d1f8f1c0e1e8c1c0f1c841c0e0e9e1d9e1c0e1e861d0c34
-64.54555644093455,0x8c1c8f1fce0e9e1c9d1f8f1c0e1e8c1c0f1c841c0e0e9e1d9e1c0e1e861d0c04
-64.46520861950549,0x8c1c8f1fce0e9e1c9d1f8f1c0e1e8c1c0f1c841c0e0e9e1d9e1c0e1e861d0c1c
-64.49373316502833,0x8c1c8f1fce0e9e1c9d1f8f1c0e1e8c1c0f1c841c0e0e9e1d9e1c0e1e861d0c18
-64.49987889003087,0x8c1c8f1fce0e9e1c9d1f8f1c0e1e8c1c0f1c841c0e0e9e1d9e1c0e1e861d0c1e
-64.50296921401353,0x8c1c8f1fce0e9e1c9d1f8f1c0e1e8c1c0f1c841c0e0e9e1d9e1c0e1e861d0c1d
