-77.299529320472,0x0000000000000000000000000000000000000000000000000000000000000000
-77.28749275016975,0x8000000000000000000000000000000000000000000000000000000000000000
-77.28662642899093,0x4000000000000000000000000000000000000000000000000000000000000000
-77.31301027768617,0x2000000000000000000000000000000000000000000000000000000000000000
-77.3116432136589,0x3000000000000000000000000000000000000000000000000000000000000000
-77.3187390459882,0x2800000000000000000000000000000000000000000000000000000000000000
-77.31691911146714,0x2c00000000000000000000000000000000000000000000000000000000000000
-77.35027693558882,0x2a00000000000000000000000000000000000000000000000000000000000000
-77.30417534735773,0x2b00000000000000000000000000000000000000000000000000000000000000
-77.40461957323681,0x2a80000000000000000000000000000000000000000000000000000000000000
-77.32096422254503,0x2ac0000000000000000000000000000000000000000000000000000000000000
-77.41493550547354,0x2aa0000000000000000000000000000000000000000000000000000000000000
-77.43714405559041,0x2ab0000000000000000000000000000000000000000000000000000000000000
-77.40885373476621,0x2ab8000000000000000000000000000000000000000000000000000000000000
-77.46582926808298,0x2ab4000000000000000000000000000000000000000000000000000000000000
-77.42707767543736,0x2ab6000000000000000000000000000000000000000000000000000000000000
-77.48527693772292,0x2ab5000000000000000000000000000000000000000000000000000000000000
-77.51647324995561,0x2ab5800000000000000000000000000000000000000000000000000000000000
-77.4600523987731,0x2ab5c00000000000000000000000000000000000000000000000000000000000
-77.53246051281482,0x2ab5a00000000000000000000000000000000000000000000000000000000000
-77.49769548078875,0x2ab5b00000000000000000000000000000000000000000000000000000000000
-77.54824338259397,0x2ab5a80000000000000000000000000000000000000000000000000000000000
-77.52799128057002,0x2ab5ac0000000000000000000000000000000000000000000000000000000000
-77.5783752685303,0x2ab5aa0000000000000000000000000000000000000000000000000000000000
-77.49128785643067,0x2ab5ab0000000000000000000000000000000000000000000000000000000000
-77.64624638514562,0x2ab5aa8000000000000000000000000000000000000000000000000000000000
-77.57144390643536,0x2ab5aac000000000000000000000000000000000000000000000000000000000
-77.64470585719212,0x2ab5aaa000000000000000000000000000000000000000000000000000000000
-77.68223493273085,0x2ab5aa9000000000000000000000000000000000000000000000000000000000
-77.61726619480373,0x2ab5aa9800000000000000000000000000000000000000000000000000000000
-77.72328088476465,0x2ab5aa9400000000000000000000000000000000000000000000000000000000
-77.65020746617884,0x2ab5aa9600000000000000000000000000000000000000000000000000000000
-77.72289217435397,0x2ab5aa9500000000000000000000000000000000000000000000000000000000
-77.68419966569076,0x2ab5aa9480000000000000000000000000000000000000000000000000000000
-77.66347067696708,0x2ab5aa9440000000000000000000000000000000000000000000000000000000
-77.74580432080127,0x2ab5aa9420000000000000000000000000000000000000000000000000000000
-77.6841344080724,0x2ab5aa9430000000000000000000000000000000000000000000000000000000
-77.77566869013555,0x2ab5aa9428000000000000000000000000000000000000000000000000000000
-77.7528984915841,0x2ab5aa942c000000000000000000000000000000000000000000000000000000
-77.79617904068587,0x2ab5aa942a000000000000000000000000000000000000000000000000000000
-77.71693708513166,0x2ab5aa942b000000000000000000000000000000000000000000000000000000
-77.85660141402786,0x2ab5aa942a800000000000000000000000000000000000000000000000000000
-77.81573303405578,0x2ab5aa942ac00000000000000000000000000000000000000000000000000000
-77.85258840585684,0x2ab5aa942aa00000000000000000000000000000000000000000000000000000
-77.859785668738,0x2ab5aa942a900000000000000000000000000000000000000000000000000000
-77.8074678083757,0x2ab5aa942a980000000000000000000000000000000000000000000000000000
-77.89314778391774,0x2ab5aa942a940000000000000000000000000000000000000000000000000000
-77.83262218128552,0x2ab5aa942a960000000000000000000000000000000000000000000000000000
-77.91939860219127,0x2ab5aa942a950000000000000000000000000000000000000000000000000000
-77.8874003041636,0x2ab5aa942a958000000000000000000000000000000000000000000000000000
-77.90838192416714,0x2ab5aa942a954000000000000000000000000000000000000000000000000000
-77.93803632890547,0x2ab5aa942a952000000000000000000000000000000000000000000000000000
-77.89965868329668,0x2ab5aa942a953000000000000000000000000000000000000000000000000000
-77.97754559435926,0x2ab5aa942a952800000000000000000000000000000000000000000000000000
-77.94370413826896,0x2ab5aa942a952c00000000000000000000000000000000000000000000000000
-77.99469394283695,0x2ab5aa942a952a00000000000000000000000000000000000000000000000000
-77.95361538485928,0x2ab5aa942a952b00000000000000000000000000000000000000000000000000
-78.04813203611575,0x2ab5aa942a952a80000000000000000000000000000000000000000000000000
-78.01297428462651,0x2ab5aa942a952ac0000000000000000000000000000000000000000000000000
-78.05803484540363,0x2ab5aa942a952aa0000000000000000000000000000000000000000000000000
-78.02291220742148,0x2ab5aa942a952ab0000000000000000000000000000000000000000000000000
-78.03654169774317,0x2ab5aa942a952aa8000000000000000000000000000000000000000000000000
-78.08279966950774,0x2ab5aa942a952aa4000000000000000000000000000000000000000000000000
-78.02729695993703,0x2ab5aa942a952aa6000000000000000000000000000000000000000000000000
-78.1286991283253,0x2ab5aa942a952aa5000000000000000000000000000000000000000000000000
-78.12792608240149,0x2ab5aa942a952aa5800000000000000000000000000000000000000000000000
-78.1330664879554,0x2ab5aa942a952aa5400000000000000000000000000000000000000000000000
-78.14195807092078,0x2ab5aa942a952aa5600000000000000000000000000000000000000000000000
-78.13374136544607,0x2ab5aa942a952aa5700000000000000000000000000000000000000000000000
-78.18177335817259,0x2ab5aa942a952aa5680000000000000000000000000000000000000000000000
-78.14718387843845,0x2ab5aa942a952aa56c0000000000000000000000000000000000000000000000
-78.20559079592283,0x2ab5aa942a952aa56a0000000000000000000000000000000000000000000000
-78.17087503103586,0x2ab5aa942a952aa56b0000000000000000000000000000000000000000000000
-78.2434300242604,0x2ab5aa942a952aa56a8000000000000000000000000000000000000000000000
-78.18780170025288,0x2ab5aa942a952aa56ac000000000000000000000000000000000000000000000
-78.24401526970344,0x2ab5aa942a952aa56aa000000000000000000000000000000000000000000000
-78.20517979182682,0x2ab5aa942a952aa56ab000000000000000000000000000000000000000000000
-78.2526715837873,0x2ab5aa942a952aa56aa800000000000000000000000000000000000000000000
-78.24919355546797,0x2ab5aa942a952aa56aac00000000000000000000000000000000000000000000
-78.17102280958787,0x2ab5aa942a952aa56aaa00000000000000000000000000000000000000000000
-78.29144337413075,0x2ab5aa942a952aa56aa900000000000000000000000000000000000000000000
-78.28116887385076,0x2ab5aa942a952aa56aa980000000000000000000000000000000000000000000
-78.2955670047116,0x2ab5aa942a952aa56aa940000000000000000000000000000000000000000000
-78.29773910324295,0x2ab5aa942a952aa56aa960000000000000000000000000000000000000000000
-78.28552328408895,0x2ab5aa942a952aa56aa970000000000000000000000000000000000000000000
-78.3371217176988,0x2ab5aa942a952aa56aa968000000000000000000000000000000000000000000
-78.2588466145061,0x2ab5aa942a952aa56aa96c000000000000000000000000000000000000000000
-78.35899033675065,0x2ab5aa942a952aa56aa96a000000000000000000000000000000000000000000
-78.30273280491481,0x2ab5aa942a952aa56aa96b000000000000000000000000000000000000000000
-78.41410876416064,0x2ab5aa942a952aa56aa96a800000000000000000000000000000000000000000
-78.36671174132265,0x2ab5aa942a952aa56aa96ac00000000000000000000000000000000000000000
-78.41359328080367,0x2ab5aa942a952aa56aa96aa00000000000000000000000000000000000000000
-78.41278493845022,0x2ab5aa942a952aa56aa96a900000000000000000000000000000000000000000
-78.43629953268167,0x2ab5aa942a952aa56aa96a880000000000000000000000000000000000000000
-78.48737106551896,0x2ab5aa942a952aa56aa96a8c0000000000000000000000000000000000000000
-78.424683204064,0x2ab5aa942a952aa56aa96a8e0000000000000000000000000000000000000000
-78.53166418237524,0x2ab5aa942a952aa56aa96a8d0000000000000000000000000000000000000000
-78.50608323408768,0x2ab5aa942a952aa56aa96a8d8000000000000000000000000000000000000000
-78.50889052353897,0x2ab5aa942a952aa56aa96a8d4000000000000000000000000000000000000000
-78.53849217036625,0x2ab5aa942a952aa56aa96a8d2000000000000000000000000000000000000000
-78.5118641276936,0x2ab5aa942a952aa56aa96a8d3000000000000000000000000000000000000000
-78.56449134056861,0x2ab5aa942a952aa56aa96a8d2800000000000000000000000000000000000000
-78.46239251928492,0x2ab5aa942a952aa56aa96a8d2c00000000000000000000000000000000000000
-78.5917095828366,0x2ab5aa942a952aa56aa96a8d2a00000000000000000000000000000000000000
-78.51748558905695,0x2ab5aa942a952aa56aa96a8d2b00000000000000000000000000000000000000
-78.66866408432875,0x2ab5aa942a952aa56aa96a8d2a80000000000000000000000000000000000000
-78.63060953328898,0x2ab5aa942a952aa56aa96a8d2ac0000000000000000000000000000000000000
-78.65600901478892,0x2ab5aa942a952aa56aa96a8d2aa0000000000000000000000000000000000000
-78.66345703399384,0x2ab5aa942a952aa56aa96a8d2a90000000000000000000000000000000000000
-78.67102810671994,0x2ab5aa942a952aa56aa96a8d2a88000000000000000000000000000000000000
-78.70430202274532,0x2ab5aa942a952aa56aa96a8d2a8c000000000000000000000000000000000000
-78.67092431341851,0x2ab5aa942a952aa56aa96a8d2a8e000000000000000000000000000000000000
-78.73929834508753,0x2ab5aa942a952aa56aa96a8d2a8d000000000000000000000000000000000000
-78.7110985175713,0x2ab5aa942a952aa56aa96a8d2a8d800000000000000000000000000000000000
-78.72414315116036,0x2ab5aa942a952aa56aa96a8d2a8d400000000000000000000000000000000000
-78.76704976084706,0x2ab5aa942a952aa56aa96a8d2a8d200000000000000000000000000000000000
-78.72722701187972,0x2ab5aa942a952aa56aa96a8d2a8d300000000000000000000000000000000000
-78.7786969576444,0x2ab5aa942a952aa56aa96a8d2a8d280000000000000000000000000000000000
-78.69786433049373,0x2ab5aa942a952aa56aa96a8d2a8d2c0000000000000000000000000000000000
-78.80707762696288,0x2ab5aa942a952aa56aa96a8d2a8d2a0000000000000000000000000000000000
-78.74057608193809,0x2ab5aa942a952aa56aa96a8d2a8d2b0000000000000000000000000000000000
-78.88398177140243,0x2ab5aa942a952aa56aa96a8d2a8d2a8000000000000000000000000000000000
-78.82148385214639,0x2ab5aa942a952aa56aa96a8d2a8d2ac000000000000000000000000000000000
-78.86531789438588,0x2ab5aa942a952aa56aa96a8d2a8d2aa000000000000000000000000000000000
-78.84697387268493,0x2ab5aa942a952aa56aa96a8d2a8d2a9000000000000000000000000000000000
-78.88677912968379,0x2ab5aa942a952aa56aa96a8d2a8d2a8800000000000000000000000000000000
-78.92675664636877,0x2ab5aa942a952aa56aa96a8d2a8d2a8c00000000000000000000000000000000
-78.85297237552487,0x2ab5aa942a952aa56aa96a8d2a8d2a8e00000000000000000000000000000000
-78.91612050059315,0x2ab5aa942a952aa56aa96a8d2a8d2a8d00000000000000000000000000000000
-78.90891342086869,0x2ab5aa942a952aa56aa96a8d2a8d2a8c80000000000000000000000000000000
-78.9050071632469,0x2ab5aa942a952aa56aa96a8d2a8d2a8c40000000000000000000000000000000
-78.95696257020568,0x2ab5aa942a952aa56aa96a8d2a8d2a8c20000000000000000000000000000000
-78.90792779608087,0x2ab5aa942a952aa56aa96a8d2a8d2a8c30000000000000000000000000000000
-78.97758627176047,0x2ab5aa942a952aa56aa96a8d2a8d2a8c28000000000000000000000000000000
-78.93506395947803,0x2ab5aa942a952aa56aa96a8d2a8d2a8c2c000000000000000000000000000000
-79.00148245004507,0x2ab5aa942a952aa56aa96a8d2a8d2a8c2a000000000000000000000000000000
-78.95604717243206,0x2ab5aa942a952aa56aa96a8d2a8d2a8c2b000000000000000000000000000000
-79.04629978480992,0x2ab5aa942a952aa56aa96a8d2a8d2a8c2a800000000000000000000000000000
-78.98479269601248,0x2ab5aa942a952aa56aa96a8d2a8d2a8c2ac00000000000000000000000000000
-79.03048144330035,0x2ab5aa942a952aa56aa96a8d2a8d2a8c2aa00000000000000000000000000000
-79.01854253077245,0x2ab5aa942a952aa56aa96a8d2a8d2a8c2a900000000000000000000000000000
-79.05852545891608,0x2ab5aa942a952aa56aa96a8d2a8d2a8c2a880000000000000000000000000000
-79.085049014706,0x2ab5aa942a952aa56aa96a8d2a8d2a8c2a8c0000000000000000000000000000
-78.9835893933947,0x2ab5aa942a952aa56aa96a8d2a8d2a8c2a8e0000000000000000000000000000
-79.06251775873052,0x2ab5aa942a952aa56aa96a8d2a8d2a8c2a8d0000000000000000000000000000
-79.09820635907062,0x2ab5aa942a952aa56aa96a8d2a8d2a8c2a8c8000000000000000000000000000
-79.040252479759,0x2ab5aa942a952aa56aa96a8d2a8d2a8c2a8cc000000000000000000000000000
-79.13544817761584,0x2ab5aa942a952aa56aa96a8d2a8d2a8c2a8ca000000000000000000000000000
-79.07960473669397,0x2ab5aa942a952aa56aa96a8d2a8d2a8c2a8cb000000000000000000000000000
-79.16170696826367,0x2ab5aa942a952aa56aa96a8d2a8d2a8c2a8ca800000000000000000000000000
-79.1226120071335,0x2ab5aa942a952aa56aa96a8d2a8d2a8c2a8cac00000000000000000000000000
-79.18610771552666,0x2ab5aa942a952aa56aa96a8d2a8d2a8c2a8caa00000000000000000000000000
-79.10451502233119,0x2ab5aa942a952aa56aa96a8d2a8d2a8c2a8cab00000000000000000000000000
-79.20145050414673,0x2ab5aa942a952aa56aa96a8d2a8d2a8c2a8caa80000000000000000000000000
-79.19069648765542,0x2ab5aa942a952aa56aa96a8d2a8d2a8c2a8caac0000000000000000000000000
-79.20175053523137,0x2ab5aa942a952aa56aa96a8d2a8d2a8c2a8caaa0000000000000000000000000
-79.17170338816457,0x2ab5aa942a952aa56aa96a8d2a8d2a8c2a8caab0000000000000000000000000
-79.18254907933863,0x2ab5aa942a952aa56aa96a8d2a8d2a8c2a8caaa8000000000000000000000000
-79.25109210857502,0x2ab5aa942a952aa56aa96a8d2a8d2a8c2a8caaa4000000000000000000000000
-79.1846256237049,0x2ab5aa942a952aa56aa96a8d2a8d2a8c2a8caaa6000000000000000000000000
-79.26852418516542,0x2ab5aa942a952aa56aa96a8d2a8d2a8c2a8caaa5000000000000000000000000
-79.25461134019788,0x2ab5aa942a952aa56aa96a8d2a8d2a8c2a8caaa5800000000000000000000000
-79.19194360022301,0x2ab5aa942a952aa56aa96a8d2a8d2a8c2a8caaa5400000000000000000000000
-79.31684370164747,0x2ab5aa942a952aa56aa96a8d2a8d2a8c2a8caaa5200000000000000000000000
-79.262020076786,0x2ab5aa942a952aa56aa96a8d2a8d2a8c2a8caaa5300000000000000000000000
-79.34245386419,0x2ab5aa942a952aa56aa96a8d2a8d2a8c2a8caaa5280000000000000000000000
-79.30058054585795,0x2ab5aa942a952aa56aa96a8d2a8d2a8c2a8caaa52c0000000000000000000000
-79.37747838709143,0x2ab5aa942a952aa56aa96a8d2a8d2a8c2a8caaa52a0000000000000000000000
-79.28756735970329,0x2ab5aa942a952aa56aa96a8d2a8d2a8c2a8caaa52b0000000000000000000000
-79.39847136353636,0x2ab5aa942a952aa56aa96a8d2a8d2a8c2a8caaa52a8000000000000000000000
-79.42696984259636,0x2ab5aa942a952aa56aa96a8d2a8d2a8c2a8caaa52ac000000000000000000000
-79.42540552709009,0x2ab5aa942a952aa56aa96a8d2a8d2a8c2a8caaa52ae000000000000000000000
-79.39685088318664,0x2ab5aa942a952aa56aa96a8d2a8d2a8c2a8caaa52ad000000000000000000000
-79.40350177166583,0x2ab5aa942a952aa56aa96a8d2a8d2a8c2a8caaa52ac800000000000000000000
-79.47543141367909,0x2ab5aa942a952aa56aa96a8d2a8d2a8c2a8caaa52ac400000000000000000000
-79.42972550978075,0x2ab5aa942a952aa56aa96a8d2a8d2a8c2a8caaa52ac600000000000000000000
-79.49066625513159,0x2ab5aa942a952aa56aa96a8d2a8d2a8c2a8caaa52ac500000000000000000000
-79.47117874648545,0x2ab5aa942a952aa56aa96a8d2a8d2a8c2a8caaa52ac580000000000000000000
-79.47185640592318,0x2ab5aa942a952aa56aa96a8d2a8d2a8c2a8caaa52ac540000000000000000000
-79.53377112999306,0x2ab5aa942a952aa56aa96a8d2a8d2a8c2a8caaa52ac520000000000000000000
-79.47820966417616,0x2ab5aa942a952aa56aa96a8d2a8d2a8c2a8caaa52ac530000000000000000000
-79.53693839577171,0x2ab5aa942a952aa56aa96a8d2a8d2a8c2a8caaa52ac528000000000000000000
-79.51237389472101,0x2ab5aa942a952aa56aa96a8d2a8d2a8c2a8caaa52ac52c000000000000000000
-79.5914835439219,0x2ab5aa942a952aa56aa96a8d2a8d2a8c2a8caaa52ac52a000000000000000000
-79.51411474572791,0x2ab5aa942a952aa56aa96a8d2a8d2a8c2a8caaa52ac52b000000000000000000
-79.64566254210877,0x2ab5aa942a952aa56aa96a8d2a8d2a8c2a8caaa52ac52a800000000000000000
-79.63956855369972,0x2ab5aa942a952aa56aa96a8d2a8d2a8c2a8caaa52ac52ac00000000000000000
-79.59850391307911,0x2ab5aa942a952aa56aa96a8d2a8d2a8c2a8caaa52ac52aa00000000000000000
-79.63537401014513,0x2ab5aa942a952aa56aa96a8d2a8d2a8c2a8caaa52ac52a900000000000000000
-79.66866302490234,0x2ab5aa942a952aa56aa96a8d2a8d2a8c2a8caaa52ac52a880000000000000000
-79.67362453982784,0x2ab5aa942a952aa56aa96a8d2a8d2a8c2a8caaa52ac52a8c0000000000000000
-79.60636721219454,0x2ab5aa942a952aa56aa96a8d2a8d2a8c2a8caaa52ac52a8e0000000000000000
-79.66104568039383,0x2ab5aa942a952aa56aa96a8d2a8d2a8c2a8caaa52ac52a8d0000000000000000
-79.66125710837015,0x2ab5aa942a952aa56aa96a8d2a8d2a8c2a8caaa52ac52a8c8000000000000000
-79.66910344141942,0x2ab5aa942a952aa56aa96a8d2a8d2a8c2a8caaa52ac52a8c4000000000000000
-79.70761539028598,0x2ab5aa942a952aa56aa96a8d2a8d2a8c2a8caaa52ac52a8c2000000000000000
-79.67648162994233,0x2ab5aa942a952aa56aa96a8d2a8d2a8c2a8caaa52ac52a8c3000000000000000
-79.70603726412747,0x2ab5aa942a952aa56aa96a8d2a8d2a8c2a8caaa52ac52a8c2800000000000000
-79.69807757245196,0x2ab5aa942a952aa56aa96a8d2a8d2a8c2a8caaa52ac52a8c2400000000000000
-79.76608947845368,0x2ab5aa942a952aa56aa96a8d2a8d2a8c2a8caaa52ac52a8c2200000000000000
-79.70990371323013,0x2ab5aa942a952aa56aa96a8d2a8d2a8c2a8caaa52ac52a8c2300000000000000
-79.81874714793264,0x2ab5aa942a952aa56aa96a8d2a8d2a8c2a8caaa52ac52a8c2280000000000000
-79.8404513577243,0x2ab5aa942a952aa56aa96a8d2a8d2a8c2a8caaa52ac52a8c22c0000000000000
-79.79158928534844,0x2ab5aa942a952aa56aa96a8d2a8d2a8c2a8caaa52ac52a8c22e0000000000000
-79.86055102429309,0x2ab5aa942a952aa56aa96a8d2a8d2a8c2a8caaa52ac52a8c22d0000000000000
-79.86245688668022,0x2ab5aa942a952aa56aa96a8d2a8d2a8c2a8caaa52ac52a8c22d8000000000000
-79.85275727385408,0x2ab5aa942a952aa56aa96a8d2a8d2a8c2a8caaa52ac52a8c22dc000000000000
-79.78470116157037,0x2ab5aa942a952aa56aa96a8d2a8d2a8c2a8caaa52ac52a8c22da000000000000
-79.84799529693939,0x2ab5aa942a952aa56aa96a8d2a8d2a8c2a8caaa52ac52a8c22d9000000000000
-79.88124517389349,0x2ab5aa942a952aa56aa96a8d2a8d2a8c2a8caaa52ac52a8c22d8800000000000
-79.8200681078565,0x2ab5aa942a952aa56aa96a8d2a8d2a8c2a8caaa52ac52a8c22d8c00000000000
-79.91116155420507,0x2ab5aa942a952aa56aa96a8d2a8d2a8c2a8caaa52ac52a8c22d8a00000000000
-79.89683647041436,0x2ab5aa942a952aa56aa96a8d2a8d2a8c2a8caaa52ac52a8c22d8b00000000000
-79.9216689072646,0x2ab5aa942a952aa56aa96a8d2a8d2a8c2a8caaa52ac52a8c22d8a80000000000
-79.91171365255838,0x2ab5aa942a952aa56aa96a8d2a8d2a8c2a8caaa52ac52a8c22d8ac0000000000
-79.95361229804132,0x2ab5aa942a952aa56aa96a8d2a8d2a8c2a8caaa52ac52a8c22d8aa0000000000
-79.88131957001738,0x2ab5aa942a952aa56aa96a8d2a8d2a8c2a8caaa52ac52a8c22d8ab0000000000
-80.00718786523535,0x2ab5aa942a952aa56aa96a8d2a8d2a8c2a8caaa52ac52a8c22d8aa8000000000
-80.00279244223793,0x2ab5aa942a952aa56aa96a8d2a8d2a8c2a8caaa52ac52a8c22d8aac000000000
-79.94107324712641,0x2ab5aa942a952aa56aa96a8d2a8d2a8c2a8caaa52ac52a8c22d8aaa000000000
-80.0275932334877,0x2ab5aa942a952aa56aa96a8d2a8d2a8c2a8caaa52ac52a8c22d8aa9000000000
-79.98556584101934,0x2ab5aa942a952aa56aa96a8d2a8d2a8c2a8caaa52ac52a8c22d8aa9800000000
-80.06494755702062,0x2ab5aa942a952aa56aa96a8d2a8d2a8c2a8caaa52ac52a8c22d8aa9400000000
-80.03516445102748,0x2ab5aa942a952aa56aa96a8d2a8d2a8c2a8caaa52ac52a8c22d8aa9600000000
-80.0698064523977,0x2ab5aa942a952aa56aa96a8d2a8d2a8c2a8caaa52ac52a8c22d8aa9500000000
-80.13425818261328,0x2ab5aa942a952aa56aa96a8d2a8d2a8c2a8caaa52ac52a8c22d8aa9580000000
-79.98427450692618,0x2ab5aa942a952aa56aa96a8d2a8d2a8c2a8caaa52ac52a8c22d8aa95c0000000
-80.17541744754269,0x2ab5aa942a952aa56aa96a8d2a8d2a8c2a8caaa52ac52a8c22d8aa95a0000000
-80.1301770891462,0x2ab5aa942a952aa56aa96a8d2a8d2a8c2a8caaa52ac52a8c22d8aa95b0000000
-80.18152212929893,0x2ab5aa942a952aa56aa96a8d2a8d2a8c2a8caaa52ac52a8c22d8aa95a8000000
-80.17661555211146,0x2ab5aa942a952aa56aa96a8d2a8d2a8c2a8caaa52ac52a8c22d8aa95ac000000
-80.19869095748003,0x2ab5aa942a952aa56aa96a8d2a8d2a8c2a8caaa52ac52a8c22d8aa95aa000000
-80.13075465946407,0x2ab5aa942a952aa56aa96a8d2a8d2a8c2a8caaa52ac52a8c22d8aa95ab000000
-80.28778495369377,0x2ab5aa942a952aa56aa96a8d2a8d2a8c2a8caaa52ac52a8c22d8aa95aa800000
-80.28824818979848,0x2ab5aa942a952aa56aa96a8d2a8d2a8c2a8caaa52ac52a8c22d8aa95aac00000
-80.17543799584205,0x2ab5aa942a952aa56aa96a8d2a8d2a8c2a8caaa52ac52a8c22d8aa95aae00000
-80.30500734769382,0x2ab5aa942a952aa56aa96a8d2a8d2a8c2a8caaa52ac52a8c22d8aa95aad00000
-80.2041920176991,0x2ab5aa942a952aa56aa96a8d2a8d2a8c2a8caaa52ac52a8c22d8aa95aad80000
-80.36551353767082,0x2ab5aa942a952aa56aa96a8d2a8d2a8c2a8caaa52ac52a8c22d8aa95aad40000
-80.30528547380354,0x2ab5aa942a952aa56aa96a8d2a8d2a8c2a8caaa52ac52a8c22d8aa95aad60000
-80.355101952186,0x2ab5aa942a952aa56aa96a8d2a8d2a8c2a8caaa52ac52a8c22d8aa95aad50000
-80.37289504928665,0x2ab5aa942a952aa56aa96a8d2a8d2a8c2a8caaa52ac52a8c22d8aa95aad48000
-80.30003475833249,0x2ab5aa942a952aa56aa96a8d2a8d2a8c2a8caaa52ac52a8c22d8aa95aad4c000
-80.41541701858932,0x2ab5aa942a952aa56aa96a8d2a8d2a8c2a8caaa52ac52a8c22d8aa95aad4a000
-80.33229919342132,0x2ab5aa942a952aa56aa96a8d2a8d2a8c2a8caaa52ac52a8c22d8aa95aad4b000
-80.42768872820295,0x2ab5aa942a952aa56aa96a8d2a8d2a8c2a8caaa52ac52a8c22d8aa95aad4a800
-80.42531126862639,0x2ab5aa942a952aa56aa96a8d2a8d2a8c2a8caaa52ac52a8c22d8aa95aad4ac00
-80.43745709704115,0x2ab5aa942a952aa56aa96a8d2a8d2a8c2a8caaa52ac52a8c22d8aa95aad4aa00
-80.44187863223202,0x2ab5aa942a952aa56aa96a8d2a8d2a8c2a8caaa52ac52a8c22d8aa95aad4ab00
-80.47981650917441,0x2ab5aa942a952aa56aa96a8d2a8d2a8c2a8caaa52ac52a8c22d8aa95aad4ab80
-80.38844289408101,0x2ab5aa942a952aa56aa96a8d2a8d2a8c2a8caaa52ac52a8c22d8aa95aad4abc0
-80.42074834955083,0x2ab5aa942a952aa56aa96a8d2a8d2a8c2a8caaa52ac52a8c22d8aa95aad4aba0
-80.47888549438842,0x2ab5aa942a952aa56aa96a8d2a8d2a8c2a8caaa52ac52a8c22d8aa95aad4ab90
-80.43524315497734,0x2ab5aa942a952aa56aa96a8d2a8d2a8c2a8caaa52ac52a8c22d8aa95aad4ab88
-80.53737096186285,0x2ab5aa942a952aa56aa96a8d2a8d2a8c2a8caaa52ac52a8c22d8aa95aad4ab84
-80.42723939421174,0x2ab5aa942a952aa56aa96a8d2a8d2a8c2a8caaa52ac52a8c22d8aa95aad4ab86
-80.5016534445169,0x2ab5aa942a952aa56aa96a8d2a8d2a8c2a8caaa52ac52a8c22d8aa95aad4ab85
-77.31370389711607,0x0000000000000000000000000000000000000000000000000000000000000000
-77.30648912702289,0x8000000000000000000000000000000000000000000000000000000000000000
-77.29967559753479,0xc000000000000000000000000000000000000000000000000000000000000000
-77.3071828760229,0xe000000000000000000000000000000000000000000000000000000000000000
-77.30121056921594,0xd000000000000000000000000000000000000000000000000000000000000000
-77.30901654497846,0xc800000000000000000000000000000000000000000000000000000000000000
-77.30107747019827,0xc400000000000000000000000000000000000000000000000000000000000000
-77.33688335437756,0xc200000000000000000000000000000000000000000000000000000000000000
-77.26391101574207,0xc100000000000000000000000000000000000000000000000000000000000000
-77.32830011022912,0xc180000000000000000000000000000000000000000000000000000000000000
-77.21135224638643,0xc140000000000000000000000000000000000000000000000000000000000000
-77.24945442588418,0xc160000000000000000000000000000000000000000000000000000000000000
-77.23791912433269,0xc150000000000000000000000000000000000000000000000000000000000000
-77.18389786635484,0xc148000000000000000000000000000000000000000000000000000000000000
-77.21922192492566,0xc14c000000000000000000000000000000000000000000000000000000000000
-77.15930667385592,0xc14a000000000000000000000000000000000000000000000000000000000000
-77.187455961397,0xc14b000000000000000000000000000000000000000000000000000000000000
-77.1659231576529,0xc14a800000000000000000000000000000000000000000000000000000000000
-77.11145711588216,0xc14a400000000000000000000000000000000000000000000000000000000000
-77.15394025225262,0xc14a600000000000000000000000000000000000000000000000000000000000
-77.09135331069078,0xc14a500000000000000000000000000000000000000000000000000000000000
-77.1226236989329,0xc14a580000000000000000000000000000000000000000000000000000000000
-77.06935477852225,0xc14a540000000000000000000000000000000000000000000000000000000000
-77.10490631652283,0xc14a560000000000000000000000000000000000000000000000000000000000
-77.0125594772659,0xc14a550000000000000000000000000000000000000000000000000000000000
-77.12163017798852,0xc14a558000000000000000000000000000000000000000000000000000000000
-76.99150365930456,0xc14a554000000000000000000000000000000000000000000000000000000000
-76.99498625306578,0xc14a556000000000000000000000000000000000000000000000000000000000
-77.02112971867,0xc14a555000000000000000000000000000000000000000000000000000000000
-76.94583210673603,0xc14a554800000000000000000000000000000000000000000000000000000000
-77.0155014205765,0xc14a554c00000000000000000000000000000000000000000000000000000000
-76.91799053302654,0xc14a554a00000000000000000000000000000000000000000000000000000000
-76.93894678777033,0xc14a554b00000000000000000000000000000000000000000000000000000000
-76.90140592897093,0xc14a554a80000000000000000000000000000000000000000000000000000000
-76.86688254525016,0xc14a554ac0000000000000000000000000000000000000000000000000000000
-76.91257146021702,0xc14a554ae0000000000000000000000000000000000000000000000000000000
-76.84393835687018,0xc14a554ad0000000000000000000000000000000000000000000000000000000
-76.89303242076527,0xc14a554ad8000000000000000000000000000000000000000000000000000000
-76.8381918145941,0xc14a554ad4000000000000000000000000000000000000000000000000000000
-76.85367871569349,0xc14a554ad6000000000000000000000000000000000000000000000000000000
-76.77860088519878,0xc14a554ad5000000000000000000000000000000000000000000000000000000
-76.87631339150352,0xc14a554ad5800000000000000000000000000000000000000000000000000000
-76.77083469509006,0xc14a554ad5400000000000000000000000000000000000000000000000000000
-76.76863361095691,0xc14a554ad5600000000000000000000000000000000000000000000000000000
-76.76878078738888,0xc14a554ad5700000000000000000000000000000000000000000000000000000
-76.72722053337287,0xc14a554ad5680000000000000000000000000000000000000000000000000000
-76.77995600590816,0xc14a554ad56c0000000000000000000000000000000000000000000000000000
-76.69830706402972,0xc14a554ad56a0000000000000000000000000000000000000000000000000000
-76.73708537861064,0xc14a554ad56b0000000000000000000000000000000000000000000000000000
-76.66690228869031,0xc14a554ad56a8000000000000000000000000000000000000000000000000000
-76.68343387569462,0xc14a554ad56ac000000000000000000000000000000000000000000000000000
-76.68855239151718,0xc14a554ad56aa000000000000000000000000000000000000000000000000000
-76.63978667359252,0xc14a554ad56a9000000000000000000000000000000000000000000000000000
-76.69351115498272,0xc14a554ad56a9800000000000000000000000000000000000000000000000000
-76.61839208307562,0xc14a554ad56a9400000000000000000000000000000000000000000000000000
-76.64552259111738,0xc14a554ad56a9600000000000000000000000000000000000000000000000000
-76.58448547607178,0xc14a554ad56a9500000000000000000000000000000000000000000000000000
-76.66452867048723,0xc14a554ad56a9580000000000000000000000000000000000000000000000000
-76.58532607376755,0xc14a554ad56a9540000000000000000000000000000000000000000000000000
-76.60740453546697,0xc14a554ad56a9520000000000000000000000000000000000000000000000000
-76.56999192823778,0xc14a554ad56a9510000000000000000000000000000000000000000000000000
-76.58053419663833,0xc14a554ad56a9518000000000000000000000000000000000000000000000000
-76.61716763003842,0xc14a554ad56a9514000000000000000000000000000000000000000000000000
-76.53926119961581,0xc14a554ad56a9512000000000000000000000000000000000000000000000000
-76.59219705617869,0xc14a554ad56a9513000000000000000000000000000000000000000000000000
-76.53490846616762,0xc14a554ad56a9512800000000000000000000000000000000000000000000000
-76.5390667529492,0xc14a554ad56a9512c00000000000000000000000000000000000000000000000
-76.5519057358657,0xc14a554ad56a9512a00000000000000000000000000000000000000000000000
-76.52955391928629,0xc14a554ad56a9512900000000000000000000000000000000000000000000000
-76.5692156049517,0xc14a554ad56a9512980000000000000000000000000000000000000000000000
-76.50302942601832,0xc14a554ad56a9512940000000000000000000000000000000000000000000000
-76.5423322938658,0xc14a554ad56a9512960000000000000000000000000000000000000000000000
-76.4825913984697,0xc14a554ad56a9512950000000000000000000000000000000000000000000000
-76.55968623204188,0xc14a554ad56a9512958000000000000000000000000000000000000000000000
-76.48012294254818,0xc14a554ad56a9512954000000000000000000000000000000000000000000000
-76.49392361026425,0xc14a554ad56a9512956000000000000000000000000000000000000000000000
-76.46070610297905,0xc14a554ad56a9512955000000000000000000000000000000000000000000000
-76.48277890170132,0xc14a554ad56a9512955800000000000000000000000000000000000000000000
-76.48260442407934,0xc14a554ad56a9512955400000000000000000000000000000000000000000000
-76.39316686121495,0xc14a554ad56a9512955200000000000000000000000000000000000000000000
-76.44961810040546,0xc14a554ad56a9512955300000000000000000000000000000000000000000000
-76.40187450793835,0xc14a554ad56a9512955280000000000000000000000000000000000000000000
-76.38546748356625,0xc14a554ad56a9512955240000000000000000000000000000000000000000000
-76.38946991271668,0xc14a554ad56a9512955260000000000000000000000000000000000000000000
-76.37368955812254,0xc14a554ad56a9512955250000000000000000000000000000000000000000000
-76.42270911918892,0xc14a554ad56a9512955258000000000000000000000000000000000000000000
-76.33900171941096,0xc14a554ad56a9512955254000000000000000000000000000000000000000000
-76.37570444996898,0xc14a554ad56a9512955256000000000000000000000000000000000000000000
-76.30116174413965,0xc14a554ad56a9512955255000000000000000000000000000000000000000000
-76.36166998437353,0xc14a554ad56a9512955255800000000000000000000000000000000000000000
-76.29724562394392,0xc14a554ad56a9512955255400000000000000000000000000000000000000000
-76.28374231969202,0xc14a554ad56a9512955255600000000000000000000000000000000000000000
-76.27116349836687,0xc14a554ad56a9512955255700000000000000000000000000000000000000000
-76.27460593300742,0xc14a554ad56a9512955255780000000000000000000000000000000000000000
-76.30124854088783,0xc14a554ad56a9512955255740000000000000000000000000000000000000000
-76.2332172755833,0xc14a554ad56a9512955255720000000000000000000000000000000000000000
-76.2987937660484,0xc14a554ad56a9512955255730000000000000000000000000000000000000000
-76.21956819730562,0xc14a554ad56a9512955255728000000000000000000000000000000000000000
-76.21953153657866,0xc14a554ad56a951295525572c000000000000000000000000000000000000000
-76.23738065370908,0xc14a554ad56a951295525572e000000000000000000000000000000000000000
-76.2095677835958,0xc14a554ad56a951295525572d000000000000000000000000000000000000000
-76.24237129905008,0xc14a554ad56a951295525572d800000000000000000000000000000000000000
-76.15868049949319,0xc14a554ad56a951295525572d400000000000000000000000000000000000000
-76.20628628268705,0xc14a554ad56a951295525572d600000000000000000000000000000000000000
-76.12244627168486,0xc14a554ad56a951295525572d500000000000000000000000000000000000000
-76.20424600271555,0xc14a554ad56a951295525572d580000000000000000000000000000000000000
-76.10778298697153,0xc14a554ad56a951295525572d540000000000000000000000000000000000000
-76.10692896733394,0xc14a554ad56a951295525572d560000000000000000000000000000000000000
-76.0969524783688,0xc14a554ad56a951295525572d570000000000000000000000000000000000000
-76.08229526058658,0xc14a554ad56a951295525572d578000000000000000000000000000000000000
-76.1160368562102,0xc14a554ad56a951295525572d57c000000000000000000000000000000000000
-76.05959652377652,0xc14a554ad56a951295525572d57a000000000000000000000000000000000000
-76.10522598891588,0xc14a554ad56a951295525572d57b000000000000000000000000000000000000
-76.0264075066779,0xc14a554ad56a951295525572d57a800000000000000000000000000000000000
-76.05074120520592,0xc14a554ad56a951295525572d57ac00000000000000000000000000000000000
-76.0705529745523,0xc14a554ad56a951295525572d57aa00000000000000000000000000000000000
-76.01135151012318,0xc14a554ad56a951295525572d57a900000000000000000000000000000000000
-76.03776798000584,0xc14a554ad56a951295525572d57a980000000000000000000000000000000000
-75.97530563918504,0xc14a554ad56a951295525572d57a940000000000000000000000000000000000
-76.02569214995209,0xc14a554ad56a951295525572d57a960000000000000000000000000000000000
-75.94291134433193,0xc14a554ad56a951295525572d57a950000000000000000000000000000000000
-76.04335260534144,0xc14a554ad56a951295525572d57a958000000000000000000000000000000000
-75.91950126747032,0xc14a554ad56a951295525572d57a954000000000000000000000000000000000
-75.91904638482855,0xc14a554ad56a951295525572d57a956000000000000000000000000000000000
-75.89702837140887,0xc14a554ad56a951295525572d57a957000000000000000000000000000000000
-75.90740448516327,0xc14a554ad56a951295525572d57a957800000000000000000000000000000000
-75.95304532198759,0xc14a554ad56a951295525572d57a957400000000000000000000000000000000
-75.86137514371615,0xc14a554ad56a951295525572d57a957200000000000000000000000000000000
-75.88030216243718,0xc14a554ad56a951295525572d57a957300000000000000000000000000000000
-75.85364396803148,0xc14a554ad56a951295525572d57a957280000000000000000000000000000000
-75.82338321316135,0xc14a554ad56a951295525572d57a9572c0000000000000000000000000000000
-75.85282580121294,0xc14a554ad56a951295525572d57a9572e0000000000000000000000000000000
-75.8017226989929,0xc14a554ad56a951295525572d57a9572d0000000000000000000000000000000
-75.81739545702101,0xc14a554ad56a951295525572d57a9572d8000000000000000000000000000000
-75.78015871457644,0xc14a554ad56a951295525572d57a9572d4000000000000000000000000000000
-75.80371164632487,0xc14a554ad56a951295525572d57a9572d6000000000000000000000000000000
-75.7463582864889,0xc14a554ad56a951295525572d57a9572d5000000000000000000000000000000
-75.81175955239829,0xc14a554ad56a951295525572d57a9572d5800000000000000000000000000000
-75.7298173551912,0xc14a554ad56a951295525572d57a9572d5400000000000000000000000000000
-75.73480079795692,0xc14a554ad56a951295525572d57a9572d5600000000000000000000000000000
-75.70460219864364,0xc14a554ad56a951295525572d57a9572d5500000000000000000000000000000
-75.71521019721246,0xc14a554ad56a951295525572d57a9572d5580000000000000000000000000000
-75.75245504160146,0xc14a554ad56a951295525572d57a9572d5540000000000000000000000000000
-75.67323021979242,0xc14a554ad56a951295525572d57a9572d5520000000000000000000000000000
-75.67721095737758,0xc14a554ad56a951295525572d57a9572d5530000000000000000000000000000
-75.6716249525011,0xc14a554ad56a951295525572d57a9572d5528000000000000000000000000000
-75.64789196399303,0xc14a554ad56a951295525572d57a9572d552c000000000000000000000000000
-75.68593621801782,0xc14a554ad56a951295525572d57a9572d552e000000000000000000000000000
-75.62020352694181,0xc14a554ad56a951295525572d57a9572d552d000000000000000000000000000
-75.65161333265124,0xc14a554ad56a951295525572d57a9572d552d800000000000000000000000000
-75.60335187121228,0xc14a554ad56a951295525572d57a9572d552d400000000000000000000000000
-75.62587962879405,0xc14a554ad56a951295525572d57a9572d552d600000000000000000000000000
-75.56977933413023,0xc14a554ad56a951295525572d57a9572d552d500000000000000000000000000
-75.61269121808367,0xc14a554ad56a951295525572d57a9572d552d580000000000000000000000000
-75.5758682540604,0xc14a554ad56a951295525572d57a9572d552d540000000000000000000000000
-75.55627798105215,0xc14a554ad56a951295525572d57a9572d552d520000000000000000000000000
-75.54380294540664,0xc14a554ad56a951295525572d57a9572d552d530000000000000000000000000
-75.52620986648849,0xc14a554ad56a951295525572d57a9572d552d538000000000000000000000000
-75.5524981533969,0xc14a554ad56a951295525572d57a9572d552d53c000000000000000000000000
-75.50028700547499,0xc14a554ad56a951295525572d57a9572d552d53a000000000000000000000000
-75.52609804746035,0xc14a554ad56a951295525572d57a9572d552d53b000000000000000000000000
-75.48227392114721,0xc14a554ad56a951295525572d57a9572d552d53a800000000000000000000000
-75.45446666065868,0xc14a554ad56a951295525572d57a9572d552d53ac00000000000000000000000
-75.51533787257664,0xc14a554ad56a951295525572d57a9572d552d53ae00000000000000000000000
-75.44333016074502,0xc14a554ad56a951295525572d57a9572d552d53ad00000000000000000000000
-75.46465054568235,0xc14a554ad56a951295525572d57a9572d552d53ad80000000000000000000000
-75.416248965573,0xc14a554ad56a951295525572d57a9572d552d53ad40000000000000000000000
-75.44503300197117,0xc14a554ad56a951295525572d57a9572d552d53ad60000000000000000000000
-75.38708034214321,0xc14a554ad56a951295525572d57a9572d552d53ad50000000000000000000000
-75.42117552704863,0xc14a554ad56a951295525572d57a9572d552d53ad58000000000000000000000
-75.41226048426671,0xc14a554ad56a951295525572d57a9572d552d53ad54000000000000000000000
-75.37913848541595,0xc14a554ad56a951295525572d57a9572d552d53ad52000000000000000000000
-75.36144470001435,0xc14a554ad56a951295525572d57a9572d552d53ad53000000000000000000000
-75.36414624499037,0xc14a554ad56a951295525572d57a9572d552d53ad53800000000000000000000
-75.40290336342125,0xc14a554ad56a951295525572d57a9572d552d53ad53400000000000000000000
-75.34119666039527,0xc14a554ad56a951295525572d57a9572d552d53ad53200000000000000000000
-75.3600762259591,0xc14a554ad56a951295525572d57a9572d552d53ad53300000000000000000000
-75.32092282869718,0xc14a554ad56a951295525572d57a9572d552d53ad53280000000000000000000
-75.32107031762183,0xc14a554ad56a951295525572d57a9572d552d53ad532c0000000000000000000
-75.36398986907868,0xc14a554ad56a951295525572d57a9572d552d53ad532a0000000000000000000
-75.30236618240158,0xc14a554ad56a951295525572d57a9572d552d53ad53290000000000000000000
-75.32208490514613,0xc14a554ad56a951295525572d57a9572d552d53ad53298000000000000000000
-75.29398921391109,0xc14a554ad56a951295525572d57a9572d552d53ad53294000000000000000000
-75.348657766184,0xc14a554ad56a951295525572d57a9572d552d53ad53296000000000000000000
-75.27056022743126,0xc14a554ad56a951295525572d57a9572d552d53ad53295000000000000000000
-75.32262573089751,0xc14a554ad56a951295525572d57a9572d552d53ad53295800000000000000000
-75.28763414929797,0xc14a554ad56a951295525572d57a9572d552d53ad53295400000000000000000
-75.24344987897844,0xc14a554ad56a951295525572d57a9572d552d53ad53295200000000000000000
-75.23801599706447,0xc14a554ad56a951295525572d57a9572d552d53ad53295300000000000000000
-75.25257763019451,0xc14a554ad56a951295525572d57a9572d552d53ad53295380000000000000000
-75.27198873056875,0xc14a554ad56a951295525572d57a9572d552d53ad53295340000000000000000
-75.20607370382304,0xc14a554ad56a951295525572d57a9572d552d53ad53295320000000000000000
-75.21347280649039,0xc14a554ad56a951295525572d57a9572d552d53ad53295330000000000000000
-75.20255914434686,0xc14a554ad56a951295525572d57a9572d552d53ad53295328000000000000000
-75.17895139680876,0xc14a554ad56a951295525572d57a9572d552d53ad5329532c000000000000000
-75.20358459289734,0xc14a554ad56a951295525572d57a9572d552d53ad5329532e000000000000000
-75.17870278220315,0xc14a554ad56a951295525572d57a9572d552d53ad5329532d000000000000000
-75.18151857755282,0xc14a554ad56a951295525572d57a9572d552d53ad5329532d800000000000000
-75.16720838670606,0xc14a554ad56a951295525572d57a9572d552d53ad5329532d400000000000000
-75.21070585146055,0xc14a554ad56a951295525572d57a9572d552d53ad5329532d600000000000000
-75.1482194334596,0xc14a554ad56a951295525572d57a9572d552d53ad5329532d500000000000000
-75.20445393991994,0xc14a554ad56a951295525572d57a9572d552d53ad5329532d580000000000000
-75.16563077120634,0xc14a554ad56a951295525572d57a9572d552d53ad5329532d540000000000000
-75.12789555720158,0xc14a554ad56a951295525572d57a9572d552d53ad5329532d520000000000000
-75.14898337898674,0xc14a554ad56a951295525572d57a9572d552d53ad5329532d530000000000000
-75.12561297345233,0xc14a554ad56a951295525572d57a9572d552d53ad5329532d528000000000000
-75.12902290123206,0xc14a554ad56a951295525572d57a9572d552d53ad5329532d52c000000000000
-75.10147651115975,0xc14a554ad56a951295525572d57a9572d552d53ad5329532d52a000000000000
-75.1178388948088,0xc14a554ad56a951295525572d57a9572d552d53ad5329532d52b000000000000
-75.11417592417348,0xc14a554ad56a951295525572d57a9572d552d53ad5329532d52a800000000000
-75.06955224341088,0xc14a554ad56a951295525572d57a9572d552d53ad5329532d52a400000000000
-75.09855311924403,0xc14a554ad56a951295525572d57a9572d552d53ad5329532d52a600000000000
-75.07574658770184,0xc14a554ad56a951295525572d57a9572d552d53ad5329532d52a500000000000
-75.07207293134113,0xc14a554ad56a951295525572d57a9572d552d53ad5329532d52a480000000000
-75.06347154737352,0xc14a554ad56a951295525572d57a9572d552d53ad5329532d52a440000000000
-75.08622329361313,0xc14a554ad56a951295525572d57a9572d552d53ad5329532d52a460000000000
-75.02437577833544,0xc14a554ad56a951295525572d57a9572d552d53ad5329532d52a450000000000
-75.09652378413823,0xc14a554ad56a951295525572d57a9572d552d53ad5329532d52a458000000000
-75.0746329704841,0xc14a554ad56a951295525572d57a9572d552d53ad5329532d52a454000000000
-74.98437948160239,0xc14a554ad56a951295525572d57a9572d552d53ad5329532d52a452000000000
-75.01202708119517,0xc14a554ad56a951295525572d57a9572d552d53ad5329532d52a453000000000
-74.98209652438626,0xc14a554ad56a951295525572d57a9572d552d53ad5329532d52a452800000000
-75.00123977280045,0xc14a554ad56a951295525572d57a9572d552d53ad5329532d52a452c00000000
-74.9729725459477,0xc14a554ad56a951295525572d57a9572d552d53ad5329532d52a452a00000000
-74.98264902669352,0xc14a554ad56a951295525572d57a9572d552d53ad5329532d52a452b00000000
-75.00861904361507,0xc14a554ad56a951295525572d57a9572d552d53ad5329532d52a452a80000000
-74.91514755843522,0xc14a554ad56a951295525572d57a9572d552d53ad5329532d52a452a40000000
-74.97533844329499,0xc14a554ad56a951295525572d57a9572d552d53ad5329532d52a452a60000000
-74.91818722049435,0xc14a554ad56a951295525572d57a9572d552d53ad5329532d52a452a50000000
-74.91607886284858,0xc14a554ad56a951295525572d57a9572d552d53ad5329532d52a452a48000000
-74.90035644897095,0xc14a554ad56a951295525572d57a9572d552d53ad5329532d52a452a44000000
-74.91997755205,0xc14a554ad56a951295525572d57a9572d552d53ad5329532d52a452a46000000
-74.87318152123756,0xc14a554ad56a951295525572d57a9572d552d53ad5329532d52a452a45000000
-74.95085212638924,0xc14a554ad56a951295525572d57a9572d552d53ad5329532d52a452a45800000
-74.90097724236213,0xc14a554ad56a951295525572d57a9572d552d53ad5329532d52a452a45400000
-74.83292625953149,0xc14a554ad56a951295525572d57a9572d552d53ad5329532d52a452a45200000
-74.85553269667345,0xc14a554ad56a951295525572d57a9572d552d53ad5329532d52a452a45300000
-74.79639456917594,0xc14a554ad56a951295525572d57a9572d552d53ad5329532d52a452a45280000
-74.85175541469029,0xc14a554ad56a951295525572d57a9572d552d53ad5329532d52a452a452c0000
-74.78432579688378,0xc14a554ad56a951295525572d57a9572d552d53ad5329532d52a452a452a0000
-74.77197330410068,0xc14a554ad56a951295525572d57a9572d552d53ad5329532d52a452a452b0000
-74.78249458213905,0xc14a554ad56a951295525572d57a9572d552d53ad5329532d52a452a452b8000
-74.73759176919272,0xc14a554ad56a951295525572d57a9572d552d53ad5329532d52a452a452b4000
-74.79238569962752,0xc14a554ad56a951295525572d57a9572d552d53ad5329532d52a452a452b6000
-74.73453627671157,0xc14a554ad56a951295525572d57a9572d552d53ad5329532d52a452a452b5000
-74.74602329433262,0xc14a554ad56a951295525572d57a9572d552d53ad5329532d52a452a452b5800
-74.73047160054301,0xc14a554ad56a951295525572d57a9572d552d53ad5329532d52a452a452b5400
-74.74555777931785,0xc14a554ad56a951295525572d57a9572d552d53ad5329532d52a452a452b5600
-74.72610964474978,0xc14a554ad56a951295525572d57a9572d552d53ad5329532d52a452a452b5500
-74.76760154670768,0xc14a554ad56a951295525572d57a9572d552d53ad5329532d52a452a452b5580
-74.71657345797513,0xc14a554ad56a951295525572d57a9572d552d53ad5329532d52a452a452b5540
-74.71469882961277,0xc14a554ad56a951295525572d57a9572d552d53ad5329532d52a452a452b5560
-74.7163314209594,0xc14a554ad56a951295525572d57a9572d552d53ad5329532d52a452a452b5570
-74.69314341206889,0xc14a554ad56a951295525572d57a9572d552d53ad5329532d52a452a452b5568
-74.74618842766121,0xc14a554ad56a951295525572d57a9572d552d53ad5329532d52a452a452b556c
-74.66912595613614,0xc14a554ad56a951295525572d57a9572d552d53ad5329532d52a452a452b556a
-74.68277408169223,0xc14a554ad56a951295525572d57a9572d552d53ad5329532d52a452a452b556b
